{
"type": "FeatureCollection",
"name": "Circuit Est",
"crs": { "type": "name", "properties": { "name": "urn:ogc:def:crs:OGC:1.3:CRS84" } },
"features": [
{ "type": "Feature", "properties": { "begin": "0", "end": "27142" }, "geometry": { "type": "MultiLineString", "coordinates": [ [ [ 47.4789246, -18.8015924, 1266.1 ], [ 47.478404, -18.8015208, 1265.2 ], [ 47.4784282, -18.8015996, 1265.5 ], [ 47.4784577, -18.801696, 1266.0 ], [ 47.478506, -18.8018611, 1267.0 ], [ 47.4785542, -18.8020236, 1267.5 ], [ 47.4785891, -18.8020566, 1267.6 ], [ 47.479021, -18.8023613, 1268.8 ], [ 47.4790344, -18.8024121, 1269.0 ], [ 47.479021, -18.8024578, 1269.2 ], [ 47.4789914, -18.8025111, 1268.8 ], [ 47.47897, -18.802572, 1269.2 ], [ 47.4789271, -18.8026279, 1269.8 ], [ 47.4788198, -18.8027777, 1270.5 ], [ 47.4788895, -18.8028234, 1271.0 ], [ 47.4796352, -18.8033109, 1273.2 ], [ 47.4796727, -18.8033363, 1273.3 ], [ 47.4800214, -18.80358, 1274.2 ], [ 47.4800885, -18.8036308, 1274.0 ], [ 47.4801958, -18.8037273, 1274.0 ], [ 47.4802467, -18.8037705, 1273.6 ], [ 47.4802735, -18.8037933, 1273.6 ], [ 47.4803057, -18.803806, 1273.6 ], [ 47.4803433, -18.8038035, 1273.5 ], [ 47.4803728, -18.8037857, 1273.5 ], [ 47.4803942, -18.8037603, 1273.2 ], [ 47.4804023, -18.8037298, 1273.0 ], [ 47.4805096, -18.8036105, 1272.2 ], [ 47.4805713, -18.803542, 1272.0 ], [ 47.4806705, -18.803481, 1271.2 ], [ 47.4807563, -18.8033947, 1270.5 ], [ 47.4808878, -18.8032068, 1268.8 ], [ 47.4809709, -18.8029859, 1267.2 ], [ 47.4810138, -18.8027421, 1266.8 ], [ 47.4810299, -18.8025289, 1266.5 ], [ 47.4810433, -18.8022648, 1267.5 ], [ 47.4810755, -18.8021455, 1267.8 ], [ 47.4811453, -18.802016, 1267.9 ], [ 47.4813116, -18.8018662, 1268.0 ], [ 47.4814323, -18.8018103, 1267.9 ], [ 47.4815637, -18.8017976, 1267.9 ], [ 47.4817139, -18.8018078, 1267.8 ], [ 47.4819204, -18.8018865, 1267.8 ], [ 47.4820626, -18.801983, 1267.2 ], [ 47.4826366, -18.8026076, 1263.8 ], [ 47.4828404, -18.8027523, 1262.8 ], [ 47.4830577, -18.8028336, 1263.2 ], [ 47.4833313, -18.8028615, 1264.0 ], [ 47.4835619, -18.8028412, 1264.5 ], [ 47.4839187, -18.8027777, 1266.2 ], [ 47.4841118, -18.8027777, 1267.0 ], [ 47.4843532, -18.8028488, 1267.2 ], [ 47.4845195, -18.8029529, 1267.0 ], [ 47.4846402, -18.8030697, 1266.8 ], [ 47.4847153, -18.8031865, 1266.2 ], [ 47.4848548, -18.8034734, 1265.2 ], [ 47.484946, -18.8036562, 1264.8 ], [ 47.4849996, -18.8037375, 1264.5 ], [ 47.4851418, -18.8038644, 1264.6 ], [ 47.4853778, -18.8040041, 1264.8 ], [ 47.4857292, -18.8041462, 1266.0 ], [ 47.4862978, -18.8043494, 1266.5 ], [ 47.487148, -18.8046007, 1266.2 ], [ 47.487604, -18.8045601, 1267.5 ], [ 47.4879447, -18.8044738, 1268.5 ], [ 47.488296, -18.804456, 1268.8 ], [ 47.4886635, -18.8045296, 1268.0 ], [ 47.4891651, -18.8047531, 1266.0 ], [ 47.4895728, -18.804814, 1265.7 ], [ 47.4900851, -18.8047785, 1265.2 ], [ 47.4906081, -18.804649, 1264.5 ], [ 47.4914289, -18.8044484, 1263.0 ], [ 47.4917346, -18.8044052, 1262.0 ], [ 47.4920082, -18.804423, 1261.0 ], [ 47.492196, -18.8044382, 1260.2 ], [ 47.492381, -18.8044839, 1259.8 ], [ 47.4924695, -18.8045093, 1259.7 ], [ 47.4926519, -18.8045728, 1259.4 ], [ 47.4928156, -18.804649, 1259.2 ], [ 47.4929684, -18.8047378, 1258.8 ], [ 47.493124, -18.8048546, 1258.2 ], [ 47.4932823, -18.8049917, 1257.8 ], [ 47.493521, -18.8052787, 1257.0 ], [ 47.4936578, -18.8055808, 1256.5 ], [ 47.4941084, -18.8068325, 1256.3 ], [ 47.494272, -18.8072464, 1256.2 ], [ 47.4943364, -18.8074165, 1256.8 ], [ 47.4945509, -18.807904, 1256.2 ], [ 47.4948835, -18.8086124, 1255.0 ], [ 47.4950391, -18.8088815, 1255.4 ], [ 47.4951571, -18.809077, 1255.8 ], [ 47.4952805, -18.809209, 1255.7 ], [ 47.4955514, -18.8094325, 1255.5 ], [ 47.4959806, -18.8095899, 1254.0 ], [ 47.496289, -18.8096254, 1253.0 ], [ 47.4968845, -18.809567, 1252.0 ], [ 47.4972975, -18.8094528, 1249.0 ], [ 47.4977723, -18.8093461, 1248.5 ], [ 47.498306, -18.8092319, 1248.0 ], [ 47.4989873, -18.8090821, 1247.5 ], [ 47.4997973, -18.8089247, 1247.0 ], [ 47.5009882, -18.8087114, 1247.2 ], [ 47.5068381, -18.8076806, 1246.1 ], [ 47.5072834, -18.8076247, 1246.0 ], [ 47.5075355, -18.8076399, 1246.1 ], [ 47.5077072, -18.8076577, 1246.2 ], [ 47.5078976, -18.8076907, 1247.0 ], [ 47.5080746, -18.807739, 1247.2 ], [ 47.5082329, -18.8078024, 1247.1 ], [ 47.5085011, -18.807937, 1246.8 ], [ 47.508705, -18.8080589, 1246.5 ], [ 47.508941, -18.8082417, 1246.2 ], [ 47.5091717, -18.8084753, 1246.1 ], [ 47.5094667, -18.8088231, 1246.0 ], [ 47.5104752, -18.810052, 1243.5 ], [ 47.5108802, -18.8105496, 1244.2 ], [ 47.5112504, -18.8110092, 1246.0 ], [ 47.5116876, -18.8115474, 1246.5 ], [ 47.5119236, -18.8118572, 1246.9 ], [ 47.5121623, -18.8121441, 1247.2 ], [ 47.5124332, -18.8124589, 1248.0 ], [ 47.5126961, -18.8127204, 1248.2 ], [ 47.5129482, -18.8129464, 1249.2 ], [ 47.5131896, -18.8131469, 1249.1 ], [ 47.5135276, -18.8133881, 1248.8 ], [ 47.5141498, -18.8137893, 1248.3 ], [ 47.5145924, -18.8140762, 1248.0 ], [ 47.5149947, -18.8143707, 1248.0 ], [ 47.5152415, -18.8147007, 1249.0 ], [ 47.5152576, -18.8147388, 1249.0 ], [ 47.5152871, -18.8147718, 1249.0 ], [ 47.5153783, -18.8149343, 1249.0 ], [ 47.5155285, -18.8152136, 1249.0 ], [ 47.5156143, -18.8155386, 1248.5 ], [ 47.5156707, -18.8159194, 1248.0 ], [ 47.515735, -18.8163028, 1248.0 ], [ 47.5157484, -18.8164856, 1248.0 ], [ 47.515853, -18.8177169, 1248.0 ], [ 47.5158557, -18.8177575, 1248.0 ], [ 47.5158852, -18.817981, 1248.0 ], [ 47.5158906, -18.8180393, 1248.0 ], [ 47.5160864, -18.8198216, 1247.2 ], [ 47.5160971, -18.820502, 1247.8 ], [ 47.5158933, -18.8213652, 1247.8 ], [ 47.5148955, -18.8239903, 1248.0 ], [ 47.513769, -18.8266102, 1247.0 ], [ 47.5130501, -18.8284737, 1247.8 ], [ 47.5129321, -18.8289408, 1248.0 ], [ 47.5128222, -18.8294028, 1247.2 ], [ 47.5127658, -18.8305579, 1247.0 ], [ 47.5128946, -18.8322029, 1247.2 ], [ 47.5128946, -18.8322385, 1247.2 ], [ 47.513018, -18.8353229, 1247.7 ], [ 47.5133345, -18.8367013, 1247.9 ], [ 47.5135919, -18.8373715, 1248.0 ], [ 47.5138548, -18.8379985, 1247.5 ], [ 47.5144663, -18.8391561, 1246.5 ], [ 47.5145388, -18.8392957, 1246.4 ], [ 47.5147077, -18.8397679, 1246.0 ], [ 47.514815, -18.8403086, 1246.2 ], [ 47.5147989, -18.8423419, 1246.8 ], [ 47.514807, -18.8432913, 1247.1 ], [ 47.514689, -18.8439107, 1247.2 ], [ 47.5143456, -18.8449463, 1248.0 ], [ 47.5142625, -18.845152, 1248.0 ], [ 47.5132647, -18.8476878, 1248.0 ], [ 47.5132406, -18.8477462, 1248.0 ], [ 47.5132164, -18.8478071, 1248.0 ], [ 47.5131896, -18.8478807, 1248.0 ], [ 47.5131574, -18.8479594, 1248.0 ], [ 47.5131279, -18.8480407, 1248.0 ], [ 47.5131145, -18.8480889, 1248.0 ], [ 47.513085, -18.8481727, 1248.0 ], [ 47.5126505, -18.8495738, 1248.0 ], [ 47.5124922, -18.8501653, 1247.9 ], [ 47.512385, -18.8508126, 1247.9 ], [ 47.5122374, -18.851833, 1247.9 ], [ 47.512224, -18.8519269, 1247.9 ], [ 47.5121677, -18.8522873, 1247.9 ], [ 47.5121516, -18.8524219, 1247.9 ], [ 47.511768, -18.8559425, 1247.8 ], [ 47.5113899, -18.8592016, 1247.2 ], [ 47.5113738, -18.8593082, 1247.5 ], [ 47.5113657, -18.8593945, 1247.8 ], [ 47.5112852, -18.8601458, 1247.8 ], [ 47.5113603, -18.8606357, 1247.8 ], [ 47.5115535, -18.8612423, 1247.9 ], [ 47.5117788, -18.8616687, 1247.9 ], [ 47.5122347, -18.8622449, 1248.0 ], [ 47.5127015, -18.8628363, 1248.0 ], [ 47.5158155, -18.8668973, 1250.8 ], [ 47.5159147, -18.8670597, 1250.5 ], [ 47.5159979, -18.8672323, 1250.2 ], [ 47.5160328, -18.8674303, 1250.0 ], [ 47.5160542, -18.8676917, 1250.5 ], [ 47.5160569, -18.8679303, 1250.8 ], [ 47.5160569, -18.8680775, 1251.0 ], [ 47.5160462, -18.8681156, 1251.1 ], [ 47.516014, -18.8682526, 1251.2 ], [ 47.5160033, -18.8683161, 1251.5 ], [ 47.5159872, -18.8683821, 1251.8 ], [ 47.5159711, -18.8684531, 1252.0 ], [ 47.5159389, -18.8685445, 1252.2 ], [ 47.5159308, -18.8685699, 1252.5 ], [ 47.5159121, -18.8686232, 1253.0 ], [ 47.5158933, -18.868646, 1253.0 ], [ 47.5158772, -18.8686714, 1253.0 ], [ 47.5158718, -18.8687019, 1253.0 ], [ 47.5158718, -18.8687323, 1253.0 ], [ 47.5158852, -18.8687602, 1253.2 ], [ 47.5159067, -18.8687805, 1253.5 ], [ 47.5159362, -18.8687958, 1253.8 ], [ 47.5159684, -18.8688008, 1254.0 ], [ 47.5160006, -18.8687983, 1254.0 ], [ 47.5160274, -18.8687831, 1254.0 ], [ 47.5160837, -18.8687932, 1254.2 ], [ 47.5161347, -18.8687958, 1254.5 ], [ 47.5161856, -18.8687983, 1254.0 ], [ 47.5169957, -18.8689506, 1255.0 ], [ 47.5173685, -18.869042, 1254.2 ], [ 47.517457, -18.8690648, 1254.4 ], [ 47.5175589, -18.8691029, 1254.5 ], [ 47.5176662, -18.8691486, 1254.4 ], [ 47.5177225, -18.8691815, 1254.3 ], [ 47.5177816, -18.869212, 1254.2 ], [ 47.5178272, -18.8692577, 1254.4 ], [ 47.5179103, -18.8693465, 1254.5 ], [ 47.5179693, -18.8694607, 1254.8 ], [ 47.518031, -18.8696562, 1255.5 ], [ 47.518141, -18.8699303, 1256.5 ], [ 47.5183019, -18.8704658, 1257.2 ], [ 47.51831, -18.8704912, 1257.0 ], [ 47.5183207, -18.8705369, 1257.0 ], [ 47.5183797, -18.8707856, 1256.2 ], [ 47.5184307, -18.8710166, 1255.5 ], [ 47.5184736, -18.871146, 1255.0 ], [ 47.518546, -18.871349, 1254.5 ], [ 47.5187552, -18.8719023, 1253.2 ], [ 47.5187981, -18.8720089, 1253.2 ], [ 47.5189215, -18.8723236, 1253.0 ], [ 47.5190154, -18.8725191, 1252.6 ], [ 47.5190368, -18.8725622, 1252.5 ], [ 47.5192058, -18.8730241, 1251.5 ], [ 47.5192326, -18.8730774, 1251.0 ], [ 47.519474, -18.8736942, 1251.0 ], [ 47.5194982, -18.8737805, 1250.8 ], [ 47.5195169, -18.8738515, 1250.5 ], [ 47.519533, -18.8739099, 1250.2 ], [ 47.5195411, -18.8739429, 1250.0 ], [ 47.5195384, -18.8739683, 1250.0 ], [ 47.5195411, -18.8739937, 1250.0 ], [ 47.5195545, -18.874019, 1250.0 ], [ 47.5195706, -18.8740368, 1250.0 ], [ 47.5196081, -18.8740952, 1250.2 ], [ 47.519635, -18.8741459, 1250.5 ], [ 47.5196618, -18.8742018, 1250.8 ], [ 47.5197047, -18.8743236, 1251.0 ], [ 47.5200748, -18.8753667, 1252.2 ], [ 47.5202304, -18.8757931, 1252.8 ], [ 47.5204691, -18.8764225, 1253.8 ], [ 47.5204852, -18.8764733, 1253.7 ], [ 47.5208983, -18.877595, 1252.2 ], [ 47.5209439, -18.8777346, 1252.0 ], [ 47.5210217, -18.8779554, 1251.8 ], [ 47.5210431, -18.8780163, 1251.5 ], [ 47.5210539, -18.8780645, 1251.2 ], [ 47.5210753, -18.8781381, 1251.0 ], [ 47.5210887, -18.8782067, 1251.0 ], [ 47.5210994, -18.8782549, 1251.0 ], [ 47.5210941, -18.8782777, 1251.2 ], [ 47.5210968, -18.8783006, 1251.4 ], [ 47.5211075, -18.8783234, 1251.6 ], [ 47.5211263, -18.8783386, 1251.8 ], [ 47.5211477, -18.8783488, 1252.0 ], [ 47.5211906, -18.8784402, 1252.2 ], [ 47.5211987, -18.8784579, 1252.3 ], [ 47.5212228, -18.8785112, 1252.5 ], [ 47.5212604, -18.8786, 1252.0 ], [ 47.5218344, -18.8801558, 1251.0 ], [ 47.5218934, -18.8803284, 1251.2 ], [ 47.5220945, -18.8808968, 1252.0 ], [ 47.522226, -18.881308, 1251.2 ], [ 47.5222689, -18.8814831, 1251.0 ], [ 47.5223038, -18.8816303, 1250.8 ], [ 47.5223279, -18.881775, 1250.7 ], [ 47.5224218, -18.8823231, 1250.0 ], [ 47.5224352, -18.8823866, 1250.0 ], [ 47.522454, -18.8824475, 1250.0 ], [ 47.5224969, -18.8825744, 1250.0 ], [ 47.522513, -18.8826404, 1250.0 ], [ 47.5225157, -18.8826962, 1250.0 ], [ 47.5225183, -18.8827952, 1250.0 ], [ 47.5225076, -18.8828332, 1250.0 ], [ 47.5225076, -18.8828739, 1250.0 ], [ 47.5225183, -18.8829119, 1250.0 ], [ 47.5225371, -18.8829475, 1250.0 ], [ 47.5225639, -18.8829779, 1250.0 ], [ 47.5226122, -18.8830084, 1250.0 ], [ 47.5226685, -18.8830236, 1250.0 ], [ 47.5227222, -18.883021, 1250.0 ], [ 47.5227731, -18.8830033, 1250.0 ], [ 47.5228053, -18.8829804, 1250.0 ], [ 47.5228348, -18.8829525, 1250.0 ], [ 47.5229153, -18.8828916, 1250.0 ], [ 47.522977, -18.8828561, 1250.1 ], [ 47.523028, -18.8828332, 1250.1 ], [ 47.5230923, -18.8828155, 1250.1 ], [ 47.5231621, -18.8828028, 1250.2 ], [ 47.5232318, -18.8827926, 1250.2 ], [ 47.5233123, -18.8827825, 1250.2 ], [ 47.5236449, -18.8827546, 1250.4 ], [ 47.5240901, -18.8827343, 1250.6 ], [ 47.5245622, -18.8827267, 1250.8 ], [ 47.5250664, -18.8827343, 1251.0 ], [ 47.5255278, -18.8827393, 1251.2 ], [ 47.526032, -18.8827723, 1250.9 ], [ 47.5264558, -18.8828079, 1250.6 ], [ 47.5269949, -18.8828561, 1250.2 ], [ 47.5270137, -18.8828586, 1250.2 ], [ 47.5274214, -18.8829145, 1249.8 ], [ 47.5279444, -18.8829931, 1249.2 ], [ 47.5281537, -18.8830287, 1249.0 ], [ 47.5283119, -18.8830617, 1248.7 ], [ 47.5287867, -18.8831556, 1248.8 ], [ 47.529071, -18.8832038, 1248.8 ], [ 47.5293151, -18.8832393, 1248.8 ], [ 47.5295806, -18.8832418, 1248.8 ], [ 47.5298676, -18.8832393, 1248.8 ], [ 47.530168, -18.8832114, 1248.9 ], [ 47.5304657, -18.8831708, 1248.9 ], [ 47.5307634, -18.8831048, 1248.9 ], [ 47.5310826, -18.8830058, 1248.9 ], [ 47.5314313, -18.8828662, 1248.9 ], [ 47.5322065, -18.8825211, 1249.0 ], [ 47.5334725, -18.8818968, 1249.2 ], [ 47.5338373, -18.8817547, 1249.8 ], [ 47.5341618, -18.8816531, 1249.5 ], [ 47.5345239, -18.8815592, 1249.8 ], [ 47.534835, -18.881511, 1249.0 ], [ 47.5351676, -18.881478, 1248.8 ], [ 47.5355968, -18.8814577, 1248.5 ], [ 47.5370264, -18.8814552, 1247.8 ], [ 47.537359, -18.8814476, 1248.3 ], [ 47.5376809, -18.8814349, 1248.8 ], [ 47.5381529, -18.8813994, 1248.5 ], [ 47.5393197, -18.8812547, 1248.0 ], [ 47.5400493, -18.8811608, 1250.5 ], [ 47.5402907, -18.8811456, 1250.8 ], [ 47.540524, -18.8811405, 1251.0 ], [ 47.5407654, -18.8811532, 1251.8 ], [ 47.5409853, -18.8811684, 1252.2 ], [ 47.5411677, -18.8811912, 1252.5 ], [ 47.5418141, -18.8813054, 1251.8 ], [ 47.5418893, -18.8813232, 1251.8 ], [ 47.5419509, -18.8813461, 1251.9 ], [ 47.5419939, -18.8813664, 1251.9 ], [ 47.542136, -18.8814019, 1252.0 ], [ 47.5421441, -18.8814273, 1252.0 ], [ 47.5421548, -18.8814526, 1252.0 ], [ 47.5421789, -18.8814806, 1251.8 ], [ 47.5422084, -18.8815034, 1251.5 ], [ 47.5422406, -18.8815186, 1251.2 ], [ 47.5422782, -18.8815288, 1251.1 ], [ 47.5423291, -18.8815288, 1251.0 ], [ 47.5423855, -18.8815009, 1251.0 ], [ 47.5424203, -18.8814831, 1251.0 ], [ 47.5425008, -18.8814831, 1251.0 ], [ 47.5425357, -18.8814806, 1251.0 ], [ 47.5425705, -18.8814856, 1251.0 ], [ 47.5426027, -18.8814907, 1251.0 ], [ 47.5426376, -18.8814983, 1251.1 ], [ 47.5427288, -18.8815288, 1251.1 ], [ 47.5436059, -18.8818714, 1251.3 ], [ 47.5442979, -18.8821886, 1251.5 ], [ 47.5446358, -18.8823181, 1251.0 ], [ 47.5450006, -18.8824399, 1250.5 ], [ 47.5453976, -18.8825515, 1249.2 ], [ 47.5456712, -18.8826201, 1249.0 ], [ 47.5464115, -18.8827622, 1249.5 ], [ 47.5466475, -18.8827977, 1250.0 ], [ 47.5467119, -18.8828104, 1250.1 ], [ 47.5470659, -18.8828662, 1250.8 ], [ 47.5480288, -18.8830007, 1250.2 ], [ 47.5487155, -18.8831657, 1250.0 ], [ 47.5493565, -18.8833789, 1250.5 ], [ 47.5502068, -18.8837291, 1248.8 ], [ 47.5505689, -18.8838814, 1249.2 ], [ 47.5510222, -18.8840743, 1250.0 ], [ 47.5510705, -18.8841072, 1250.5 ], [ 47.5511107, -18.8841352, 1251.0 ], [ 47.5511107, -18.8841453, 1251.0 ], [ 47.5511107, -18.8841783, 1251.0 ], [ 47.5511321, -18.8842291, 1251.2 ], [ 47.5511402, -18.8842544, 1251.3 ], [ 47.5511697, -18.884295, 1251.5 ], [ 47.5512046, -18.8843306, 1251.3 ], [ 47.5512689, -18.8843712, 1251.0 ], [ 47.5513065, -18.8843839, 1252.0 ], [ 47.5513414, -18.8843864, 1251.9 ], [ 47.5513896, -18.8843889, 1251.7 ], [ 47.5514406, -18.8843813, 1251.5 ], [ 47.5514889, -18.8843661, 1251.3 ], [ 47.5515559, -18.884328, 1251.0 ], [ 47.551572, -18.8843128, 1251.0 ], [ 47.5516337, -18.8842849, 1251.0 ], [ 47.5517008, -18.8842798, 1251.0 ], [ 47.5517893, -18.8842849, 1251.0 ], [ 47.5528917, -18.8844067, 1250.8 ], [ 47.5536856, -18.8845158, 1251.5 ], [ 47.5542381, -18.8846047, 1252.5 ], [ 47.5547236, -18.8847062, 1253.5 ], [ 47.5551662, -18.8848153, 1253.8 ], [ 47.5556704, -18.8849523, 1254.2 ], [ 47.5562793, -18.8851503, 1254.8 ], [ 47.5575346, -18.8855741, 1255.5 ], [ 47.5576338, -18.8856071, 1255.8 ], [ 47.5580978, -18.885767, 1255.2 ], [ 47.5586477, -18.8859903, 1254.5 ], [ 47.5588864, -18.8860969, 1254.2 ], [ 47.5591949, -18.8862466, 1253.9 ], [ 47.5596669, -18.8865055, 1253.2 ], [ 47.561059, -18.8873024, 1256.5 ], [ 47.5611126, -18.8873353, 1256.7 ], [ 47.5621292, -18.8879241, 1260.5 ], [ 47.5625771, -18.8881601, 1262.8 ], [ 47.5628293, -18.8882616, 1263.8 ], [ 47.5630143, -18.8883251, 1264.5 ], [ 47.5632316, -18.8883835, 1265.2 ], [ 47.5634301, -18.8884114, 1265.5 ], [ 47.5636446, -18.8884342, 1265.7 ], [ 47.5638431, -18.8884393, 1265.9 ], [ 47.5640953, -18.8884317, 1266.2 ], [ 47.5643769, -18.8884088, 1266.5 ], [ 47.5650635, -18.8883454, 1267.2 ], [ 47.5654712, -18.8883175, 1268.5 ], [ 47.5657904, -18.8883048, 1269.8 ], [ 47.566115, -18.8883099, 1272.2 ], [ 47.566292, -18.8883225, 1274.2 ], [ 47.5664717, -18.888353, 1276.8 ], [ 47.5666675, -18.8884063, 1279.8 ], [ 47.5668338, -18.8884799, 1282.8 ], [ 47.5670591, -18.888589, 1286.8 ], [ 47.5672978, -18.8887438, 1291.0 ], [ 47.5674722, -18.8888935, 1293.0 ], [ 47.5676492, -18.889061, 1293.8 ], [ 47.5677833, -18.8892108, 1294.2 ], [ 47.5678745, -18.8893123, 1294.0 ], [ 47.5680166, -18.8895051, 1293.5 ], [ 47.568132, -18.8897082, 1291.8 ], [ 47.5682178, -18.8898985, 1289.5 ], [ 47.5682929, -18.890099, 1286.8 ], [ 47.568368, -18.8903756, 1283.2 ], [ 47.5684243, -18.8906776, 1278.5 ], [ 47.5684324, -18.8908298, 1276.5 ], [ 47.568427, -18.890972, 1274.8 ], [ 47.5684136, -18.8911724, 1272.8 ], [ 47.5683841, -18.8913577, 1270.8 ], [ 47.5683492, -18.8915404, 1269.2 ], [ 47.5682983, -18.891784, 1267.8 ], [ 47.5682098, -18.8921571, 1265.2 ], [ 47.5681239, -18.8924946, 1263.5 ], [ 47.5679764, -18.8932077, 1263.2 ], [ 47.5678986, -18.8935148, 1264.0 ], [ 47.567853, -18.8937178, 1264.8 ], [ 47.5678155, -18.8937964, 1265.0 ], [ 47.5677565, -18.893865, 1266.0 ], [ 47.5677243, -18.8938903, 1266.2 ], [ 47.5676975, -18.8939208, 1266.5 ], [ 47.567676, -18.8939538, 1266.8 ], [ 47.5676626, -18.8939893, 1267.0 ], [ 47.5676572, -18.8940629, 1266.8 ], [ 47.5676787, -18.8941314, 1266.2 ], [ 47.5677216, -18.8941898, 1266.0 ], [ 47.5677431, -18.894205, 1265.8 ], [ 47.5677645, -18.8942202, 1266.0 ], [ 47.5678101, -18.8942405, 1265.8 ], [ 47.5678611, -18.8942481, 1265.5 ], [ 47.567912, -18.8942481, 1265.2 ], [ 47.5679603, -18.8942355, 1265.0 ], [ 47.5680274, -18.8941949, 1265.0 ], [ 47.5680998, -18.8941949, 1265.0 ], [ 47.5681615, -18.8942025, 1265.0 ], [ 47.5682929, -18.8942684, 1265.0 ], [ 47.5683224, -18.8943167, 1266.0 ], [ 47.5683439, -18.8943725, 1266.2 ], [ 47.5683573, -18.8944359, 1266.2 ], [ 47.5683761, -18.8945679, 1265.9 ], [ 47.5683841, -18.8946973, 1265.8 ], [ 47.5684029, -18.8948267, 1265.2 ], [ 47.5684297, -18.8950678, 1264.5 ], [ 47.5684941, -18.8952708, 1264.1 ], [ 47.5685585, -18.895451, 1263.8 ], [ 47.5687489, -18.8956946, 1263.5 ], [ 47.5690413, -18.8959408, 1264.0 ], [ 47.5691324, -18.8960448, 1264.5 ], [ 47.5691888, -18.8961539, 1264.0 ], [ 47.5692344, -18.8963696, 1263.5 ], [ 47.569288, -18.8967757, 1262.5 ], [ 47.5693122, -18.896933, 1262.2 ], [ 47.5693792, -18.897037, 1262.4 ], [ 47.5694785, -18.8971259, 1262.5 ], [ 47.5695643, -18.8971563, 1262.8 ], [ 47.5697494, -18.8971868, 1263.8 ], [ 47.5708142, -18.8972933, 1269.5 ], [ 47.5710019, -18.8973187, 1270.0 ], [ 47.5711039, -18.8973289, 1270.2 ], [ 47.571348, -18.8974025, 1270.8 ], [ 47.5715706, -18.8975293, 1271.5 ], [ 47.5717556, -18.8977603, 1272.0 ], [ 47.5720534, -18.8982247, 1274.2 ], [ 47.5722304, -18.8985038, 1275.2 ], [ 47.5722814, -18.8986281, 1275.8 ], [ 47.5723296, -18.898788, 1276.8 ], [ 47.5723457, -18.8988489, 1277.2 ], [ 47.5723806, -18.8990798, 1279.2 ], [ 47.5724316, -18.8995366, 1283.8 ], [ 47.5724503, -18.8998614, 1285.2 ], [ 47.5724503, -18.9001761, 1287.0 ], [ 47.5724477, -18.9004146, 1287.8 ], [ 47.572453, -18.9006024, 1288.5 ], [ 47.5724772, -18.9008384, 1288.0 ], [ 47.5725308, -18.9009932, 1287.8 ], [ 47.5726569, -18.9011911, 1288.0 ], [ 47.5727588, -18.9013205, 1288.1 ], [ 47.5728983, -18.9014423, 1288.1 ], [ 47.5731477, -18.9015641, 1288.2 ], [ 47.5734213, -18.9016961, 1287.5 ], [ 47.5736386, -18.9017722, 1287.2 ], [ 47.5738505, -18.9018204, 1287.5 ], [ 47.5739765, -18.9018077, 1288.5 ], [ 47.5741026, -18.9017595, 1290.0 ], [ 47.5743413, -18.9015844, 1293.2 ], [ 47.5744459, -18.9015185, 1294.5 ], [ 47.5745746, -18.9014728, 1295.8 ], [ 47.5747034, -18.9014601, 1296.5 ], [ 47.5748187, -18.901488, 1297.0 ], [ 47.5749019, -18.9015311, 1297.5 ], [ 47.5749877, -18.9015844, 1298.0 ], [ 47.5750548, -18.9016859, 1297.9 ], [ 47.5751325, -18.9019778, 1297.5 ], [ 47.5751889, -18.9022518, 1295.8 ], [ 47.5752506, -18.9023812, 1296.0 ], [ 47.5753364, -18.9024929, 1296.2 ], [ 47.5754893, -18.9026248, 1297.2 ], [ 47.5756851, -18.9027137, 1299.2 ], [ 47.5760069, -18.9027847, 1302.0 ], [ 47.5760901, -18.9027999, 1302.5 ], [ 47.576302, -18.9028532, 1303.2 ], [ 47.5764415, -18.902904, 1303.5 ], [ 47.5765809, -18.9030055, 1302.5 ], [ 47.5768572, -18.9032009, 1301.0 ], [ 47.5769967, -18.9032592, 1300.2 ], [ 47.5771871, -18.9032795, 1300.0 ], [ 47.577289, -18.9032618, 1300.2 ], [ 47.5773534, -18.903244, 1300.3 ], [ 47.5774071, -18.9031882, 1300.5 ], [ 47.577737, -18.9029598, 1299.5 ], [ 47.5780562, -18.9026756, 1298.2 ], [ 47.5784773, -18.9023, 1296.8 ], [ 47.5785255, -18.9022544, 1296.5 ], [ 47.5787804, -18.9020387, 1294.5 ], [ 47.578885, -18.9019727, 1293.8 ], [ 47.5789359, -18.9019422, 1293.2 ], [ 47.5791505, -18.9018686, 1291.2 ], [ 47.5793141, -18.9018382, 1290.0 ], [ 47.579416, -18.9018331, 1289.0 ], [ 47.5795233, -18.9018433, 1288.0 ], [ 47.5801161, -18.9019524, 1285.2 ], [ 47.5805774, -18.9020767, 1284.2 ], [ 47.5806981, -18.9021072, 1283.8 ], [ 47.5807437, -18.9021123, 1283.5 ], [ 47.5810361, -18.9021808, 1282.8 ], [ 47.5812373, -18.9022163, 1281.8 ], [ 47.5814036, -18.9022087, 1280.5 ], [ 47.5815538, -18.9021909, 1279.5 ], [ 47.5818139, -18.9021326, 1277.0 ], [ 47.581991, -18.9020818, 1275.0 ], [ 47.5822967, -18.902064, 1272.5 ], [ 47.5826079, -18.9020437, 1270.8 ], [ 47.583214, -18.9020133, 1267.5 ], [ 47.5832731, -18.9020107, 1267.2 ], [ 47.5834474, -18.902026, 1266.8 ], [ 47.5838846, -18.9020793, 1265.2 ], [ 47.5840187, -18.902097, 1264.5 ], [ 47.5847429, -18.9022112, 1263.0 ], [ 47.5850916, -18.9022417, 1263.2 ], [ 47.5852552, -18.9022442, 1263.2 ], [ 47.5854188, -18.9021985, 1264.2 ], [ 47.5857246, -18.9020336, 1266.2 ], [ 47.5858748, -18.9019194, 1267.8 ], [ 47.5862154, -18.9015946, 1270.0 ], [ 47.5865695, -18.9012875, 1272.0 ], [ 47.587401, -18.9005719, 1276.2 ], [ 47.5876129, -18.9004273, 1277.0 ], [ 47.5878355, -18.9003309, 1276.9 ], [ 47.587975, -18.9002979, 1276.8 ], [ 47.5880501, -18.900275, 1276.8 ], [ 47.5882941, -18.9002218, 1275.5 ], [ 47.5884631, -18.9001482, 1275.2 ], [ 47.5888172, -18.8999401, 1273.8 ], [ 47.5889781, -18.8998538, 1273.0 ], [ 47.5891203, -18.8998107, 1272.0 ], [ 47.5892276, -18.8997878, 1271.2 ], [ 47.5893268, -18.8997878, 1270.5 ], [ 47.5894985, -18.899798, 1269.2 ], [ 47.5899678, -18.8999172, 1267.0 ], [ 47.5904962, -18.9000796, 1265.0 ], [ 47.5908718, -18.900171, 1263.0 ], [ 47.5916523, -18.900303, 1264.2 ], [ 47.5920492, -18.900374, 1264.8 ], [ 47.5924623, -18.9004425, 1266.0 ], [ 47.5926769, -18.9004501, 1266.8 ], [ 47.5928244, -18.9004273, 1267.0 ], [ 47.5933018, -18.9001989, 1268.5 ], [ 47.5935164, -18.900105, 1269.2 ], [ 47.5936773, -18.9000619, 1269.5 ], [ 47.5937766, -18.900034, 1269.3 ], [ 47.5939456, -18.9000137, 1269.0 ], [ 47.5940609, -18.8999984, 1268.5 ], [ 47.5944686, -18.8999984, 1268.0 ], [ 47.5948521, -18.9000187, 1266.5 ], [ 47.5951767, -18.9000416, 1266.0 ], [ 47.5955763, -18.9000796, 1264.5 ], [ 47.5958204, -18.9001025, 1264.0 ], [ 47.5960431, -18.9001329, 1263.8 ], [ 47.5966814, -18.9002116, 1260.5 ], [ 47.5968316, -18.9002421, 1260.0 ], [ 47.596963, -18.9002649, 1259.5 ], [ 47.5970623, -18.9002852, 1259.3 ], [ 47.5972635, -18.9003385, 1259.0 ], [ 47.5975049, -18.9003918, 1259.8 ], [ 47.5976068, -18.9004019, 1260.2 ], [ 47.5976443, -18.9004045, 1260.5 ], [ 47.5977382, -18.9003892, 1261.0 ], [ 47.5978348, -18.9003461, 1261.5 ], [ 47.597875, -18.9003283, 1261.5 ], [ 47.5980064, -18.9001938, 1261.8 ], [ 47.5982237, -18.8999629, 1261.6 ], [ 47.5983605, -18.8998386, 1261.5 ], [ 47.5985, -18.8997574, 1261.7 ], [ 47.5985911, -18.8997117, 1261.8 ], [ 47.5986716, -18.8996889, 1261.9 ], [ 47.5987601, -18.8996736, 1262.0 ], [ 47.598846, -18.8996736, 1262.2 ], [ 47.5990257, -18.8997092, 1263.2 ], [ 47.5992563, -18.8997599, 1264.0 ], [ 47.5994387, -18.8997929, 1264.5 ], [ 47.5996158, -18.8998132, 1265.0 ], [ 47.5997257, -18.8998056, 1265.2 ], [ 47.5998357, -18.899765, 1265.0 ], [ 47.5999725, -18.8996736, 1264.0 ], [ 47.6000878, -18.8995315, 1263.2 ], [ 47.6001763, -18.8993945, 1263.1 ], [ 47.6001978, -18.899359, 1263.0 ], [ 47.6003158, -18.8991585, 1263.5 ], [ 47.6003614, -18.8990951, 1263.7 ], [ 47.6003802, -18.8990722, 1263.8 ], [ 47.600525, -18.8989301, 1264.2 ], [ 47.6006538, -18.8988388, 1264.5 ], [ 47.6009944, -18.8986408, 1265.5 ], [ 47.6012412, -18.8984581, 1265.8 ], [ 47.6013672, -18.8983541, 1266.0 ], [ 47.601555, -18.8982602, 1265.2 ], [ 47.601724, -18.8981967, 1264.0 ], [ 47.6018742, -18.8981612, 1262.5 ], [ 47.6019171, -18.8981561, 1262.2 ], [ 47.6020271, -18.8981434, 1261.5 ], [ 47.602137, -18.8981434, 1260.8 ], [ 47.6022175, -18.8981409, 1260.5 ], [ 47.602365, -18.8981638, 1259.8 ], [ 47.6024723, -18.8981891, 1259.2 ], [ 47.6026011, -18.8982323, 1259.0 ], [ 47.6026654, -18.8982323, 1259.0 ], [ 47.6027673, -18.8982221, 1259.1 ], [ 47.6028773, -18.8982018, 1259.2 ], [ 47.6028907, -18.8981993, 1259.2 ], [ 47.6029819, -18.8981333, 1259.2 ], [ 47.6030329, -18.8980648, 1259.8 ], [ 47.6030463, -18.8980419, 1260.0 ], [ 47.6030838, -18.8979531, 1260.5 ], [ 47.6030865, -18.897943, 1260.5 ], [ 47.6030838, -18.8978922, 1260.8 ], [ 47.6030812, -18.8978186, 1261.0 ], [ 47.6030597, -18.8974913, 1261.2 ], [ 47.6030651, -18.8974101, 1261.2 ], [ 47.6030758, -18.8973466, 1261.5 ], [ 47.6030812, -18.8973238, 1261.5 ], [ 47.603116, -18.8971715, 1261.2 ], [ 47.603167, -18.8970751, 1261.0 ], [ 47.6031804, -18.8970573, 1261.1 ], [ 47.6034915, -18.8966818, 1262.2 ], [ 47.6036203, -18.8964813, 1263.5 ], [ 47.6037142, -18.8962707, 1264.2 ], [ 47.6037759, -18.8960956, 1265.0 ], [ 47.6038295, -18.8959129, 1265.8 ], [ 47.6038536, -18.8957581, 1266.0 ], [ 47.6038563, -18.8956642, 1265.9 ], [ 47.603851, -18.8956033, 1265.9 ], [ 47.6038349, -18.8955424, 1265.8 ], [ 47.6038, -18.8954358, 1265.8 ], [ 47.6036069, -18.8949536, 1263.2 ], [ 47.603572, -18.8948394, 1262.8 ], [ 47.6035532, -18.8947481, 1262.5 ], [ 47.6035452, -18.8946719, 1262.6 ], [ 47.6035425, -18.8945882, 1262.6 ], [ 47.603564, -18.8944562, 1262.8 ], [ 47.603623, -18.894238, 1263.0 ], [ 47.6036578, -18.8941441, 1262.8 ], [ 47.6037142, -18.8940121, 1263.0 ], [ 47.6037893, -18.8938523, 1263.2 ], [ 47.6038617, -18.8937076, 1263.8 ], [ 47.60391, -18.893634, 1263.9 ], [ 47.6039556, -18.893568, 1264.1 ], [ 47.6041916, -18.8932965, 1264.8 ], [ 47.6044759, -18.8929945, 1265.0 ], [ 47.6045966, -18.89286, 1265.5 ], [ 47.6048997, -18.8925479, 1267.8 ], [ 47.6049748, -18.8924438, 1268.5 ], [ 47.6050392, -18.8923398, 1269.0 ], [ 47.6050821, -18.8922307, 1268.8 ], [ 47.605117, -18.8921038, 1268.2 ], [ 47.6052001, -18.8917713, 1267.3 ], [ 47.6053396, -18.8912308, 1265.8 ], [ 47.6053932, -18.8910126, 1265.0 ], [ 47.6054227, -18.8909009, 1264.5 ], [ 47.605463, -18.8908172, 1264.2 ], [ 47.6055086, -18.8907309, 1264.0 ], [ 47.6055729, -18.890637, 1264.2 ], [ 47.6057097, -18.8904949, 1264.5 ], [ 47.6059163, -18.8903071, 1264.6 ], [ 47.6060557, -18.8901751, 1264.8 ], [ 47.6061818, -18.8900685, 1265.5 ], [ 47.6062891, -18.8899848, 1265.8 ], [ 47.6063856, -18.8899239, 1265.8 ], [ 47.6064822, -18.8898883, 1265.9 ], [ 47.6065654, -18.8898655, 1265.9 ], [ 47.6066914, -18.8898554, 1266.0 ], [ 47.6070213, -18.8898427, 1267.0 ], [ 47.6073217, -18.8898503, 1266.8 ], [ 47.6074505, -18.8898604, 1266.8 ], [ 47.60759, -18.8898883, 1266.9 ], [ 47.6076651, -18.8899137, 1267.0 ], [ 47.6077482, -18.8899569, 1267.5 ], [ 47.6078367, -18.8900203, 1268.2 ], [ 47.6079816, -18.8901599, 1269.2 ], [ 47.6081103, -18.8902639, 1269.1 ], [ 47.6082042, -18.8903325, 1268.9 ], [ 47.60829, -18.8903832, 1268.8 ], [ 47.6087111, -18.8905938, 1268.2 ], [ 47.6087889, -18.8906421, 1268.1 ], [ 47.6088721, -18.8906979, 1268.0 ], [ 47.6090008, -18.8907943, 1267.8 ], [ 47.6090813, -18.8908679, 1267.7 ], [ 47.6091403, -18.8909339, 1267.6 ], [ 47.6091886, -18.8909948, 1267.5 ], [ 47.6092395, -18.8910811, 1267.2 ], [ 47.6092771, -18.8911623, 1267.0 ], [ 47.6092958, -18.8912207, 1267.1 ], [ 47.6093173, -18.8913019, 1267.2 ], [ 47.6093253, -18.8913602, 1267.2 ], [ 47.609328, -18.8914313, 1267.5 ], [ 47.6093227, -18.8915353, 1267.8 ], [ 47.6092878, -18.8916698, 1268.0 ], [ 47.60921, -18.8919084, 1269.5 ], [ 47.6091322, -18.8921241, 1271.0 ], [ 47.6091161, -18.8922307, 1271.5 ], [ 47.6091242, -18.8923119, 1272.0 ], [ 47.609143, -18.8924235, 1272.8 ], [ 47.6091939, -18.8925124, 1273.2 ], [ 47.6092476, -18.8925961, 1273.8 ], [ 47.6093146, -18.8926925, 1274.2 ], [ 47.6094192, -18.8928169, 1275.2 ], [ 47.6095104, -18.8929057, 1276.8 ], [ 47.6095667, -18.8929463, 1277.5 ], [ 47.6096579, -18.8929869, 1278.0 ], [ 47.6097652, -18.8930021, 1277.7 ], [ 47.6098725, -18.8929971, 1277.5 ], [ 47.6099584, -18.8929768, 1276.8 ], [ 47.6100737, -18.892926, 1275.2 ], [ 47.6102614, -18.892794, 1272.5 ], [ 47.6105216, -18.8925885, 1270.8 ], [ 47.6106074, -18.8925377, 1270.2 ], [ 47.6107013, -18.8925022, 1270.3 ], [ 47.6107952, -18.8924743, 1270.4 ], [ 47.6109159, -18.892454, 1270.5 ], [ 47.6110232, -18.8924438, 1271.0 ], [ 47.6111358, -18.8924489, 1272.0 ], [ 47.6112378, -18.8924743, 1273.0 ], [ 47.6113102, -18.8925073, 1273.8 ], [ 47.6113504, -18.8925377, 1274.2 ], [ 47.6113799, -18.8925733, 1274.8 ], [ 47.6114121, -18.8926189, 1275.5 ], [ 47.6114443, -18.8926824, 1276.2 ], [ 47.6114577, -18.8927331, 1276.8 ], [ 47.6114684, -18.8928524, 1278.0 ], [ 47.6114604, -18.892992, 1279.0 ], [ 47.6114443, -18.893228, 1280.8 ], [ 47.6114255, -18.8933828, 1282.0 ], [ 47.6113611, -18.8937863, 1285.8 ], [ 47.6113531, -18.8938802, 1286.5 ], [ 47.6113558, -18.8939436, 1287.0 ], [ 47.6113692, -18.894002, 1287.5 ], [ 47.6113907, -18.8940654, 1288.0 ], [ 47.6116776, -18.8947303, 1288.2 ], [ 47.611734, -18.8948673, 1288.0 ], [ 47.6117662, -18.8949765, 1287.8 ], [ 47.6117849, -18.8950805, 1287.5 ], [ 47.611801, -18.8951871, 1287.2 ], [ 47.6118279, -18.8952987, 1287.0 ], [ 47.6118547, -18.8953723, 1286.8 ], [ 47.6118761, -18.8954282, 1286.5 ], [ 47.6118949, -18.8954561, 1286.6 ], [ 47.6119244, -18.8954891, 1286.7 ], [ 47.6119593, -18.8955297, 1286.8 ], [ 47.6120156, -18.8955779, 1286.9 ], [ 47.6120478, -18.8956109, 1287.0 ], [ 47.6121551, -18.8956946, 1287.1 ], [ 47.6124018, -18.8958596, 1287.2 ], [ 47.612426, -18.8958773, 1287.2 ], [ 47.612536, -18.895956, 1287.1 ], [ 47.6129624, -18.8962656, 1286.5 ], [ 47.6131555, -18.8964026, 1286.0 ], [ 47.6133326, -18.8965168, 1286.5 ], [ 47.6134694, -18.8966133, 1287.0 ], [ 47.6140139, -18.8969584, 1288.8 ], [ 47.6142257, -18.8971462, 1289.0 ], [ 47.6144913, -18.8974608, 1289.2 ], [ 47.614679, -18.8977019, 1289.0 ], [ 47.6147649, -18.8978288, 1289.2 ], [ 47.614899, -18.8978998, 1289.0 ], [ 47.6150143, -18.8979328, 1288.8 ], [ 47.6150867, -18.8979252, 1288.8 ], [ 47.6151618, -18.8979075, 1288.9 ], [ 47.6152503, -18.8978567, 1289.0 ], [ 47.6153255, -18.8978034, 1289.2 ], [ 47.6153925, -18.8976664, 1289.5 ], [ 47.6154408, -18.8974837, 1289.8 ], [ 47.6154998, -18.8972832, 1290.0 ], [ 47.6155347, -18.8971056, 1290.5 ], [ 47.6155561, -18.8969254, 1291.2 ], [ 47.6156098, -18.8964331, 1292.5 ], [ 47.6156446, -18.8958875, 1293.5 ], [ 47.6156527, -18.8955728, 1293.4 ], [ 47.6156688, -18.8954485, 1293.3 ], [ 47.6157036, -18.8953343, 1293.2 ], [ 47.6157546, -18.8951972, 1292.8 ], [ 47.6158485, -18.8950069, 1292.4 ], [ 47.6159397, -18.8947887, 1292.0 ], [ 47.6160094, -18.894578, 1291.5 ], [ 47.6160818, -18.8943497, 1291.2 ], [ 47.6161167, -18.8942735, 1291.2 ], [ 47.6161569, -18.8942177, 1291.1 ], [ 47.6162133, -18.8941644, 1291.1 ], [ 47.616291, -18.8941162, 1291.0 ], [ 47.6163688, -18.8940832, 1291.1 ], [ 47.6165673, -18.8940274, 1291.5 ], [ 47.6166317, -18.8940096, 1291.8 ], [ 47.6166934, -18.8939842, 1292.0 ], [ 47.6167819, -18.8939208, 1292.5 ], [ 47.6168677, -18.8938599, 1293.0 ], [ 47.6169857, -18.8937406, 1292.8 ], [ 47.6172325, -18.8934767, 1292.2 ], [ 47.6176348, -18.8930707, 1292.4 ], [ 47.617726, -18.8929945, 1292.5 ], [ 47.6178011, -18.8929463, 1292.5 ], [ 47.6178601, -18.8929159, 1292.8 ], [ 47.6179379, -18.8928905, 1293.2 ], [ 47.6180184, -18.8928854, 1293.8 ], [ 47.6180908, -18.8928854, 1294.0 ], [ 47.6182142, -18.8929032, 1294.5 ], [ 47.6184019, -18.8929565, 1295.5 ], [ 47.6185468, -18.8930098, 1296.5 ], [ 47.6186353, -18.8930377, 1297.2 ], [ 47.618697, -18.8930478, 1297.8 ], [ 47.6187667, -18.8930529, 1298.2 ], [ 47.6188365, -18.8930504, 1298.8 ], [ 47.6189089, -18.8930377, 1299.0 ], [ 47.6189706, -18.8930174, 1298.9 ], [ 47.6190403, -18.8929768, 1298.8 ], [ 47.6191127, -18.8929184, 1298.2 ], [ 47.6192066, -18.8928245, 1297.5 ], [ 47.6194239, -18.8925682, 1296.5 ], [ 47.6197538, -18.8921672, 1295.0 ], [ 47.6198155, -18.8920962, 1295.1 ], [ 47.6198718, -18.8920429, 1295.2 ], [ 47.6199254, -18.8920023, 1295.2 ], [ 47.6200005, -18.8919617, 1295.8 ], [ 47.6200783, -18.8919312, 1296.5 ], [ 47.6201534, -18.8919109, 1297.0 ], [ 47.6203948, -18.8918526, 1298.0 ], [ 47.6205906, -18.8918094, 1298.8 ], [ 47.6207677, -18.8917764, 1299.8 ], [ 47.6209635, -18.8917561, 1301.0 ], [ 47.6211217, -18.8917409, 1302.0 ], [ 47.6212049, -18.8917307, 1302.5 ], [ 47.621288, -18.8917104, 1302.8 ], [ 47.6213658, -18.8916775, 1302.7 ], [ 47.6214436, -18.8916343, 1302.6 ], [ 47.6216206, -18.8915227, 1302.5 ], [ 47.6217198, -18.8914643, 1302.0 ], [ 47.6218164, -18.8914262, 1301.8 ], [ 47.6219398, -18.8913882, 1301.8 ], [ 47.6220739, -18.8913526, 1301.9 ], [ 47.6221839, -18.891345, 1302.0 ], [ 47.6223153, -18.8913475, 1302.2 ], [ 47.6224414, -18.8913602, 1302.5 ], [ 47.6225889, -18.891411, 1303.0 ], [ 47.6228839, -18.8915303, 1303.8 ], [ 47.62301, -18.8915785, 1304.0 ], [ 47.6230985, -18.8916115, 1304.2 ], [ 47.6231951, -18.8916343, 1304.2 ], [ 47.6232594, -18.8916394, 1304.1 ], [ 47.6233131, -18.8916394, 1304.1 ], [ 47.6233882, -18.8916292, 1304.0 ], [ 47.6234981, -18.8915937, 1303.5 ], [ 47.6236188, -18.891543, 1303.0 ], [ 47.6240829, -18.8912714, 1302.0 ], [ 47.6242197, -18.8911826, 1301.2 ], [ 47.6242706, -18.8911598, 1301.0 ], [ 47.6243323, -18.8911344, 1300.8 ], [ 47.6243994, -18.8911141, 1300.5 ], [ 47.6244664, -18.8910988, 1300.6 ], [ 47.6246086, -18.8910811, 1300.8 ], [ 47.6248205, -18.8910532, 1301.2 ], [ 47.6248634, -18.8910405, 1301.2 ], [ 47.6249063, -18.8910202, 1301.3 ], [ 47.6249492, -18.8909897, 1301.4 ], [ 47.6249841, -18.8909618, 1301.4 ], [ 47.6250136, -18.8909288, 1301.5 ], [ 47.6251423, -18.8906547, 1301.9 ], [ 47.6251772, -18.8905608, 1302.0 ], [ 47.6251933, -18.8905126, 1302.2 ], [ 47.6253462, -18.8900178, 1304.0 ], [ 47.6254991, -18.8894163, 1303.5 ], [ 47.6255205, -18.8893351, 1303.0 ], [ 47.62555, -18.8892539, 1302.2 ], [ 47.6255795, -18.8891854, 1301.5 ], [ 47.6256117, -18.8891042, 1300.8 ], [ 47.6257458, -18.8889392, 1299.0 ], [ 47.6257861, -18.8888986, 1298.8 ], [ 47.6258317, -18.888858, 1298.5 ], [ 47.6258773, -18.8888199, 1298.2 ], [ 47.6259685, -18.888759, 1297.5 ], [ 47.6261643, -18.8886423, 1296.2 ], [ 47.6264673, -18.8884672, 1295.8 ], [ 47.6269555, -18.8881855, 1296.8 ], [ 47.6270494, -18.8881297, 1297.5 ], [ 47.6271218, -18.8880916, 1298.0 ], [ 47.6271996, -18.8880586, 1298.5 ], [ 47.6273015, -18.888018, 1298.8 ], [ 47.627551, -18.8879393, 1299.5 ], [ 47.628023, -18.8877947, 1300.5 ], [ 47.6282698, -18.8877059, 1301.5 ], [ 47.6284629, -18.887617, 1302.0 ], [ 47.6285514, -18.8875612, 1301.9 ], [ 47.6286587, -18.8874851, 1301.9 ], [ 47.6287419, -18.887414, 1301.8 ], [ 47.6288143, -18.8873277, 1301.8 ], [ 47.6290745, -18.8869674, 1301.2 ], [ 47.6291388, -18.8868988, 1301.4 ], [ 47.6292703, -18.8867618, 1301.6 ], [ 47.6294687, -18.8865689, 1302.0 ], [ 47.6296243, -18.886442, 1303.0 ], [ 47.6297504, -18.8863456, 1304.2 ], [ 47.6298282, -18.8862974, 1305.0 ], [ 47.6299086, -18.8862619, 1305.5 ], [ 47.6299998, -18.8862339, 1305.8 ], [ 47.6301795, -18.8861933, 1305.6 ], [ 47.6303431, -18.886173, 1305.5 ], [ 47.6304585, -18.8861578, 1305.2 ], [ 47.6306167, -18.8861324, 1305.0 ], [ 47.6307642, -18.8860944, 1304.8 ], [ 47.6308635, -18.886069, 1304.5 ], [ 47.6309279, -18.8860436, 1304.4 ], [ 47.6310164, -18.8859954, 1304.3 ], [ 47.6311049, -18.8859319, 1304.2 ], [ 47.63118, -18.8858609, 1304.3 ], [ 47.6312444, -18.8857974, 1304.4 ], [ 47.6313221, -18.8856705, 1304.5 ], [ 47.6314375, -18.8854498, 1305.5 ], [ 47.6315287, -18.8852493, 1305.2 ], [ 47.6316065, -18.8851021, 1304.8 ], [ 47.6317084, -18.8849473, 1304.5 ], [ 47.6317915, -18.884828, 1304.6 ], [ 47.63199, -18.8845691, 1304.9 ], [ 47.6321107, -18.8844118, 1305.0 ], [ 47.6322234, -18.8842773, 1306.0 ], [ 47.6323414, -18.8841555, 1306.8 ], [ 47.6324379, -18.8840844, 1307.2 ], [ 47.6325318, -18.884021, 1307.5 ], [ 47.6326284, -18.8839677, 1307.8 ], [ 47.6327839, -18.8839093, 1308.0 ], [ 47.6331353, -18.8838052, 1307.8 ], [ 47.6332238, -18.8837545, 1307.6 ], [ 47.6333338, -18.8836961, 1307.4 ], [ 47.633712, -18.8834753, 1306.9 ], [ 47.633948, -18.8833459, 1306.5 ], [ 47.6340124, -18.8833053, 1306.2 ], [ 47.6340687, -18.8832621, 1306.3 ], [ 47.6341063, -18.8832215, 1306.4 ], [ 47.6341599, -18.8831505, 1306.5 ], [ 47.6341975, -18.8831023, 1306.7 ], [ 47.6343235, -18.8828967, 1307.2 ], [ 47.6345998, -18.8824272, 1308.5 ], [ 47.6347929, -18.8820719, 1308.8 ], [ 47.6349029, -18.8819069, 1309.0 ], [ 47.6349807, -18.8818029, 1308.2 ], [ 47.6350236, -18.8817547, 1308.0 ], [ 47.6350799, -18.8817115, 1307.5 ], [ 47.6351738, -18.881643, 1307.0 ], [ 47.635332, -18.8815618, 1305.8 ], [ 47.6355225, -18.881478, 1304.0 ], [ 47.6357692, -18.8813511, 1303.2 ], [ 47.6360321, -18.8812217, 1303.0 ], [ 47.6362628, -18.8810923, 1303.8 ], [ 47.6363915, -18.8809958, 1304.5 ], [ 47.6364532, -18.88094, 1305.0 ], [ 47.6365739, -18.8808004, 1306.2 ], [ 47.6366597, -18.8807293, 1307.2 ], [ 47.6367295, -18.8806913, 1308.0 ], [ 47.6368126, -18.8806532, 1308.8 ], [ 47.6368716, -18.8806304, 1309.2 ], [ 47.636936, -18.8806151, 1309.5 ], [ 47.6370513, -18.8805923, 1309.8 ], [ 47.6373705, -18.8805365, 1310.5 ], [ 47.6374671, -18.8805136, 1310.8 ], [ 47.6375583, -18.8804629, 1311.2 ], [ 47.6376495, -18.880407, 1311.8 ], [ 47.6379848, -18.8801507, 1314.2 ], [ 47.6380572, -18.8801126, 1314.5 ], [ 47.6385775, -18.8798969, 1313.8 ], [ 47.6391998, -18.8796406, 1311.2 ], [ 47.6392668, -18.8795848, 1311.0 ], [ 47.6394171, -18.8794629, 1310.5 ], [ 47.639747, -18.879133, 1309.2 ], [ 47.6398596, -18.8790416, 1308.8 ], [ 47.6399884, -18.8789833, 1307.8 ], [ 47.6410425, -18.8786102, 1306.2 ], [ 47.6420027, -18.8782904, 1307.0 ], [ 47.6420912, -18.8782625, 1307.0 ], [ 47.6422307, -18.8782194, 1307.0 ], [ 47.6425579, -18.8781026, 1308.5 ], [ 47.6426893, -18.878029, 1309.2 ], [ 47.6427886, -18.8779732, 1310.0 ], [ 47.64292, -18.877859, 1310.8 ], [ 47.6430193, -18.8777575, 1311.5 ], [ 47.643317, -18.8774504, 1313.2 ], [ 47.6434886, -18.8772778, 1313.1 ], [ 47.643545, -18.8772346, 1313.0 ], [ 47.643604, -18.8771915, 1313.0 ], [ 47.643832, -18.8770671, 1312.2 ], [ 47.6439661, -18.8770037, 1311.9 ], [ 47.6441538, -18.8769022, 1311.5 ], [ 47.644245, -18.8768489, 1311.0 ], [ 47.6443309, -18.8767905, 1310.5 ], [ 47.6444167, -18.8767093, 1310.2 ], [ 47.6444998, -18.8766078, 1310.0 ], [ 47.6447466, -18.8763032, 1309.5 ], [ 47.6448244, -18.8762271, 1309.6 ], [ 47.6449022, -18.8761687, 1309.7 ], [ 47.6449773, -18.8761281, 1309.8 ], [ 47.6450551, -18.8761078, 1309.9 ], [ 47.6451543, -18.8761002, 1310.0 ], [ 47.6452616, -18.8760976, 1310.2 ], [ 47.6457927, -18.8760697, 1310.8 ], [ 47.6459026, -18.8760646, 1311.2 ], [ 47.6459938, -18.8760469, 1311.8 ], [ 47.6460931, -18.8760215, 1312.2 ], [ 47.6461923, -18.8759885, 1312.8 ], [ 47.6462299, -18.8759682, 1313.0 ], [ 47.6462701, -18.8759454, 1313.2 ], [ 47.646372, -18.875854, 1313.8 ], [ 47.6464552, -18.8757728, 1314.0 ], [ 47.646828, -18.8753439, 1316.5 ], [ 47.6471633, -18.8749784, 1317.5 ], [ 47.6473913, -18.8747703, 1317.1 ], [ 47.647697, -18.8745089, 1316.5 ], [ 47.6479545, -18.8743287, 1316.0 ], [ 47.6482469, -18.8741459, 1316.1 ], [ 47.6483139, -18.8740901, 1316.1 ], [ 47.6483864, -18.8740114, 1316.1 ], [ 47.648617, -18.8737246, 1316.2 ], [ 47.6486894, -18.8736231, 1316.5 ], [ 47.6487431, -18.8735546, 1316.8 ], [ 47.6487887, -18.8735165, 1316.7 ], [ 47.6488343, -18.8734886, 1316.6 ], [ 47.6489416, -18.873448, 1316.5 ], [ 47.6491079, -18.8734124, 1316.2 ], [ 47.6492688, -18.8733947, 1316.4 ], [ 47.6494002, -18.8733744, 1316.5 ], [ 47.6495478, -18.8733439, 1316.6 ], [ 47.649655, -18.8732932, 1316.6 ], [ 47.6497892, -18.8731713, 1316.7 ], [ 47.6498643, -18.8730901, 1316.7 ], [ 47.6499501, -18.8729861, 1316.8 ], [ 47.6500091, -18.8729378, 1317.0 ], [ 47.6500949, -18.8728947, 1317.5 ], [ 47.6502934, -18.8728414, 1317.8 ], [ 47.6504597, -18.8728109, 1317.2 ], [ 47.6510364, -18.8726917, 1317.1 ], [ 47.6511946, -18.8726333, 1317.0 ], [ 47.6513636, -18.872547, 1316.8 ], [ 47.6515943, -18.8723947, 1317.2 ], [ 47.6519859, -18.8721206, 1317.6 ], [ 47.65212, -18.8720242, 1317.8 ], [ 47.6522326, -18.8719125, 1317.6 ], [ 47.6522917, -18.8718262, 1317.5 ], [ 47.6523507, -18.8717196, 1317.4 ], [ 47.6524258, -18.8715267, 1317.2 ], [ 47.6525223, -18.8712754, 1317.4 ], [ 47.6525733, -18.8711536, 1317.5 ], [ 47.652643, -18.8710445, 1317.8 ], [ 47.6527101, -18.8709658, 1317.7 ], [ 47.6527959, -18.8709074, 1317.6 ], [ 47.6528791, -18.870882, 1317.5 ], [ 47.6530105, -18.8708668, 1317.2 ], [ 47.6532143, -18.8708871, 1317.0 ], [ 47.653394, -18.8709227, 1317.0 ], [ 47.6539975, -18.8709937, 1316.8 ], [ 47.6541826, -18.8710166, 1316.8 ], [ 47.654357, -18.8710166, 1316.6 ], [ 47.6544642, -18.8710115, 1316.5 ], [ 47.6545367, -18.8709861, 1316.2 ], [ 47.6545903, -18.8709658, 1316.0 ], [ 47.6547003, -18.87091, 1315.8 ], [ 47.6549256, -18.8707678, 1316.0 ], [ 47.6550409, -18.8706892, 1315.8 ], [ 47.6554459, -18.8703947, 1315.5 ], [ 47.6560628, -18.8699963, 1316.8 ], [ 47.6564088, -18.8697831, 1316.5 ], [ 47.6566771, -18.8696079, 1316.0 ], [ 47.65683, -18.8694836, 1316.2 ], [ 47.6569319, -18.8693973, 1316.8 ], [ 47.6571116, -18.8691917, 1318.0 ], [ 47.6572564, -18.8690115, 1317.8 ], [ 47.6573503, -18.8688922, 1317.8 ], [ 47.6574442, -18.8687958, 1317.9 ], [ 47.6575246, -18.8687425, 1318.0 ], [ 47.6576293, -18.8686993, 1318.2 ], [ 47.6577473, -18.8686536, 1318.5 ], [ 47.6579887, -18.8685876, 1318.8 ], [ 47.658214, -18.8685242, 1318.9 ], [ 47.6583079, -18.8685064, 1319.0 ], [ 47.6583803, -18.8685064, 1319.1 ], [ 47.6585734, -18.868542, 1319.5 ], [ 47.658729, -18.8685902, 1320.0 ], [ 47.6590025, -18.8686968, 1321.2 ], [ 47.6591474, -18.8687602, 1322.5 ], [ 47.6592252, -18.8687831, 1323.0 ], [ 47.6593029, -18.8687958, 1323.5 ], [ 47.6594397, -18.8687907, 1324.5 ], [ 47.659547, -18.8687704, 1325.2 ], [ 47.6596543, -18.8687348, 1326.0 ], [ 47.6599789, -18.868613, 1327.2 ], [ 47.6605958, -18.868377, 1327.8 ], [ 47.6608238, -18.8683059, 1327.5 ], [ 47.6610169, -18.8682501, 1327.2 ], [ 47.6611885, -18.8681942, 1327.0 ], [ 47.6612905, -18.8681562, 1326.8 ], [ 47.6613763, -18.8681206, 1326.5 ], [ 47.6614273, -18.8680826, 1326.4 ], [ 47.6614863, -18.8680293, 1326.2 ], [ 47.6615319, -18.8679836, 1326.0 ], [ 47.6615641, -18.867943, 1325.8 ], [ 47.6616499, -18.867844, 1325.5 ], [ 47.6617411, -18.8677704, 1325.6 ], [ 47.661835, -18.8677222, 1325.8 ], [ 47.6619342, -18.8676739, 1325.9 ], [ 47.6620495, -18.8676435, 1326.0 ], [ 47.6621622, -18.8676257, 1326.1 ], [ 47.662358, -18.867613, 1326.2 ], [ 47.6625538, -18.8676054, 1327.5 ], [ 47.6626691, -18.8675902, 1328.2 ], [ 47.6627657, -18.8675775, 1328.8 ], [ 47.6628408, -18.867547, 1328.9 ], [ 47.6629186, -18.8675039, 1329.1 ], [ 47.6631331, -18.8673338, 1330.0 ], [ 47.6632217, -18.8672653, 1331.0 ], [ 47.6632914, -18.8672298, 1331.8 ], [ 47.6633772, -18.8671993, 1332.5 ], [ 47.6634872, -18.8671815, 1333.5 ], [ 47.6636964, -18.8671562, 1335.2 ], [ 47.6638761, -18.8671308, 1336.5 ], [ 47.6640826, -18.8670648, 1337.5 ], [ 47.6642221, -18.8670064, 1338.0 ], [ 47.6643589, -18.8669328, 1338.2 ], [ 47.664485, -18.8668414, 1338.5 ], [ 47.6650697, -18.8662831, 1340.1 ], [ 47.6655364, -18.865844, 1341.2 ], [ 47.6656598, -18.8657424, 1342.2 ], [ 47.665759, -18.8656891, 1343.0 ], [ 47.6658797, -18.8656485, 1343.5 ], [ 47.6660031, -18.8656282, 1343.8 ], [ 47.666215, -18.8656257, 1343.8 ], [ 47.66651, -18.8656257, 1343.9 ], [ 47.6666442, -18.8656003, 1344.0 ], [ 47.6667729, -18.8655673, 1344.2 ], [ 47.6668587, -18.8655242, 1344.5 ], [ 47.6670867, -18.8653998, 1344.1 ], [ 47.6672879, -18.8652805, 1343.8 ], [ 47.6675642, -18.8651181, 1342.0 ], [ 47.6679128, -18.8649125, 1340.8 ], [ 47.6681167, -18.8647881, 1340.2 ], [ 47.6683125, -18.8646409, 1340.8 ], [ 47.6686585, -18.8643693, 1342.8 ], [ 47.6692057, -18.8639683, 1344.2 ], [ 47.669785, -18.8635165, 1344.5 ], [ 47.6699004, -18.8634175, 1344.3 ], [ 47.6699969, -18.8633464, 1344.1 ], [ 47.6700559, -18.8632982, 1344.1 ], [ 47.6701632, -18.8632119, 1344.0 ], [ 47.6705146, -18.8629454, 1342.8 ], [ 47.6709974, -18.8625824, 1342.0 ], [ 47.6711208, -18.8625063, 1341.5 ], [ 47.671212, -18.8624657, 1341.0 ], [ 47.6713139, -18.862453, 1340.5 ], [ 47.671448, -18.8624581, 1340.7 ], [ 47.6715124, -18.8624682, 1340.8 ], [ 47.6715928, -18.8624835, 1341.0 ], [ 47.6717296, -18.8625165, 1341.5 ], [ 47.6718637, -18.8625342, 1341.8 ], [ 47.6719898, -18.8625368, 1342.0 ], [ 47.6721239, -18.8625215, 1342.5 ], [ 47.6722848, -18.8624682, 1342.8 ], [ 47.6727355, -18.8622246, 1341.8 ], [ 47.6728374, -18.8621814, 1342.0 ], [ 47.6729581, -18.8621256, 1342.2 ], [ 47.6730976, -18.86209, 1342.3 ], [ 47.6732183, -18.8620799, 1342.4 ], [ 47.6733711, -18.8621078, 1342.5 ], [ 47.6735213, -18.8621459, 1343.0 ], [ 47.6737118, -18.8622068, 1343.2 ], [ 47.6746935, -18.8625114, 1344.0 ], [ 47.6748919, -18.8625596, 1344.8 ], [ 47.6753828, -18.8627094, 1345.5 ], [ 47.6755679, -18.8627703, 1345.8 ], [ 47.6757824, -18.8628439, 1346.0 ], [ 47.6760802, -18.8629251, 1346.5 ], [ 47.6762491, -18.8629657, 1347.5 ], [ 47.6763833, -18.8629759, 1348.0 ], [ 47.6765603, -18.8629708, 1348.2 ], [ 47.6776305, -18.8628363, 1347.0 ], [ 47.6778048, -18.8628236, 1346.8 ], [ 47.678006, -18.8628261, 1347.2 ], [ 47.6784083, -18.8628616, 1348.0 ], [ 47.6785934, -18.8628794, 1348.2 ], [ 47.6790172, -18.8629378, 1350.2 ], [ 47.6792291, -18.8629581, 1350.8 ], [ 47.6793873, -18.862986, 1351.0 ], [ 47.6795214, -18.8630215, 1350.9 ], [ 47.6797226, -18.8631028, 1350.8 ], [ 47.6798353, -18.8631637, 1350.9 ], [ 47.6804468, -18.8635063, 1351.5 ], [ 47.6821768, -18.8644429, 1347.0 ], [ 47.6823378, -18.8645343, 1347.8 ], [ 47.6824397, -18.8645774, 1348.5 ], [ 47.6825443, -18.864613, 1349.5 ], [ 47.6826945, -18.8646409, 1350.8 ], [ 47.6829681, -18.8646637, 1351.5 ], [ 47.6833463, -18.8646637, 1352.0 ], [ 47.6837271, -18.8646561, 1352.5 ], [ 47.6839149, -18.8646587, 1352.8 ], [ 47.6840195, -18.8646688, 1352.7 ], [ 47.684108, -18.8646942, 1352.6 ], [ 47.6841778, -18.8647221, 1352.6 ], [ 47.6842448, -18.8647678, 1352.6 ], [ 47.6842877, -18.8648033, 1352.5 ], [ 47.6843414, -18.8648668, 1352.5 ], [ 47.6844031, -18.864981, 1352.4 ], [ 47.6845747, -18.8652551, 1352.2 ], [ 47.6846176, -18.8653135, 1352.0 ], [ 47.6847759, -18.8655191, 1351.5 ], [ 47.6849127, -18.8656663, 1351.0 ], [ 47.6855698, -18.866212, 1348.5 ], [ 47.6857871, -18.8663998, 1349.0 ], [ 47.6859131, -18.8665267, 1349.2 ], [ 47.6860312, -18.8666714, 1350.2 ], [ 47.6860741, -18.866844, 1351.0 ], [ 47.6860714, -18.8672577, 1352.5 ], [ 47.6860955, -18.8674024, 1352.8 ], [ 47.6861948, -18.8677704, 1354.2 ], [ 47.6865381, -18.869009, 1357.0 ], [ 47.6866052, -18.8692247, 1357.5 ], [ 47.6867285, -18.8697044, 1359.2 ], [ 47.68675, -18.8698567, 1359.4 ], [ 47.6867339, -18.8700597, 1359.5 ], [ 47.6865757, -18.8709125, 1360.2 ], [ 47.6865622, -18.8710419, 1360.5 ], [ 47.6865703, -18.871179, 1361.0 ], [ 47.6866186, -18.8713338, 1361.5 ], [ 47.6866588, -18.8714277, 1361.8 ], [ 47.6869217, -18.8717932, 1362.5 ], [ 47.6871952, -18.8721764, 1366.0 ], [ 47.6872972, -18.8723135, 1367.8 ], [ 47.6873535, -18.8724328, 1369.2 ], [ 47.687383, -18.872514, 1370.2 ], [ 47.6873964, -18.8726282, 1371.5 ], [ 47.6874018, -18.8727602, 1373.0 ], [ 47.6873937, -18.8730521, 1376.0 ], [ 47.6873937, -18.8731079, 1376.5 ], [ 47.6873803, -18.8736307, 1382.2 ], [ 47.6873723, -18.8737348, 1383.5 ], [ 47.6873481, -18.8738515, 1385.2 ], [ 47.6872838, -18.8739835, 1386.8 ], [ 47.6872516, -18.8740343, 1387.0 ], [ 47.6872382, -18.8740571, 1387.2 ], [ 47.6870799, -18.8742018, 1388.0 ], [ 47.6864898, -18.8747094, 1391.0 ], [ 47.6862484, -18.8749555, 1391.8 ], [ 47.6854759, -18.876052, 1398.0 ], [ 47.6853526, -18.8762524, 1399.0 ], [ 47.6853338, -18.8763895, 1398.7 ], [ 47.6853526, -18.8764885, 1398.5 ], [ 47.685374, -18.8765418, 1398.4 ], [ 47.6854357, -18.8766205, 1398.2 ], [ 47.6858461, -18.8771255, 1397.0 ], [ 47.6859239, -18.8773032, 1395.5 ], [ 47.6859856, -18.8774732, 1394.8 ], [ 47.6860231, -18.8775696, 1394.2 ], [ 47.6860794, -18.877727, 1393.0 ], [ 47.6861358, -18.8778209, 1392.2 ], [ 47.6861921, -18.8778996, 1391.8 ], [ 47.6862404, -18.8779732, 1391.2 ], [ 47.6865622, -18.878265, 1390.9 ], [ 47.6866508, -18.8783412, 1390.8 ], [ 47.6866964, -18.8784072, 1390.8 ], [ 47.6867527, -18.8785366, 1389.5 ], [ 47.6868305, -18.8788132, 1386.5 ], [ 47.6868707, -18.878897, 1385.8 ], [ 47.6869243, -18.8789858, 1385.0 ], [ 47.6869914, -18.8790899, 1384.0 ], [ 47.6870799, -18.8792269, 1383.0 ], [ 47.6871631, -18.8793208, 1382.2 ], [ 47.6872355, -18.8793792, 1382.0 ], [ 47.6872677, -18.8794046, 1381.8 ], [ 47.6873294, -18.8794477, 1381.5 ], [ 47.6873642, -18.8794756, 1381.2 ], [ 47.6874876, -18.8795416, 1380.8 ], [ 47.6876083, -18.8796076, 1379.8 ], [ 47.6877049, -18.8796482, 1379.2 ], [ 47.6878041, -18.879671, 1379.5 ], [ 47.6879463, -18.8796761, 1379.8 ], [ 47.6881501, -18.8796863, 1380.5 ], [ 47.6883513, -18.8797294, 1380.4 ], [ 47.688539, -18.879803, 1380.2 ], [ 47.6886436, -18.8798918, 1379.8 ], [ 47.6887348, -18.8800492, 1378.8 ], [ 47.6887643, -18.8802015, 1377.5 ], [ 47.6887268, -18.8804121, 1376.0 ], [ 47.6885149, -18.8811202, 1370.5 ], [ 47.6882923, -18.8818232, 1368.0 ], [ 47.6882815, -18.8819475, 1367.9 ], [ 47.6882815, -18.882049, 1367.8 ], [ 47.6883996, -18.8823536, 1367.5 ], [ 47.689113, -18.8835997, 1366.0 ], [ 47.6892418, -18.8838154, 1366.2 ], [ 47.6893169, -18.8839626, 1366.4 ], [ 47.6893705, -18.8841174, 1366.5 ], [ 47.6894403, -18.8843458, 1367.0 ], [ 47.6895502, -18.884828, 1366.8 ], [ 47.6897246, -18.8856249, 1365.0 ], [ 47.6897863, -18.8858482, 1364.2 ], [ 47.6899284, -18.8865562, 1364.0 ], [ 47.6901269, -18.8873633, 1366.2 ], [ 47.6902583, -18.887782, 1366.8 ], [ 47.6903227, -18.8879647, 1367.0 ], [ 47.6904541, -18.8882566, 1367.2 ], [ 47.6905078, -18.888452, 1367.5 ], [ 47.6905185, -18.8885814, 1367.2 ], [ 47.6905185, -18.888721, 1366.8 ], [ 47.6904944, -18.8888809, 1366.5 ], [ 47.6904514, -18.8890585, 1366.6 ], [ 47.6903978, -18.8892311, 1366.8 ], [ 47.6902154, -18.8896599, 1365.5 ], [ 47.6901269, -18.8898909, 1365.0 ], [ 47.6900625, -18.8900381, 1364.8 ], [ 47.6900116, -18.8903198, 1364.2 ], [ 47.6899686, -18.890571, 1364.0 ], [ 47.6899445, -18.8907867, 1363.8 ], [ 47.6899472, -18.8909694, 1363.5 ], [ 47.6899928, -18.8912765, 1362.8 ], [ 47.6900116, -18.8913958, 1362.5 ], [ 47.6901028, -18.892015, 1361.8 ], [ 47.6900974, -18.8921723, 1361.2 ], [ 47.6901028, -18.8923601, 1361.4 ], [ 47.6901188, -18.8924997, 1361.5 ], [ 47.6901618, -18.8926266, 1361.8 ], [ 47.6902235, -18.8927408, 1361.5 ], [ 47.6903442, -18.8928423, 1361.2 ], [ 47.6904649, -18.8929311, 1360.8 ], [ 47.6906177, -18.893025, 1360.2 ], [ 47.6908457, -18.8931265, 1358.8 ], [ 47.6913688, -18.8932965, 1356.2 ], [ 47.6915833, -18.8933879, 1355.8 ], [ 47.6917255, -18.893464, 1355.5 ], [ 47.6918516, -18.8935351, 1355.2 ], [ 47.6921386, -18.8936975, 1356.0 ], [ 47.6922646, -18.8937787, 1356.2 ], [ 47.6923692, -18.8938675, 1356.5 ], [ 47.6924524, -18.8939589, 1356.4 ], [ 47.6925167, -18.8940553, 1356.2 ], [ 47.6925623, -18.8941568, 1355.8 ], [ 47.6925945, -18.8942634, 1355.2 ], [ 47.692616, -18.8943979, 1354.5 ], [ 47.6926133, -18.8946034, 1353.2 ], [ 47.6925811, -18.8947455, 1352.2 ], [ 47.6920849, -18.8958088, 1351.0 ], [ 47.6919106, -18.8962174, 1351.5 ], [ 47.691865, -18.8963747, 1351.2 ], [ 47.6918516, -18.8966945, 1351.8 ], [ 47.6918918, -18.8970218, 1353.0 ], [ 47.6918998, -18.8972096, 1353.1 ], [ 47.6918891, -18.8973695, 1353.2 ], [ 47.691806, -18.8975243, 1352.6 ], [ 47.6915807, -18.8978237, 1351.2 ], [ 47.6915216, -18.8979709, 1350.8 ], [ 47.6914841, -18.8980851, 1350.2 ], [ 47.6914895, -18.8982069, 1349.5 ], [ 47.6915619, -18.8984023, 1348.0 ], [ 47.6916799, -18.8986332, 1347.8 ], [ 47.6917201, -18.8987855, 1347.2 ], [ 47.6916987, -18.8990012, 1345.5 ], [ 47.691578, -18.8995518, 1343.5 ], [ 47.6914224, -18.9002598, 1343.3 ], [ 47.6913634, -18.9005034, 1343.2 ], [ 47.6913527, -18.9007191, 1343.8 ], [ 47.6913366, -18.9011277, 1344.8 ], [ 47.6913446, -18.9020513, 1346.0 ], [ 47.6913393, -18.9024041, 1346.0 ], [ 47.6913527, -18.9024853, 1346.0 ], [ 47.6913795, -18.9025995, 1345.9 ], [ 47.6915002, -18.9029243, 1345.8 ], [ 47.6916558, -18.9031831, 1347.0 ], [ 47.6918113, -18.9033582, 1348.2 ], [ 47.691991, -18.9035561, 1348.8 ], [ 47.6927689, -18.903985, 1344.5 ], [ 47.69308, -18.9042387, 1341.2 ], [ 47.6933536, -18.9044823, 1339.2 ], [ 47.6939008, -18.9050533, 1338.5 ], [ 47.6940644, -18.905373, 1340.2 ], [ 47.69411, -18.9055303, 1341.0 ], [ 47.6941985, -18.9060607, 1344.0 ], [ 47.6943433, -18.9069945, 1346.8 ], [ 47.6943433, -18.9070579, 1346.7 ], [ 47.6943272, -18.9076517, 1346.5 ], [ 47.6944184, -18.9080881, 1348.0 ], [ 47.6945391, -18.9086667, 1349.0 ], [ 47.6946089, -18.9091767, 1348.8 ], [ 47.6946464, -18.9093264, 1348.5 ], [ 47.6947027, -18.9094609, 1348.2 ], [ 47.6947966, -18.9095649, 1348.5 ], [ 47.6949254, -18.9096131, 1349.2 ], [ 47.6955584, -18.9096715, 1354.2 ], [ 47.6958212, -18.9096994, 1355.5 ], [ 47.696009, -18.9097172, 1356.0 ], [ 47.6962236, -18.9097451, 1356.8 ], [ 47.6964408, -18.9097603, 1358.0 ], [ 47.69665, -18.909773, 1359.2 ], [ 47.6969317, -18.9097654, 1360.5 ], [ 47.6973447, -18.9097248, 1363.0 ], [ 47.6977605, -18.9098136, 1362.5 ], [ 47.6981199, -18.9099278, 1363.0 ], [ 47.6991364, -18.9102678, 1365.2 ], [ 47.7005902, -18.9111686, 1370.5 ], [ 47.7010864, -18.9114781, 1373.8 ], [ 47.7012607, -18.9116431, 1375.5 ], [ 47.7013546, -18.9118308, 1376.5 ], [ 47.7014109, -18.9123206, 1376.8 ], [ 47.7014914, -18.9124728, 1377.5 ], [ 47.7016175, -18.9125819, 1377.2 ], [ 47.7017623, -18.9126631, 1377.0 ], [ 47.7020547, -18.9126555, 1375.8 ], [ 47.7030793, -18.9123662, 1369.0 ], [ 47.7035353, -18.9122927, 1362.8 ], [ 47.7037311, -18.9122368, 1360.0 ], [ 47.703943, -18.9121404, 1357.0 ], [ 47.7040154, -18.9120009, 1356.7 ], [ 47.7041951, -18.9115543, 1355.8 ], [ 47.7042541, -18.9111559, 1353.8 ], [ 47.7041548, -18.910859, 1354.2 ], [ 47.7038008, -18.9106205, 1357.2 ], [ 47.7036452, -18.9104581, 1358.8 ], [ 47.7035943, -18.9102627, 1359.8 ], [ 47.7036801, -18.9100927, 1359.4 ], [ 47.7038169, -18.9099785, 1359.0 ], [ 47.7039912, -18.9099075, 1357.0 ], [ 47.7043453, -18.9098136, 1353.5 ], [ 47.7044901, -18.9097324, 1352.5 ], [ 47.7046216, -18.9096233, 1352.0 ], [ 47.7047154, -18.9094964, 1351.8 ], [ 47.7047744, -18.9093594, 1351.5 ], [ 47.7048817, -18.9089635, 1350.6 ], [ 47.7049971, -18.9087149, 1350.0 ], [ 47.7050883, -18.9083977, 1349.2 ], [ 47.705209, -18.9079587, 1348.8 ], [ 47.7053377, -18.9075654, 1349.5 ], [ 47.7053592, -18.9075197, 1349.8 ], [ 47.7057937, -18.9068447, 1351.2 ], [ 47.7058044, -18.9068168, 1351.3 ], [ 47.7058822, -18.9066037, 1351.5 ], [ 47.7059385, -18.9063575, 1352.0 ], [ 47.7059814, -18.9061292, 1352.2 ], [ 47.7060029, -18.9060201, 1351.8 ], [ 47.705968, -18.9057206, 1350.5 ], [ 47.7059948, -18.9055963, 1350.0 ], [ 47.7060458, -18.9054694, 1350.2 ], [ 47.7061531, -18.90534, 1350.5 ], [ 47.7067861, -18.9048401, 1353.0 ], [ 47.7068585, -18.9047792, 1353.8 ], [ 47.7070543, -18.9046193, 1356.0 ], [ 47.7071401, -18.9045661, 1357.0 ], [ 47.7072501, -18.9045229, 1358.0 ], [ 47.7073789, -18.9045255, 1358.5 ], [ 47.7076364, -18.9045407, 1358.8 ], [ 47.7077571, -18.9045204, 1359.0 ], [ 47.7079153, -18.9044392, 1359.5 ], [ 47.7085859, -18.9039494, 1363.2 ], [ 47.708964, -18.9036348, 1366.2 ], [ 47.7091008, -18.9035663, 1366.5 ], [ 47.7092564, -18.9035409, 1366.0 ], [ 47.709412, -18.9035612, 1365.0 ], [ 47.709581, -18.9036348, 1363.2 ], [ 47.7098089, -18.9037312, 1361.2 ], [ 47.7099323, -18.9037743, 1360.5 ], [ 47.7100933, -18.9037769, 1360.6 ], [ 47.7102381, -18.9037617, 1360.8 ], [ 47.7104741, -18.9036576, 1361.0 ], [ 47.7106619, -18.9035333, 1361.8 ], [ 47.7107343, -18.9034521, 1362.2 ], [ 47.7108926, -18.9032643, 1363.5 ], [ 47.7110159, -18.9030917, 1364.5 ], [ 47.7110642, -18.9029902, 1365.0 ], [ 47.711134, -18.9027695, 1365.8 ], [ 47.7112386, -18.9023178, 1368.8 ], [ 47.7112573, -18.9020691, 1369.8 ], [ 47.7112359, -18.9016733, 1369.6 ], [ 47.7112386, -18.9015388, 1369.6 ], [ 47.7112761, -18.9013916, 1369.5 ], [ 47.7114049, -18.9010566, 1369.0 ], [ 47.7115014, -18.9008054, 1368.9 ], [ 47.7116114, -18.9006227, 1368.8 ], [ 47.7117267, -18.900506, 1369.0 ], [ 47.7118313, -18.9003943, 1369.0 ], [ 47.7121398, -18.9003258, 1371.0 ], [ 47.7127433, -18.9002294, 1376.8 ], [ 47.7130973, -18.9001152, 1379.5 ], [ 47.7133575, -18.9000111, 1381.0 ], [ 47.7137652, -18.8998056, 1383.8 ], [ 47.7139208, -18.8997041, 1384.2 ], [ 47.7141085, -18.8995721, 1384.8 ], [ 47.7142936, -18.8992803, 1387.0 ], [ 47.7145109, -18.8989758, 1389.8 ], [ 47.7147496, -18.8987677, 1392.0 ], [ 47.7150205, -18.8985444, 1393.8 ], [ 47.7152324, -18.8982729, 1396.8 ], [ 47.7154711, -18.8976791, 1401.8 ], [ 47.7156401, -18.897202, 1404.2 ], [ 47.715691, -18.8969305, 1406.2 ], [ 47.7157152, -18.8965422, 1408.5 ], [ 47.7157742, -18.8951871, 1412.8 ], [ 47.7157769, -18.8950171, 1413.2 ], [ 47.7158117, -18.8946516, 1415.0 ], [ 47.7158493, -18.8944994, 1416.2 ], [ 47.7159512, -18.8943497, 1417.5 ], [ 47.716265, -18.8939766, 1422.5 ], [ 47.7163804, -18.8938269, 1424.8 ], [ 47.7164555, -18.8936518, 1427.5 ], [ 47.7165413, -18.8932102, 1434.2 ], [ 47.7165708, -18.8931519, 1435.2 ], [ 47.7166781, -18.8930275, 1437.5 ], [ 47.7167478, -18.892959, 1438.5 ], [ 47.7168283, -18.8928981, 1439.2 ], [ 47.7169892, -18.8928499, 1440.2 ], [ 47.7171636, -18.8928651, 1441.5 ], [ 47.7174398, -18.8929641, 1441.2 ], [ 47.7175793, -18.8929971, 1440.8 ], [ 47.7177402, -18.8929996, 1441.0 ], [ 47.7178046, -18.892992, 1441.2 ], [ 47.7183303, -18.8928397, 1446.0 ], [ 47.7185073, -18.8927763, 1447.5 ], [ 47.7187085, -18.892723, 1449.5 ], [ 47.7189124, -18.89269, 1452.0 ], [ 47.7193978, -18.8926773, 1457.5 ], [ 47.7203661, -18.8926595, 1469.2 ], [ 47.7206048, -18.8926443, 1471.8 ], [ 47.7207845, -18.8926113, 1473.5 ], [ 47.7209857, -18.892558, 1475.5 ], [ 47.7212191, -18.8924616, 1478.5 ], [ 47.7218172, -18.8921165, 1485.8 ], [ 47.7220452, -18.8919388, 1488.5 ], [ 47.7222732, -18.8916952, 1492.2 ], [ 47.7224341, -18.891515, 1496.5 ], [ 47.7226326, -18.8913044, 1500.5 ], [ 47.722764, -18.8912232, 1501.8 ], [ 47.7228981, -18.891175, 1502.2 ], [ 47.7230188, -18.8911496, 1502.5 ], [ 47.7231342, -18.891142, 1502.8 ], [ 47.7233246, -18.8911648, 1503.0 ], [ 47.7235445, -18.8912613, 1502.0 ], [ 47.7240166, -18.8912181, 1503.8 ], [ 47.7244297, -18.8912308, 1503.0 ], [ 47.7245986, -18.8912613, 1502.2 ], [ 47.7247247, -18.8912689, 1501.5 ], [ 47.7247944, -18.8912866, 1501.2 ], [ 47.7248561, -18.8912917, 1501.0 ], [ 47.7248883, -18.8912943, 1500.8 ], [ 47.724942, -18.8913146, 1500.5 ], [ 47.7249822, -18.8913425, 1500.4 ], [ 47.7250251, -18.8913552, 1500.2 ], [ 47.7250868, -18.8913831, 1500.0 ], [ 47.7251244, -18.891411, 1500.2 ], [ 47.7251512, -18.8914567, 1500.5 ], [ 47.7251995, -18.8915125, 1500.8 ], [ 47.7253148, -18.8915988, 1500.9 ], [ 47.7253577, -18.8916521, 1501.0 ], [ 47.7254006, -18.8916952, 1501.2 ], [ 47.7254435, -18.8917384, 1501.5 ], [ 47.7254838, -18.8917663, 1501.4 ], [ 47.7255428, -18.8917942, 1501.3 ], [ 47.7256018, -18.891817, 1501.2 ], [ 47.7256528, -18.8918348, 1501.0 ], [ 47.7257091, -18.89185, 1500.8 ], [ 47.7257654, -18.8918652, 1500.5 ], [ 47.7257976, -18.8918729, 1500.2 ], [ 47.7258646, -18.8918881, 1500.0 ], [ 47.7259102, -18.8918982, 1499.8 ], [ 47.7259612, -18.8919109, 1499.5 ], [ 47.726047, -18.8919338, 1499.0 ], [ 47.7261516, -18.8919668, 1498.5 ], [ 47.7262294, -18.8919896, 1498.2 ], [ 47.7263314, -18.8920277, 1498.4 ], [ 47.7264038, -18.8920657, 1498.5 ], [ 47.7264467, -18.8920911, 1498.6 ], [ 47.7265218, -18.8921368, 1498.8 ], [ 47.7265808, -18.8921926, 1499.2 ], [ 47.7266613, -18.8922789, 1500.5 ], [ 47.7267283, -18.8923474, 1501.2 ], [ 47.7268034, -18.8924515, 1502.5 ], [ 47.7268812, -18.8925657, 1504.0 ], [ 47.7270958, -18.8928778, 1506.5 ], [ 47.7274954, -18.8934437, 1509.2 ], [ 47.7275571, -18.8935427, 1509.5 ], [ 47.7276081, -18.8936264, 1509.8 ], [ 47.7276295, -18.8936645, 1510.0 ], [ 47.7277315, -18.8937964, 1510.2 ], [ 47.7277878, -18.8938726, 1510.5 ], [ 47.7278602, -18.8939538, 1510.4 ], [ 47.7279273, -18.8940198, 1510.2 ], [ 47.7280828, -18.8941441, 1510.0 ], [ 47.7283564, -18.8943217, 1509.5 ], [ 47.7286541, -18.8945045, 1510.0 ], [ 47.7288848, -18.8946516, 1510.5 ], [ 47.7289867, -18.8947202, 1510.8 ], [ 47.7290484, -18.8947582, 1510.8 ], [ 47.7291128, -18.8947887, 1510.9 ], [ 47.729204, -18.8948217, 1510.9 ], [ 47.7292791, -18.8948445, 1511.0 ], [ 47.7293381, -18.8948648, 1511.2 ], [ 47.7294454, -18.8948902, 1511.5 ], [ 47.7296117, -18.8949232, 1511.0 ], [ 47.7302527, -18.8950475, 1510.8 ], [ 47.7309474, -18.8951846, 1513.5 ], [ 47.7310306, -18.8951998, 1513.8 ], [ 47.7311191, -18.8952074, 1514.2 ], [ 47.731213, -18.895215, 1515.0 ], [ 47.7312693, -18.895215, 1515.5 ], [ 47.7313283, -18.8952023, 1516.2 ], [ 47.731382, -18.8951871, 1516.8 ], [ 47.7314276, -18.8951668, 1517.5 ], [ 47.7314839, -18.8951414, 1518.2 ], [ 47.7315429, -18.8951084, 1519.2 ], [ 47.7316207, -18.8950526, 1520.8 ], [ 47.7316636, -18.8950221, 1521.5 ], [ 47.7317038, -18.8949815, 1522.2 ], [ 47.7317655, -18.8949232, 1523.2 ], [ 47.7318138, -18.8948521, 1524.2 ], [ 47.731846, -18.8948014, 1525.0 ], [ 47.7318648, -18.8947506, 1525.5 ], [ 47.7318943, -18.8946643, 1526.2 ], [ 47.7319184, -18.8945273, 1527.2 ], [ 47.7319425, -18.8942507, 1529.5 ], [ 47.7319613, -18.8941162, 1530.5 ], [ 47.7319908, -18.8940299, 1531.2 ], [ 47.732015, -18.8939868, 1531.8 ], [ 47.7320659, -18.8939056, 1532.8 ], [ 47.7321249, -18.893837, 1533.8 ], [ 47.7321866, -18.8937787, 1534.8 ], [ 47.7322295, -18.8937406, 1535.2 ], [ 47.73231, -18.8936924, 1536.2 ], [ 47.7323717, -18.8936721, 1536.8 ], [ 47.7324495, -18.8936442, 1537.2 ], [ 47.7325273, -18.8936264, 1537.5 ], [ 47.7326024, -18.8936163, 1537.8 ], [ 47.7330583, -18.893563, 1538.5 ], [ 47.7333319, -18.8935757, 1539.2 ], [ 47.7334258, -18.8935731, 1539.5 ], [ 47.7335116, -18.8935706, 1539.6 ], [ 47.7335519, -18.8935706, 1539.6 ], [ 47.7335975, -18.8935655, 1539.7 ], [ 47.7336887, -18.8935604, 1539.8 ], [ 47.733804, -18.8935554, 1540.0 ], [ 47.7338415, -18.8935554, 1540.2 ], [ 47.7338845, -18.8935503, 1540.2 ], [ 47.7339703, -18.8935325, 1540.2 ], [ 47.7340668, -18.8935148, 1540.1 ], [ 47.7341527, -18.893497, 1540.0 ], [ 47.7343109, -18.8934564, 1539.9 ], [ 47.7345657, -18.8933955, 1539.8 ], [ 47.7346301, -18.8933777, 1539.5 ], [ 47.7347535, -18.8933447, 1539.0 ], [ 47.7348635, -18.8933219, 1538.5 ], [ 47.7349627, -18.8933016, 1538.2 ], [ 47.7350163, -18.8932914, 1538.0 ], [ 47.7350861, -18.8932762, 1537.5 ], [ 47.7351612, -18.8932711, 1537.2 ], [ 47.7352524, -18.8932762, 1537.2 ], [ 47.7354026, -18.8932813, 1537.0 ], [ 47.7355394, -18.893294, 1537.1 ], [ 47.7356628, -18.8933041, 1537.2 ], [ 47.7357808, -18.8933067, 1537.5 ], [ 47.7358693, -18.8933041, 1537.4 ], [ 47.7359095, -18.8933016, 1537.4 ], [ 47.7359498, -18.8932965, 1537.3 ], [ 47.7360061, -18.8932838, 1537.2 ], [ 47.736057, -18.8932711, 1537.0 ], [ 47.7361026, -18.8932559, 1536.8 ], [ 47.7361616, -18.8932432, 1536.5 ], [ 47.7362582, -18.8932026, 1535.5 ], [ 47.7363333, -18.893162, 1534.8 ], [ 47.7364138, -18.8931189, 1534.0 ], [ 47.7366793, -18.8929133, 1530.2 ], [ 47.7370468, -18.8926088, 1529.2 ], [ 47.7372104, -18.8925124, 1530.5 ], [ 47.7373096, -18.892454, 1531.2 ], [ 47.7375644, -18.8922611, 1534.0 ], [ 47.7378488, -18.8921216, 1536.8 ], [ 47.7381706, -18.8918906, 1540.5 ], [ 47.7384764, -18.8916698, 1542.8 ], [ 47.7386212, -18.8915734, 1543.5 ], [ 47.7386802, -18.8915277, 1544.0 ], [ 47.7387205, -18.8914973, 1544.2 ], [ 47.7387634, -18.8914694, 1544.5 ], [ 47.7388117, -18.8914389, 1544.8 ], [ 47.7388546, -18.891411, 1545.0 ], [ 47.7388948, -18.8913907, 1545.0 ], [ 47.7389699, -18.8913552, 1544.9 ], [ 47.7390182, -18.8913323, 1544.9 ], [ 47.7390638, -18.891312, 1544.8 ], [ 47.7391496, -18.8912866, 1544.8 ], [ 47.7392086, -18.891279, 1544.8 ], [ 47.7392703, -18.8912714, 1544.8 ], [ 47.7393374, -18.8912663, 1544.8 ], [ 47.7394071, -18.8912638, 1544.8 ], [ 47.7395198, -18.8912663, 1544.9 ], [ 47.7395788, -18.8912689, 1544.9 ], [ 47.7396378, -18.891274, 1544.9 ], [ 47.739678, -18.891279, 1544.9 ], [ 47.7397129, -18.8912866, 1544.9 ], [ 47.7397558, -18.8912943, 1544.9 ], [ 47.7398014, -18.8913069, 1544.9 ], [ 47.7398846, -18.8913374, 1545.0 ], [ 47.7399972, -18.8913755, 1545.0 ], [ 47.7401367, -18.8914288, 1545.5 ], [ 47.7402949, -18.891482, 1546.2 ], [ 47.7403888, -18.8915201, 1546.5 ], [ 47.7404827, -18.8915658, 1547.0 ], [ 47.7406758, -18.8916495, 1548.5 ], [ 47.7408341, -18.8917206, 1549.5 ], [ 47.7409092, -18.8917587, 1550.2 ], [ 47.7409869, -18.8918018, 1551.0 ], [ 47.7410647, -18.8918449, 1551.8 ], [ 47.7411398, -18.8918957, 1552.5 ], [ 47.7411908, -18.8919338, 1553.0 ], [ 47.7412605, -18.8919845, 1554.0 ], [ 47.7413759, -18.8920835, 1555.5 ], [ 47.7415985, -18.8923017, 1557.0 ], [ 47.7417862, -18.8925073, 1558.0 ], [ 47.741982, -18.8927281, 1560.0 ], [ 47.7421537, -18.8929235, 1562.0 ], [ 47.7422342, -18.8930072, 1562.8 ], [ 47.7423066, -18.8930884, 1563.5 ], [ 47.7423656, -18.8931544, 1564.0 ], [ 47.7424246, -18.8932204, 1564.5 ], [ 47.7424943, -18.8932838, 1565.0 ], [ 47.742548, -18.8933397, 1565.1 ], [ 47.7426231, -18.8934006, 1565.2 ], [ 47.742725, -18.8934691, 1565.8 ], [ 47.7428323, -18.8935376, 1566.5 ], [ 47.7429557, -18.8936036, 1567.5 ], [ 47.7430415, -18.8936442, 1568.2 ], [ 47.7431354, -18.8936797, 1568.8 ], [ 47.7432346, -18.8937127, 1569.0 ], [ 47.7433044, -18.8937279, 1569.2 ], [ 47.7433982, -18.8937508, 1569.3 ], [ 47.7436316, -18.8937888, 1569.5 ], [ 47.743763, -18.8938066, 1570.0 ], [ 47.7439025, -18.8938218, 1570.5 ], [ 47.743991, -18.8938345, 1570.4 ], [ 47.7440956, -18.8938548, 1570.2 ], [ 47.7441949, -18.8938802, 1569.8 ], [ 47.744329, -18.8939182, 1568.8 ], [ 47.744447, -18.8939665, 1567.5 ], [ 47.7445275, -18.8940121, 1566.5 ], [ 47.7446079, -18.8940578, 1565.8 ], [ 47.7447018, -18.8941162, 1565.0 ], [ 47.7447957, -18.8941872, 1564.2 ], [ 47.7451712, -18.8945374, 1560.5 ], [ 47.7452865, -18.894644, 1559.2 ], [ 47.7453938, -18.8947531, 1558.0 ], [ 47.7456406, -18.8950424, 1554.5 ], [ 47.7456862, -18.8951059, 1553.8 ], [ 47.7457318, -18.8951719, 1553.0 ], [ 47.7457666, -18.8952429, 1552.2 ], [ 47.7457935, -18.8952886, 1551.8 ], [ 47.7458149, -18.8953444, 1551.0 ], [ 47.745831, -18.8954028, 1550.2 ], [ 47.7458417, -18.8954586, 1549.5 ], [ 47.7458659, -18.8956489, 1547.8 ], [ 47.7458712, -18.8957809, 1547.2 ], [ 47.7458766, -18.8958799, 1547.0 ], [ 47.7458793, -18.8959357, 1547.0 ], [ 47.7458954, -18.8960068, 1547.1 ], [ 47.7459088, -18.8960651, 1547.2 ], [ 47.7459329, -18.8961184, 1547.2 ], [ 47.7459678, -18.8961768, 1547.2 ], [ 47.746008, -18.8962402, 1547.5 ], [ 47.7461421, -18.8963976, 1547.2 ], [ 47.746515, -18.8967858, 1543.5 ], [ 47.746869, -18.8971588, 1536.8 ], [ 47.7469388, -18.8972553, 1535.2 ], [ 47.7469978, -18.8973695, 1533.5 ], [ 47.7470058, -18.8974761, 1533.2 ], [ 47.7469629, -18.8977298, 1535.0 ], [ 47.7469361, -18.8979075, 1536.2 ], [ 47.7469414, -18.8980369, 1535.9 ], [ 47.7469817, -18.8981587, 1535.5 ], [ 47.7470407, -18.8982729, 1534.8 ], [ 47.7471212, -18.8983845, 1533.5 ], [ 47.7472365, -18.8985165, 1531.8 ], [ 47.747325, -18.898585, 1530.5 ], [ 47.7476496, -18.8987982, 1526.8 ], [ 47.7477327, -18.8988743, 1526.0 ], [ 47.7478185, -18.8989656, 1525.5 ], [ 47.7479768, -18.899156, 1524.8 ], [ 47.7480868, -18.8992702, 1524.5 ], [ 47.7481779, -18.8993387, 1524.2 ], [ 47.748296, -18.8994148, 1524.0 ], [ 47.7483845, -18.8994579, 1523.8 ], [ 47.7484676, -18.8994808, 1523.2 ], [ 47.7485374, -18.8994858, 1522.5 ], [ 47.7486071, -18.8994782, 1521.8 ], [ 47.7488351, -18.8994529, 1519.2 ], [ 47.7491114, -18.8994224, 1515.5 ], [ 47.7491999, -18.8994148, 1514.5 ], [ 47.7493072, -18.8994148, 1513.5 ], [ 47.7495539, -18.8994351, 1510.8 ], [ 47.749798, -18.899463, 1507.8 ], [ 47.7499831, -18.8994909, 1506.0 ], [ 47.7501306, -18.8995214, 1504.8 ], [ 47.7503291, -18.8995747, 1503.5 ], [ 47.7504846, -18.899628, 1502.5 ], [ 47.7505678, -18.8996609, 1501.8 ], [ 47.7506402, -18.8996939, 1501.2 ], [ 47.7507636, -18.8997498, 1500.2 ], [ 47.7508628, -18.8998132, 1499.5 ], [ 47.7509165, -18.8998589, 1499.0 ], [ 47.7509674, -18.8999096, 1498.2 ], [ 47.7510077, -18.8999578, 1497.8 ], [ 47.7510479, -18.9000137, 1497.2 ], [ 47.7510828, -18.9000746, 1496.8 ], [ 47.7511123, -18.9001329, 1496.5 ], [ 47.7511364, -18.9001964, 1496.2 ], [ 47.7511579, -18.9002827, 1496.4 ], [ 47.7511659, -18.9003486, 1496.5 ], [ 47.7511767, -18.9004476, 1496.8 ], [ 47.7511793, -18.9005618, 1497.0 ], [ 47.7511686, -18.9007064, 1497.2 ], [ 47.7511606, -18.9008612, 1497.0 ], [ 47.7511391, -18.9009399, 1497.2 ], [ 47.7509809, -18.9012038, 1501.0 ], [ 47.750828, -18.9014195, 1504.5 ], [ 47.7507985, -18.9014728, 1505.0 ], [ 47.7507743, -18.901554, 1504.9 ], [ 47.7507743, -18.9016225, 1504.8 ], [ 47.7507851, -18.9017062, 1504.2 ], [ 47.7508307, -18.9017849, 1503.2 ], [ 47.7508789, -18.9018585, 1502.5 ], [ 47.7509192, -18.9018991, 1501.8 ], [ 47.7509701, -18.9019346, 1501.0 ], [ 47.7510372, -18.9019701, 1500.0 ], [ 47.751115, -18.9019854, 1498.8 ], [ 47.7512223, -18.901993, 1496.8 ], [ 47.7514127, -18.9019701, 1493.0 ], [ 47.7515844, -18.9019575, 1489.8 ], [ 47.7516916, -18.9019575, 1487.8 ], [ 47.7518097, -18.9019651, 1485.8 ], [ 47.7520189, -18.9019575, 1482.0 ], [ 47.7521235, -18.9019625, 1480.2 ], [ 47.7521905, -18.9019625, 1479.2 ], [ 47.7522522, -18.9019524, 1478.2 ], [ 47.7523085, -18.9019321, 1477.5 ], [ 47.7523729, -18.9018991, 1476.8 ], [ 47.7524453, -18.9018534, 1476.0 ], [ 47.7525017, -18.9018001, 1475.5 ], [ 47.7525795, -18.901653, 1474.8 ], [ 47.7526894, -18.9013789, 1473.8 ], [ 47.7529737, -18.9006531, 1468.2 ], [ 47.7531052, -18.9004679, 1466.5 ], [ 47.7533332, -18.900374, 1466.3 ], [ 47.7534217, -18.9003486, 1466.2 ], [ 47.7535102, -18.9003309, 1466.0 ], [ 47.7536282, -18.9003182, 1465.8 ], [ 47.7537489, -18.9003156, 1465.5 ], [ 47.7538535, -18.9003207, 1465.2 ], [ 47.7539259, -18.9003359, 1465.0 ], [ 47.7540144, -18.9003664, 1465.1 ], [ 47.7541137, -18.9004222, 1465.2 ], [ 47.7541754, -18.9004654, 1465.3 ], [ 47.7542263, -18.9005136, 1465.3 ], [ 47.7543014, -18.9005973, 1465.4 ], [ 47.7543712, -18.900676, 1465.5 ], [ 47.7546528, -18.9010541, 1466.0 ], [ 47.7547306, -18.9011657, 1466.8 ], [ 47.7548057, -18.9012419, 1467.0 ], [ 47.7549022, -18.9013256, 1467.2 ], [ 47.7549961, -18.901384, 1467.4 ], [ 47.7550927, -18.9014296, 1467.5 ], [ 47.7551946, -18.9014626, 1467.3 ], [ 47.7552697, -18.9014753, 1467.1 ], [ 47.7553475, -18.9014702, 1467.0 ], [ 47.7554226, -18.9014347, 1465.8 ], [ 47.7555218, -18.9013561, 1463.0 ], [ 47.755664, -18.9012343, 1458.8 ], [ 47.7557391, -18.901181, 1457.0 ], [ 47.7558008, -18.901153, 1456.0 ], [ 47.7558652, -18.9011302, 1455.2 ], [ 47.7559885, -18.9011023, 1454.2 ], [ 47.7561146, -18.9010871, 1453.8 ], [ 47.7562004, -18.9010769, 1453.3 ], [ 47.756364, -18.9010109, 1452.2 ], [ 47.7565894, -18.9009044, 1449.8 ], [ 47.7567074, -18.9008765, 1449.2 ], [ 47.7567905, -18.9008688, 1449.5 ], [ 47.7569005, -18.9008714, 1449.8 ], [ 47.7571633, -18.9008917, 1450.5 ], [ 47.7574745, -18.9007952, 1446.5 ], [ 47.7575684, -18.90078, 1445.5 ], [ 47.757614, -18.9007775, 1445.0 ], [ 47.7576837, -18.90078, 1444.5 ], [ 47.75774, -18.9007927, 1444.2 ], [ 47.7577937, -18.9008105, 1444.4 ], [ 47.7578661, -18.9008485, 1444.5 ], [ 47.7579251, -18.9008942, 1445.0 ], [ 47.7580109, -18.900983, 1446.2 ], [ 47.7580914, -18.9010921, 1447.8 ], [ 47.7582067, -18.9012571, 1450.0 ], [ 47.7582738, -18.9013713, 1452.0 ], [ 47.758491, -18.9016276, 1455.8 ], [ 47.7586734, -18.9016859, 1455.0 ], [ 47.7587834, -18.9016707, 1453.0 ], [ 47.7589497, -18.9015794, 1448.2 ], [ 47.759234, -18.9013104, 1439.0 ], [ 47.7593654, -18.9012165, 1436.8 ], [ 47.7594942, -18.9011226, 1434.8 ], [ 47.7596954, -18.9009957, 1432.2 ], [ 47.7597597, -18.9009627, 1431.8 ], [ 47.7598321, -18.9009374, 1431.2 ], [ 47.7599314, -18.9009171, 1430.8 ], [ 47.7600574, -18.9008993, 1430.2 ], [ 47.7601755, -18.9008866, 1429.8 ], [ 47.7603069, -18.900879, 1429.2 ], [ 47.7604651, -18.9008841, 1428.8 ], [ 47.7606046, -18.9008993, 1428.2 ], [ 47.7608514, -18.9009297, 1427.5 ], [ 47.7608916, -18.9009323, 1427.4 ], [ 47.7609345, -18.9009297, 1427.2 ], [ 47.7609828, -18.9009247, 1427.0 ], [ 47.7610365, -18.900912, 1426.8 ], [ 47.7610901, -18.9008866, 1426.5 ], [ 47.7612323, -18.9007978, 1425.2 ], [ 47.7614093, -18.9006658, 1424.2 ], [ 47.7614602, -18.9006303, 1424.2 ], [ 47.7615166, -18.9006075, 1424.2 ], [ 47.7615702, -18.9005973, 1424.1 ], [ 47.7616373, -18.9005922, 1424.1 ], [ 47.761707, -18.9005999, 1424.0 ], [ 47.7617607, -18.90061, 1424.0 ], [ 47.7619672, -18.9006633, 1423.0 ], [ 47.7621737, -18.900714, 1422.5 ], [ 47.7623615, -18.90078, 1421.5 ], [ 47.7624339, -18.9008155, 1421.0 ], [ 47.7624714, -18.9008435, 1420.5 ], [ 47.7625519, -18.9009526, 1418.8 ], [ 47.7626967, -18.9012672, 1414.5 ], [ 47.7628148, -18.9015261, 1413.5 ], [ 47.7628496, -18.901592, 1413.7 ], [ 47.7629408, -18.9017088, 1414.0 ], [ 47.763024, -18.9017697, 1414.5 ], [ 47.7632493, -18.9018864, 1415.8 ], [ 47.7634156, -18.9019752, 1416.8 ], [ 47.7634826, -18.9020082, 1417.2 ], [ 47.7635497, -18.902031, 1417.5 ], [ 47.7636409, -18.9020488, 1418.0 ], [ 47.7637187, -18.902064, 1418.5 ], [ 47.7637964, -18.9020716, 1419.0 ], [ 47.7638823, -18.9020793, 1419.5 ], [ 47.7639547, -18.9020691, 1419.4 ], [ 47.7640486, -18.9020513, 1419.4 ], [ 47.7642202, -18.901993, 1419.2 ], [ 47.7643463, -18.9019092, 1418.8 ], [ 47.764467, -18.9017976, 1418.2 ], [ 47.7649042, -18.9014398, 1414.2 ], [ 47.7654058, -18.9009805, 1410.5 ], [ 47.7655774, -18.9008765, 1409.5 ], [ 47.7656874, -18.9008587, 1409.2 ], [ 47.7657571, -18.9008358, 1409.0 ], [ 47.7658215, -18.9008232, 1408.8 ], [ 47.7658725, -18.9008181, 1408.5 ], [ 47.7659395, -18.9008155, 1408.2 ], [ 47.7660227, -18.9008206, 1408.0 ], [ 47.7661219, -18.9008435, 1407.8 ], [ 47.7666637, -18.9010566, 1410.0 ], [ 47.7667308, -18.9010795, 1410.2 ], [ 47.7668139, -18.9010972, 1410.2 ], [ 47.7668917, -18.9011048, 1410.1 ], [ 47.7669695, -18.9011023, 1410.0 ], [ 47.7670473, -18.9010947, 1409.9 ], [ 47.767117, -18.9010744, 1409.8 ], [ 47.7672002, -18.9010363, 1409.5 ], [ 47.7672806, -18.9009957, 1409.2 ], [ 47.7673799, -18.9009323, 1409.0 ], [ 47.7674764, -18.9008536, 1409.2 ], [ 47.7675945, -18.9007343, 1409.5 ], [ 47.7676642, -18.9006125, 1409.3 ], [ 47.7679431, -18.9002065, 1408.5 ], [ 47.7681014, -18.8999832, 1408.0 ], [ 47.768198, -18.8998741, 1407.9 ], [ 47.7682918, -18.8997904, 1407.8 ], [ 47.7683643, -18.8997295, 1407.8 ], [ 47.7684769, -18.8996483, 1407.2 ], [ 47.7687827, -18.8995061, 1407.0 ], [ 47.7690643, -18.899392, 1407.2 ], [ 47.7696571, -18.8991966, 1408.5 ], [ 47.7699333, -18.8990519, 1409.0 ], [ 47.7703437, -18.8987677, 1408.2 ], [ 47.7709338, -18.8983515, 1407.0 ], [ 47.7712986, -18.8980825, 1404.2 ], [ 47.7715319, -18.897981, 1403.5 ], [ 47.7716607, -18.8979303, 1403.2 ], [ 47.7718216, -18.8979024, 1403.5 ], [ 47.7721033, -18.8979227, 1403.8 ], [ 47.77235, -18.8979658, 1404.2 ], [ 47.7725592, -18.8979633, 1404.5 ], [ 47.7729267, -18.8979455, 1406.8 ], [ 47.7741954, -18.897778, 1407.8 ], [ 47.7749947, -18.897674, 1408.2 ], [ 47.7753729, -18.8976308, 1408.5 ], [ 47.7756384, -18.8975801, 1407.5 ], [ 47.7761641, -18.897471, 1404.5 ], [ 47.7767301, -18.897306, 1400.0 ], [ 47.776832, -18.8972477, 1399.5 ], [ 47.7769795, -18.8971665, 1398.8 ], [ 47.7771029, -18.8970954, 1398.2 ], [ 47.7772504, -18.8969279, 1398.4 ], [ 47.7774301, -18.8966665, 1398.5 ], [ 47.7775159, -18.8965422, 1399.0 ], [ 47.7779371, -18.8959281, 1403.8 ], [ 47.7781436, -18.8956236, 1405.0 ], [ 47.7786317, -18.8948953, 1405.2 ], [ 47.7787605, -18.8946212, 1405.2 ], [ 47.7788034, -18.8944816, 1405.2 ], [ 47.7788141, -18.8943344, 1406.0 ], [ 47.7788249, -18.8941238, 1407.5 ], [ 47.7788061, -18.8939182, 1409.0 ], [ 47.7788249, -18.8935782, 1410.0 ], [ 47.778841, -18.8934361, 1410.2 ], [ 47.7788919, -18.8933092, 1410.3 ], [ 47.7790207, -18.8931646, 1410.4 ], [ 47.7792272, -18.8930174, 1410.5 ], [ 47.7793989, -18.8929463, 1410.6 ], [ 47.779651, -18.8928499, 1410.8 ], [ 47.7805898, -18.8924286, 1420.0 ], [ 47.7813864, -18.8920708, 1426.5 ], [ 47.7817217, -18.8919135, 1427.2 ], [ 47.7820435, -18.8917739, 1427.8 ], [ 47.7822635, -18.8916952, 1427.5 ], [ 47.7824351, -18.8916521, 1426.8 ], [ 47.7825907, -18.8916115, 1426.2 ], [ 47.7827463, -18.8916191, 1425.8 ], [ 47.7831244, -18.8916597, 1424.2 ], [ 47.7833927, -18.8916927, 1422.2 ], [ 47.7838728, -18.8917485, 1420.5 ], [ 47.7840123, -18.8917637, 1420.5 ], [ 47.7847284, -18.8918475, 1420.2 ], [ 47.7852863, -18.8918906, 1420.0 ], [ 47.7872229, -18.8920429, 1414.5 ], [ 47.7880812, -18.8921089, 1414.2 ], [ 47.7890629, -18.8921698, 1411.0 ], [ 47.7901196, -18.8922383, 1409.5 ], [ 47.7911925, -18.8923474, 1412.2 ], [ 47.7911952, -18.8923474, 1412.2 ], [ 47.7912542, -18.892355, 1411.0 ], [ 47.7912891, -18.8923601, 1411.0 ], [ 47.7913722, -18.8923652, 1411.0 ], [ 47.7952695, -18.8926418, 1410.2 ], [ 47.7964228, -18.8927306, 1408.0 ], [ 47.7965757, -18.892756, 1407.9 ], [ 47.7967528, -18.8927864, 1407.7 ], [ 47.7969351, -18.8928118, 1407.5 ], [ 47.7973455, -18.8928118, 1406.2 ], [ 47.7979249, -18.8928245, 1404.4 ], [ 47.7980429, -18.8928169, 1404.0 ], [ 47.7982146, -18.8928017, 1403.8 ], [ 47.7987215, -18.8928118, 1404.8 ], [ 47.7992579, -18.8929159, 1405.2 ], [ 47.7998346, -18.8932331, 1407.0 ], [ 47.8000331, -18.893431, 1408.0 ], [ 47.8001699, -18.893634, 1409.2 ], [ 47.8002772, -18.8939056, 1409.8 ], [ 47.8004381, -18.89572, 1413.2 ], [ 47.8004757, -18.8959484, 1413.5 ], [ 47.80054, -18.8965777, 1412.5 ], [ 47.80065, -18.8970929, 1411.8 ], [ 47.8008646, -18.8976156, 1412.0 ], [ 47.8008512, -18.8978085, 1412.1 ], [ 47.8007117, -18.8979887, 1412.2 ], [ 47.8005105, -18.8983287, 1412.8 ], [ 47.8005186, -18.8985977, 1410.8 ], [ 47.8006554, -18.8987829, 1409.0 ], [ 47.8010818, -18.8991737, 1406.2 ], [ 47.8020743, -18.9000289, 1403.2 ], [ 47.8021762, -18.90027, 1401.8 ], [ 47.8022003, -18.9008485, 1397.0 ], [ 47.8026804, -18.901653, 1390.8 ], [ 47.802777, -18.9017849, 1390.0 ], [ 47.8032464, -18.9021351, 1389.0 ], [ 47.8036889, -18.9025868, 1383.8 ], [ 47.8046733, -18.9037642, 1385.5 ], [ 47.8048423, -18.9041804, 1385.8 ], [ 47.8052098, -18.9046777, 1385.0 ], [ 47.8071517, -18.9068244, 1389.2 ], [ 47.8074038, -18.9072533, 1388.5 ], [ 47.8075701, -18.907705, 1387.0 ], [ 47.8082702, -18.9096867, 1387.5 ], [ 47.8086913, -18.9109123, 1389.0 ], [ 47.8087315, -18.911331, 1388.8 ], [ 47.8087047, -18.9127849, 1383.2 ], [ 47.808769, -18.9130412, 1381.8 ], [ 47.8089461, -18.9134269, 1379.5 ], [ 47.810145, -18.9158374, 1380.5 ], [ 47.8107727, -18.9170984, 1378.5 ], [ 47.8110087, -18.9177429, 1381.8 ], [ 47.8110141, -18.9181946, 1382.5 ], [ 47.8107083, -18.919278, 1379.2 ], [ 47.8104374, -18.9202777, 1379.5 ], [ 47.8104025, -18.9203843, 1379.8 ], [ 47.8102013, -18.9211277, 1381.5 ], [ 47.8102174, -18.9218026, 1382.0 ], [ 47.8103086, -18.9233859, 1381.5 ], [ 47.8103328, -18.9236954, 1381.8 ], [ 47.8103676, -18.9241978, 1382.2 ], [ 47.8104186, -18.9244616, 1382.0 ], [ 47.8110865, -18.9258038, 1379.8 ], [ 47.8113091, -18.9261362, 1379.5 ], [ 47.8115612, -18.9262884, 1380.0 ], [ 47.8117329, -18.9263493, 1380.8 ], [ 47.811918, -18.9263519, 1381.5 ], [ 47.8121325, -18.9263087, 1382.0 ], [ 47.8123954, -18.9261819, 1381.7 ], [ 47.8128728, -18.9259002, 1381.0 ], [ 47.813597, -18.9255298, 1382.5 ], [ 47.8140879, -18.9254613, 1386.2 ], [ 47.8144768, -18.9252939, 1387.8 ], [ 47.815032, -18.9249539, 1388.0 ], [ 47.8160807, -18.9241825, 1384.0 ], [ 47.8163946, -18.9240354, 1383.0 ], [ 47.8167218, -18.9239897, 1382.8 ], [ 47.8169927, -18.9240684, 1384.0 ], [ 47.8171268, -18.9241546, 1385.0 ], [ 47.817328, -18.9243957, 1386.0 ], [ 47.8174058, -18.9246621, 1386.8 ], [ 47.8177169, -18.9263569, 1389.0 ], [ 47.8177357, -18.9265092, 1389.2 ], [ 47.8178215, -18.9267807, 1389.5 ], [ 47.8179851, -18.9270115, 1389.6 ], [ 47.8181756, -18.9271841, 1389.8 ], [ 47.8188515, -18.9276331, 1391.0 ], [ 47.8191036, -18.9279021, 1390.8 ], [ 47.819455, -18.928374, 1390.5 ], [ 47.8198573, -18.928917, 1391.8 ], [ 47.8200665, -18.9291149, 1393.2 ], [ 47.8203696, -18.9292443, 1394.8 ], [ 47.8211743, -18.9294345, 1392.2 ], [ 47.8215364, -18.9294244, 1390.5 ], [ 47.8218234, -18.929328, 1391.0 ], [ 47.8225824, -18.9289804, 1397.2 ], [ 47.8230572, -18.9289271, 1400.8 ], [ 47.8234032, -18.9289525, 1403.0 ], [ 47.8237599, -18.9287571, 1404.2 ], [ 47.8241864, -18.9284273, 1403.2 ], [ 47.8244627, -18.9282979, 1402.5 ], [ 47.8247765, -18.9282421, 1400.8 ], [ 47.8254148, -18.9282674, 1399.0 ], [ 47.8256723, -18.928237, 1399.5 ], [ 47.8263026, -18.9279427, 1403.5 ], [ 47.8272387, -18.9275799, 1404.5 ], [ 47.8275043, -18.927519, 1404.8 ], [ 47.8282312, -18.9277448, 1409.0 ], [ 47.8286013, -18.9277346, 1409.8 ], [ 47.8288481, -18.9276737, 1410.2 ], [ 47.829347, -18.9274124, 1411.8 ], [ 47.8298056, -18.927387, 1408.8 ], [ 47.8299585, -18.9273388, 1407.5 ], [ 47.8302187, -18.9269811, 1409.0 ], [ 47.8303286, -18.9268238, 1410.2 ], [ 47.8304332, -18.9267629, 1409.5 ], [ 47.8307685, -18.9267274, 1404.8 ], [ 47.8310904, -18.9266107, 1401.8 ], [ 47.8321096, -18.9258825, 1393.0 ], [ 47.832225, -18.9257049, 1392.0 ], [ 47.8322572, -18.9253776, 1391.8 ], [ 47.8317502, -18.9240633, 1386.8 ], [ 47.8316858, -18.9236726, 1387.8 ], [ 47.8318924, -18.9228327, 1389.2 ], [ 47.8320935, -18.922579, 1388.2 ], [ 47.8326005, -18.9222644, 1386.8 ], [ 47.8327855, -18.9220005, 1386.5 ], [ 47.8329894, -18.921559, 1385.8 ], [ 47.8332469, -18.9209653, 1385.2 ], [ 47.8333113, -18.9203437, 1385.0 ], [ 47.8335205, -18.9197905, 1385.2 ], [ 47.8335553, -18.9186995, 1387.0 ], [ 47.8337726, -18.9181565, 1387.8 ], [ 47.8342581, -18.9171771, 1386.8 ], [ 47.8345156, -18.9166925, 1386.2 ], [ 47.8348401, -18.9162408, 1388.0 ], [ 47.8356743, -18.915236, 1389.5 ], [ 47.8359291, -18.9150635, 1390.2 ], [ 47.8365058, -18.9146981, 1394.0 ], [ 47.8369081, -18.9143682, 1395.0 ], [ 47.8370422, -18.9142566, 1395.2 ], [ 47.8373748, -18.9140714, 1396.5 ], [ 47.8375545, -18.9140409, 1397.2 ], [ 47.8377637, -18.9140714, 1398.0 ], [ 47.8380695, -18.9141932, 1399.0 ], [ 47.8382009, -18.9142947, 1398.8 ], [ 47.8383029, -18.9145129, 1399.8 ], [ 47.8382868, -18.9147209, 1400.8 ], [ 47.8379434, -18.9151904, 1406.0 ], [ 47.8378522, -18.9153908, 1406.5 ], [ 47.8377959, -18.9163677, 1407.8 ], [ 47.8379086, -18.9166519, 1410.8 ], [ 47.8383404, -18.9170198, 1416.5 ], [ 47.8384396, -18.9171593, 1418.5 ], [ 47.8384638, -18.9175044, 1425.0 ], [ 47.838378, -18.9178013, 1431.0 ], [ 47.8384531, -18.9181032, 1436.0 ], [ 47.8387696, -18.9184077, 1439.8 ], [ 47.83907, -18.9186107, 1441.8 ], [ 47.8393006, -18.9189786, 1451.0 ], [ 47.8394911, -18.9191943, 1457.5 ], [ 47.8396279, -18.9192146, 1459.0 ], [ 47.839821, -18.9191334, 1457.8 ], [ 47.8401348, -18.9187401, 1445.5 ], [ 47.8402555, -18.9186919, 1445.0 ], [ 47.8405881, -18.9187553, 1452.0 ], [ 47.8407437, -18.9187401, 1453.8 ], [ 47.8410012, -18.9185422, 1451.2 ], [ 47.8412077, -18.9182859, 1444.8 ], [ 47.8413793, -18.9182149, 1445.0 ], [ 47.8418434, -18.9181844, 1450.5 ], [ 47.8420714, -18.9182326, 1454.2 ], [ 47.8422645, -18.9183595, 1457.0 ], [ 47.8423423, -18.9185447, 1458.0 ], [ 47.8423476, -18.918631, 1458.0 ], [ 47.8423476, -18.918664, 1458.1 ], [ 47.8423423, -18.9187097, 1458.1 ], [ 47.8423208, -18.9187934, 1458.1 ], [ 47.8423047, -18.9188289, 1458.2 ], [ 47.8422886, -18.918867, 1458.2 ], [ 47.8422403, -18.9189761, 1458.2 ], [ 47.8422001, -18.9190649, 1458.5 ], [ 47.8421545, -18.9191435, 1458.8 ], [ 47.8420392, -18.9193135, 1460.0 ], [ 47.8419319, -18.9194455, 1462.0 ], [ 47.8418273, -18.9195596, 1464.2 ], [ 47.8417709, -18.9196205, 1465.5 ], [ 47.8417119, -18.9196916, 1467.0 ], [ 47.8416824, -18.9197296, 1467.8 ], [ 47.8416583, -18.9197677, 1468.2 ], [ 47.8416449, -18.9197905, 1468.8 ], [ 47.8416315, -18.9198235, 1469.0 ], [ 47.8416207, -18.919854, 1469.2 ], [ 47.8416127, -18.919892, 1469.5 ], [ 47.8416073, -18.9199428, 1469.3 ], [ 47.8416154, -18.9200265, 1469.0 ], [ 47.8416342, -18.9201305, 1468.0 ], [ 47.8416878, -18.9202879, 1465.5 ], [ 47.8417361, -18.9203944, 1463.2 ], [ 47.8417736, -18.9204756, 1461.2 ], [ 47.8418192, -18.920539, 1459.2 ], [ 47.8418595, -18.9205999, 1457.5 ], [ 47.8419185, -18.9206684, 1455.2 ], [ 47.8419775, -18.9207243, 1453.0 ], [ 47.8420338, -18.9207852, 1450.8 ], [ 47.8421009, -18.920879, 1448.0 ], [ 47.842133, -18.9209349, 1446.8 ], [ 47.8421706, -18.9210237, 1445.2 ], [ 47.8421786, -18.9210668, 1445.0 ], [ 47.842176, -18.9211201, 1445.2 ], [ 47.8421572, -18.9211962, 1446.2 ], [ 47.842133, -18.9212596, 1447.5 ], [ 47.8420365, -18.9214677, 1452.0 ], [ 47.8419694, -18.9215971, 1455.5 ], [ 47.8419399, -18.9216478, 1457.0 ], [ 47.8419292, -18.9216834, 1457.8 ], [ 47.8419131, -18.9217189, 1458.5 ], [ 47.8418943, -18.9217519, 1459.2 ], [ 47.8418729, -18.9218128, 1460.5 ], [ 47.8418595, -18.9218635, 1461.2 ], [ 47.8418487, -18.9219295, 1462.0 ], [ 47.8418595, -18.9220056, 1462.2 ], [ 47.8418729, -18.9220563, 1462.0 ], [ 47.8418943, -18.9221071, 1461.8 ], [ 47.8419399, -18.9221528, 1460.5 ], [ 47.8420043, -18.9221933, 1458.8 ], [ 47.8420499, -18.9222162, 1457.2 ], [ 47.8422001, -18.9222568, 1451.5 ], [ 47.8423101, -18.9222796, 1447.2 ], [ 47.84242, -18.9223025, 1443.5 ], [ 47.8425676, -18.922338, 1438.5 ], [ 47.8427097, -18.9223887, 1434.2 ], [ 47.8428894, -18.9224598, 1429.5 ], [ 47.8430396, -18.9225105, 1426.0 ], [ 47.8431255, -18.922541, 1424.2 ], [ 47.843222, -18.9225587, 1422.8 ], [ 47.8432542, -18.9225917, 1422.5 ], [ 47.8433239, -18.9225613, 1421.5 ], [ 47.8434339, -18.9225613, 1420.5 ], [ 47.8435063, -18.9225511, 1419.8 ], [ 47.8436512, -18.922513, 1418.8 ], [ 47.8437397, -18.9225004, 1418.2 ], [ 47.8438228, -18.9224978, 1417.8 ], [ 47.8438979, -18.9225029, 1417.5 ], [ 47.8439891, -18.9225283, 1417.6 ], [ 47.8440642, -18.9225587, 1417.8 ], [ 47.8441367, -18.9225866, 1418.0 ], [ 47.8442064, -18.9226323, 1418.2 ], [ 47.84426, -18.9226805, 1418.5 ], [ 47.8443217, -18.9227541, 1418.8 ], [ 47.8443915, -18.9228657, 1418.5 ], [ 47.8444424, -18.9229723, 1418.2 ], [ 47.84448, -18.9230712, 1417.5 ], [ 47.8445524, -18.9232666, 1415.8 ], [ 47.8445953, -18.9233782, 1414.5 ], [ 47.8446221, -18.923429, 1413.8 ], [ 47.8446624, -18.9234797, 1413.0 ], [ 47.8447348, -18.9235432, 1412.0 ], [ 47.8448126, -18.9235939, 1411.2 ], [ 47.8450915, -18.9237208, 1409.5 ], [ 47.8453732, -18.9238476, 1407.5 ], [ 47.8455529, -18.9239212, 1406.2 ], [ 47.8456709, -18.923977, 1405.2 ], [ 47.846151, -18.9241927, 1403.5 ], [ 47.8462744, -18.9242434, 1403.6 ], [ 47.8463978, -18.9242942, 1403.7 ], [ 47.8464809, -18.9243272, 1403.8 ], [ 47.8465641, -18.9243551, 1404.0 ], [ 47.8466552, -18.924383, 1404.5 ], [ 47.8467196, -18.9243982, 1404.8 ], [ 47.8467706, -18.9244058, 1404.8 ], [ 47.8468511, -18.9244033, 1404.9 ], [ 47.8469288, -18.9243957, 1404.9 ], [ 47.8470173, -18.9243703, 1405.0 ], [ 47.8471085, -18.9243348, 1405.5 ], [ 47.8472024, -18.9242891, 1406.0 ], [ 47.8472883, -18.9242384, 1406.2 ], [ 47.8474787, -18.9240887, 1406.0 ], [ 47.8476664, -18.9238933, 1405.5 ], [ 47.8478488, -18.9237157, 1405.3 ], [ 47.8479615, -18.9236421, 1405.2 ], [ 47.8480527, -18.9235838, 1405.0 ], [ 47.8481412, -18.9235356, 1405.1 ], [ 47.848227, -18.9234924, 1405.2 ], [ 47.8483263, -18.9234645, 1405.5 ], [ 47.8484523, -18.9234417, 1405.8 ], [ 47.8486079, -18.9234341, 1406.2 ], [ 47.8487447, -18.9234391, 1406.5 ], [ 47.8490156, -18.9234747, 1406.8 ], [ 47.8493294, -18.9235508, 1406.2 ], [ 47.8494662, -18.9235863, 1406.0 ], [ 47.8495976, -18.9236091, 1405.2 ], [ 47.8498927, -18.923665, 1402.8 ], [ 47.8500509, -18.9236878, 1401.0 ], [ 47.8501394, -18.9237005, 1400.2 ], [ 47.8502226, -18.9237157, 1399.8 ], [ 47.8503084, -18.9237284, 1399.0 ], [ 47.8503674, -18.9237436, 1398.5 ], [ 47.8504479, -18.9237715, 1397.8 ], [ 47.8505284, -18.9238045, 1397.0 ], [ 47.8506249, -18.9238603, 1396.5 ], [ 47.8506947, -18.9239085, 1396.2 ], [ 47.8507563, -18.9239669, 1396.0 ], [ 47.8508073, -18.9240126, 1395.8 ], [ 47.8508636, -18.924076, 1395.5 ], [ 47.8509119, -18.9241394, 1395.2 ], [ 47.8509602, -18.924213, 1395.0 ], [ 47.8511345, -18.9245834, 1394.1 ], [ 47.851215, -18.9247382, 1393.8 ], [ 47.8512606, -18.9248219, 1393.0 ], [ 47.8513062, -18.9249031, 1392.2 ], [ 47.8513357, -18.9249412, 1391.8 ], [ 47.8513652, -18.9249742, 1391.2 ], [ 47.8514162, -18.9250274, 1390.5 ], [ 47.8514698, -18.9250833, 1389.8 ], [ 47.8515261, -18.9251137, 1389.0 ], [ 47.8515583, -18.9251315, 1388.8 ], [ 47.8515932, -18.9251442, 1388.8 ], [ 47.8516281, -18.9251568, 1388.8 ], [ 47.8516656, -18.9251645, 1388.9 ], [ 47.8517032, -18.9251746, 1389.0 ], [ 47.851738, -18.9251797, 1389.0 ], [ 47.8517944, -18.9251848, 1388.8 ], [ 47.8518507, -18.9251898, 1388.5 ], [ 47.8519312, -18.9251848, 1388.2 ], [ 47.8520116, -18.9251721, 1388.0 ], [ 47.8521001, -18.9251518, 1387.8 ], [ 47.8522128, -18.9251162, 1388.2 ], [ 47.8524917, -18.9250021, 1389.5 ], [ 47.8527626, -18.9248904, 1391.5 ], [ 47.8529102, -18.9248245, 1392.2 ], [ 47.8530684, -18.9247585, 1392.8 ], [ 47.8531972, -18.9247027, 1393.2 ], [ 47.8532803, -18.9246722, 1393.5 ], [ 47.8533608, -18.9246443, 1393.6 ], [ 47.8534546, -18.924624, 1393.8 ], [ 47.8535593, -18.9245987, 1394.0 ], [ 47.8536612, -18.924586, 1394.2 ], [ 47.8537148, -18.9245834, 1394.5 ], [ 47.8537604, -18.9245885, 1394.8 ], [ 47.8538489, -18.9246063, 1395.2 ], [ 47.8539589, -18.9246418, 1396.0 ], [ 47.8540152, -18.9246697, 1396.5 ], [ 47.8540555, -18.9246951, 1397.0 ], [ 47.854144, -18.9247484, 1398.0 ], [ 47.854203, -18.9247966, 1398.8 ], [ 47.85427, -18.9248701, 1399.5 ], [ 47.8543586, -18.9249767, 1400.2 ], [ 47.8544471, -18.9250883, 1401.2 ], [ 47.8545222, -18.9251721, 1401.8 ], [ 47.8545624, -18.9252127, 1401.8 ], [ 47.8546053, -18.9252431, 1401.8 ], [ 47.8546643, -18.9252888, 1401.9 ], [ 47.8547931, -18.9253446, 1402.0 ], [ 47.8549084, -18.9253725, 1402.2 ], [ 47.8551713, -18.9253522, 1401.8 ], [ 47.855477, -18.9252101, 1400.8 ], [ 47.8555897, -18.9251213, 1400.5 ], [ 47.8556594, -18.9250706, 1400.2 ], [ 47.8557265, -18.92503, 1400.0 ], [ 47.8558016, -18.9249843, 1399.8 ], [ 47.8558686, -18.9249488, 1399.5 ], [ 47.8560135, -18.9248828, 1398.8 ], [ 47.8564185, -18.9247255, 1399.0 ], [ 47.8566384, -18.9246469, 1400.0 ], [ 47.8567699, -18.9246012, 1400.8 ], [ 47.8568879, -18.9245707, 1401.5 ], [ 47.8569952, -18.9245479, 1402.5 ], [ 47.857089, -18.9245378, 1403.5 ], [ 47.8572017, -18.9245327, 1404.8 ], [ 47.857309, -18.9245378, 1405.8 ], [ 47.8574216, -18.9245479, 1406.2 ], [ 47.8577515, -18.924619, 1407.2 ], [ 47.8578508, -18.9246443, 1407.8 ], [ 47.85795, -18.9246672, 1408.0 ], [ 47.8580761, -18.9246875, 1408.2 ], [ 47.858229, -18.9247078, 1408.8 ], [ 47.8583792, -18.9247154, 1409.2 ], [ 47.8585562, -18.9247179, 1409.5 ], [ 47.858685, -18.9247154, 1409.9 ], [ 47.8590041, -18.9246976, 1410.8 ], [ 47.8591812, -18.9246849, 1412.2 ], [ 47.8593287, -18.9246773, 1413.5 ], [ 47.8594413, -18.9246697, 1414.2 ], [ 47.8596023, -18.9246494, 1415.8 ], [ 47.8597847, -18.924624, 1418.0 ], [ 47.8599697, -18.9245936, 1420.8 ], [ 47.8601199, -18.9245581, 1422.8 ], [ 47.8602031, -18.9245378, 1423.8 ], [ 47.8602836, -18.9245099, 1424.8 ], [ 47.860423, -18.9244439, 1425.8 ], [ 47.8605571, -18.9243703, 1426.2 ], [ 47.8606725, -18.9242993, 1426.5 ], [ 47.8607637, -18.9242206, 1426.2 ], [ 47.8608629, -18.924114, 1426.0 ], [ 47.8610051, -18.9239517, 1426.2 ], [ 47.8610694, -18.9238654, 1426.4 ], [ 47.8611419, -18.9237867, 1426.5 ], [ 47.8612357, -18.9237055, 1426.8 ], [ 47.8613189, -18.9236396, 1427.0 ], [ 47.8613806, -18.9235888, 1427.2 ], [ 47.861461, -18.9235432, 1427.8 ], [ 47.8615227, -18.9235127, 1428.0 ], [ 47.8615952, -18.9234823, 1428.2 ], [ 47.8617856, -18.9234112, 1428.4 ], [ 47.8619331, -18.9233656, 1428.4 ], [ 47.8620592, -18.9233224, 1428.5 ], [ 47.8621933, -18.9232717, 1428.8 ], [ 47.8624159, -18.923193, 1428.5 ], [ 47.8626037, -18.923122, 1428.5 ], [ 47.862719, -18.9230839, 1428.5 ], [ 47.8628477, -18.9230433, 1428.4 ], [ 47.8629389, -18.9230154, 1428.4 ], [ 47.8630248, -18.9229977, 1428.4 ], [ 47.8631482, -18.922985, 1428.4 ], [ 47.8632313, -18.9229824, 1428.4 ], [ 47.8633869, -18.92299, 1428.4 ], [ 47.8634673, -18.9230002, 1428.3 ], [ 47.8635827, -18.923023, 1428.3 ], [ 47.8637087, -18.9230611, 1428.3 ], [ 47.8638026, -18.9230966, 1428.3 ], [ 47.8638723, -18.9231347, 1428.3 ], [ 47.8639501, -18.9231702, 1428.3 ], [ 47.8640547, -18.9232336, 1428.2 ], [ 47.8641272, -18.9232945, 1428.4 ], [ 47.8642237, -18.9233833, 1428.5 ], [ 47.8643095, -18.9234747, 1428.8 ], [ 47.8643686, -18.9235432, 1428.6 ], [ 47.8644276, -18.923632, 1428.5 ], [ 47.8644758, -18.9237233, 1428.2 ], [ 47.8645241, -18.9238147, 1428.1 ], [ 47.8645429, -18.9238705, 1428.1 ], [ 47.8645751, -18.9239542, 1428.0 ], [ 47.864669, -18.9241927, 1427.0 ], [ 47.8647146, -18.9243043, 1426.8 ], [ 47.8647682, -18.9244261, 1426.7 ], [ 47.8648272, -18.9245403, 1426.6 ], [ 47.8648862, -18.9246595, 1426.5 ], [ 47.8649479, -18.9247585, 1426.6 ], [ 47.865015, -18.92486, 1426.7 ], [ 47.865082, -18.9249589, 1426.8 ], [ 47.8651625, -18.9250833, 1426.5 ], [ 47.8652403, -18.9252101, 1426.0 ], [ 47.8653261, -18.9253243, 1425.8 ], [ 47.8654602, -18.9255197, 1425.5 ], [ 47.8655863, -18.9257074, 1424.8 ], [ 47.865656, -18.9258191, 1424.0 ], [ 47.8657231, -18.925918, 1423.2 ], [ 47.8657982, -18.926017, 1422.5 ], [ 47.865833, -18.9260626, 1422.0 ], [ 47.8658706, -18.9261058, 1421.5 ], [ 47.8659081, -18.9261489, 1421.0 ], [ 47.8659591, -18.926187, 1420.8 ], [ 47.8660074, -18.926225, 1420.5 ], [ 47.8660557, -18.926258, 1420.5 ], [ 47.8661066, -18.9262834, 1420.4 ], [ 47.8661817, -18.926324, 1420.4 ], [ 47.86623, -18.9263366, 1420.3 ], [ 47.8662783, -18.9263544, 1420.3 ], [ 47.8663588, -18.9263722, 1420.2 ], [ 47.86645, -18.9263849, 1420.2 ], [ 47.8665251, -18.9263874, 1420.1 ], [ 47.8666833, -18.9264051, 1420.0 ], [ 47.8668818, -18.9264381, 1419.0 ], [ 47.867083, -18.9264534, 1417.8 ], [ 47.8674504, -18.9264889, 1414.0 ], [ 47.8676006, -18.9265016, 1412.5 ], [ 47.8680459, -18.9265422, 1410.2 ], [ 47.8685474, -18.9267096, 1411.8 ], [ 47.8690115, -18.9269278, 1415.0 ], [ 47.8694192, -18.9271815, 1418.2 ], [ 47.8695264, -18.9272475, 1419.0 ], [ 47.8698778, -18.9273338, 1421.0 ], [ 47.8702345, -18.9273135, 1421.8 ], [ 47.8705135, -18.9272779, 1421.5 ], [ 47.870881, -18.9272576, 1420.2 ], [ 47.8710151, -18.9272399, 1419.0 ], [ 47.8711277, -18.9272323, 1417.8 ], [ 47.8712162, -18.9272247, 1416.8 ], [ 47.8713021, -18.9272247, 1416.0 ], [ 47.8713799, -18.9272348, 1415.8 ], [ 47.8714442, -18.9272576, 1415.9 ], [ 47.8714979, -18.927283, 1416.0 ], [ 47.8715596, -18.9273084, 1416.2 ], [ 47.8718117, -18.9274124, 1416.8 ], [ 47.8719243, -18.9274505, 1416.5 ], [ 47.8720102, -18.9274758, 1416.4 ], [ 47.872096, -18.9274911, 1416.4 ], [ 47.872147, -18.9274936, 1416.4 ], [ 47.8721952, -18.9274936, 1416.3 ], [ 47.8722596, -18.9274911, 1416.3 ], [ 47.8723294, -18.9274784, 1416.2 ], [ 47.8723723, -18.9274657, 1416.0 ], [ 47.8724152, -18.9274429, 1415.5 ], [ 47.8724849, -18.9273947, 1414.5 ], [ 47.8725547, -18.9273414, 1413.5 ], [ 47.872619, -18.927283, 1412.0 ], [ 47.8726646, -18.92725, 1411.0 ], [ 47.8726995, -18.9272272, 1410.2 ], [ 47.8727424, -18.9272094, 1409.8 ], [ 47.8728148, -18.9271841, 1409.0 ], [ 47.8728873, -18.9271714, 1408.5 ], [ 47.8731152, -18.9271638, 1408.0 ], [ 47.8732815, -18.9271562, 1407.2 ], [ 47.8735739, -18.9271587, 1406.0 ], [ 47.8738287, -18.9271562, 1405.8 ], [ 47.8739521, -18.9271562, 1405.4 ], [ 47.8744724, -18.9271511, 1403.8 ], [ 47.8746146, -18.9271511, 1403.2 ], [ 47.8750196, -18.9271435, 1402.0 ], [ 47.8750545, -18.9271409, 1401.9 ], [ 47.8750893, -18.9271435, 1401.9 ], [ 47.8751403, -18.9271359, 1401.8 ], [ 47.8751886, -18.9271308, 1401.5 ], [ 47.8752396, -18.9271105, 1401.0 ], [ 47.8752905, -18.9270877, 1400.5 ], [ 47.8753763, -18.9270293, 1399.2 ], [ 47.8754836, -18.9269557, 1397.5 ], [ 47.8756177, -18.9268745, 1395.8 ], [ 47.8756955, -18.9268289, 1395.0 ], [ 47.8757411, -18.926806, 1394.8 ], [ 47.8758082, -18.9267832, 1394.5 ], [ 47.8758886, -18.9267629, 1394.3 ], [ 47.876012, -18.9267553, 1394.0 ], [ 47.8762186, -18.9267426, 1393.0 ], [ 47.8764224, -18.9267274, 1392.0 ], [ 47.8765833, -18.9267172, 1391.2 ], [ 47.8767255, -18.9267096, 1390.5 ], [ 47.8769106, -18.9267045, 1389.2 ], [ 47.8770849, -18.926702, 1387.5 ], [ 47.8771949, -18.9267045, 1386.2 ], [ 47.8772914, -18.9267096, 1385.2 ], [ 47.8774202, -18.9267198, 1384.5 ], [ 47.8775355, -18.926735, 1384.0 ], [ 47.8776374, -18.9267477, 1383.5 ], [ 47.8777179, -18.9267604, 1383.2 ], [ 47.877793, -18.926773, 1383.0 ], [ 47.8778332, -18.9267883, 1382.9 ], [ 47.8778923, -18.9268086, 1382.8 ], [ 47.8779486, -18.9268314, 1382.5 ], [ 47.8780425, -18.9268771, 1382.2 ], [ 47.8781068, -18.9269202, 1382.3 ], [ 47.8781685, -18.9269811, 1382.4 ], [ 47.8782222, -18.9270445, 1382.4 ], [ 47.8782919, -18.9271511, 1382.5 ], [ 47.878359, -18.9272881, 1382.8 ], [ 47.8784233, -18.927415, 1383.0 ], [ 47.8785548, -18.9276408, 1382.1 ], [ 47.8787076, -18.9277194, 1381.5 ], [ 47.8788847, -18.9277803, 1379.0 ], [ 47.8792897, -18.9279554, 1375.5 ], [ 47.8796947, -18.9281228, 1375.0 ], [ 47.8799146, -18.9282167, 1375.8 ], [ 47.8799924, -18.9282446, 1376.0 ], [ 47.8800675, -18.9282751, 1376.5 ], [ 47.880148, -18.9282979, 1377.0 ], [ 47.880207, -18.9283156, 1377.2 ], [ 47.8802741, -18.9283309, 1377.5 ], [ 47.8803411, -18.9283334, 1377.6 ], [ 47.8804028, -18.9283436, 1377.6 ], [ 47.8805396, -18.9283588, 1377.8 ], [ 47.8806791, -18.9283765, 1378.0 ], [ 47.8808105, -18.9283867, 1377.9 ], [ 47.88095, -18.928407, 1377.8 ], [ 47.8810707, -18.9284146, 1377.8 ], [ 47.8812236, -18.9284197, 1377.0 ], [ 47.8813255, -18.9284171, 1376.2 ], [ 47.8813791, -18.9284146, 1375.8 ], [ 47.8814113, -18.9284146, 1375.5 ], [ 47.8814355, -18.9284222, 1375.2 ], [ 47.8815669, -18.928473, 1375.0 ], [ 47.8817439, -18.9285415, 1374.5 ], [ 47.8818324, -18.9285719, 1374.2 ], [ 47.8819156, -18.9285947, 1374.0 ], [ 47.8820255, -18.9286226, 1373.8 ], [ 47.882098, -18.9286328, 1373.5 ], [ 47.882157, -18.9286429, 1373.2 ], [ 47.8822026, -18.9286379, 1373.0 ], [ 47.8822508, -18.9286328, 1372.8 ], [ 47.882342, -18.9286176, 1372.2 ], [ 47.8824949, -18.9285846, 1371.2 ], [ 47.8825754, -18.9285643, 1370.8 ], [ 47.8826559, -18.9285643, 1370.2 ], [ 47.8827122, -18.9285618, 1370.0 ], [ 47.8827471, -18.9285643, 1369.8 ], [ 47.8828275, -18.9285846, 1369.2 ], [ 47.8829965, -18.9286379, 1368.2 ], [ 47.8831547, -18.9286835, 1367.8 ], [ 47.8833184, -18.9287267, 1367.0 ], [ 47.8835517, -18.9287419, 1366.5 ], [ 47.8837287, -18.928752, 1366.8 ], [ 47.883777, -18.9287495, 1367.2 ], [ 47.8838655, -18.9287419, 1368.0 ], [ 47.8839594, -18.9287241, 1368.5 ], [ 47.8840345, -18.9287216, 1369.0 ], [ 47.8841659, -18.9286658, 1369.8 ], [ 47.884284, -18.9286226, 1370.5 ], [ 47.8844127, -18.9285694, 1371.5 ], [ 47.88452, -18.9285161, 1372.2 ], [ 47.8846836, -18.9284298, 1372.8 ], [ 47.8848687, -18.9283182, 1373.5 ], [ 47.8850189, -18.9282142, 1374.0 ], [ 47.8850994, -18.9281406, 1373.8 ], [ 47.8851718, -18.9280645, 1373.2 ], [ 47.8852978, -18.9279122, 1372.8 ], [ 47.8854105, -18.9277575, 1373.1 ], [ 47.8855339, -18.9276103, 1373.5 ], [ 47.8856009, -18.927519, 1374.0 ], [ 47.8856331, -18.9274784, 1374.2 ], [ 47.8856626, -18.9274505, 1374.5 ], [ 47.8856975, -18.927415, 1374.8 ], [ 47.8857404, -18.9273769, 1375.0 ], [ 47.8858182, -18.9273287, 1375.2 ], [ 47.8859577, -18.927245, 1375.5 ], [ 47.8860757, -18.9271663, 1375.8 ], [ 47.8862125, -18.9270902, 1375.5 ], [ 47.8863144, -18.9270192, 1375.0 ], [ 47.8863975, -18.9269506, 1374.5 ], [ 47.886427, -18.9269151, 1374.5 ], [ 47.8864485, -18.9268821, 1374.4 ], [ 47.8864914, -18.9268162, 1374.3 ], [ 47.8865397, -18.9267274, 1374.2 ], [ 47.8865799, -18.9266005, 1374.7 ], [ 47.8866363, -18.9263544, 1375.5 ], [ 47.8866524, -18.9262681, 1376.0 ], [ 47.8866765, -18.926192, 1376.2 ], [ 47.8866926, -18.9261387, 1376.5 ], [ 47.886714, -18.9260829, 1376.8 ], [ 47.8867435, -18.9260246, 1377.0 ], [ 47.8867704, -18.9259865, 1376.8 ], [ 47.8867918, -18.9259688, 1376.7 ], [ 47.8868482, -18.9259307, 1376.5 ], [ 47.8870064, -18.9258368, 1375.0 ], [ 47.8871512, -18.9257683, 1374.0 ], [ 47.8873041, -18.9257201, 1372.8 ], [ 47.8874463, -18.9256668, 1371.2 ], [ 47.8875563, -18.925611, 1370.2 ], [ 47.8876126, -18.9255806, 1370.0 ], [ 47.8876743, -18.9255374, 1369.5 ], [ 47.8876984, -18.9255222, 1369.2 ], [ 47.8877199, -18.9254994, 1369.0 ], [ 47.8877494, -18.9254512, 1368.8 ], [ 47.8878111, -18.925337, 1368.2 ], [ 47.8878996, -18.9250985, 1367.5 ], [ 47.8879908, -18.9248524, 1366.8 ], [ 47.8880873, -18.9245936, 1365.5 ], [ 47.8881893, -18.9243069, 1365.2 ], [ 47.8882241, -18.92418, 1365.3 ], [ 47.8882429, -18.9240684, 1365.4 ], [ 47.8882617, -18.9239238, 1365.5 ], [ 47.8882617, -18.9238578, 1365.8 ], [ 47.8882509, -18.9238096, 1366.0 ], [ 47.8882322, -18.9236827, 1366.5 ], [ 47.8881973, -18.9235787, 1367.0 ], [ 47.8881329, -18.9233478, 1367.8 ], [ 47.8881142, -18.9232514, 1367.8 ], [ 47.8881034, -18.9231448, 1367.9 ], [ 47.8881088, -18.923056, 1368.0 ], [ 47.8881142, -18.9230002, 1368.2 ], [ 47.8881329, -18.9228886, 1368.5 ], [ 47.8881463, -18.9228124, 1368.2 ], [ 47.8881705, -18.922749, 1368.0 ], [ 47.8882053, -18.9226729, 1367.5 ], [ 47.8883502, -18.922338, 1367.8 ], [ 47.8884548, -18.9221172, 1367.5 ], [ 47.8885058, -18.9219751, 1367.0 ], [ 47.8885594, -18.9218407, 1366.5 ], [ 47.8885809, -18.9217722, 1366.2 ], [ 47.8885916, -18.9217163, 1366.2 ], [ 47.8886211, -18.9214855, 1366.1 ], [ 47.8886613, -18.9213028, 1366.1 ], [ 47.8887284, -18.9211378, 1366.0 ], [ 47.8887901, -18.9209856, 1365.8 ], [ 47.8888625, -18.9208511, 1365.2 ], [ 47.8889269, -18.9207319, 1365.3 ], [ 47.8889912, -18.9206278, 1365.3 ], [ 47.8891897, -18.9203284, 1365.4 ], [ 47.8893185, -18.9201255, 1365.5 ], [ 47.8894016, -18.9199758, 1366.0 ], [ 47.8894633, -18.9198514, 1366.5 ], [ 47.8895196, -18.9197271, 1366.8 ], [ 47.8895465, -18.9196561, 1366.9 ], [ 47.8895572, -18.9195926, 1367.0 ], [ 47.8895599, -18.9195343, 1367.2 ], [ 47.8895652, -18.9194835, 1367.5 ], [ 47.8895625, -18.9194404, 1367.8 ], [ 47.8895599, -18.9194049, 1368.0 ], [ 47.8895518, -18.9193313, 1368.2 ], [ 47.8895357, -18.9192526, 1368.5 ], [ 47.8895169, -18.9191816, 1368.6 ], [ 47.8894848, -18.9189761, 1368.8 ], [ 47.8894714, -18.9188746, 1369.2 ], [ 47.8894687, -18.9187807, 1369.8 ], [ 47.889466, -18.9186716, 1370.2 ], [ 47.8894767, -18.9186056, 1370.5 ], [ 47.8895169, -18.918494, 1370.4 ], [ 47.8895625, -18.9184255, 1370.2 ], [ 47.8896484, -18.918291, 1369.5 ], [ 47.889753, -18.9181388, 1368.2 ], [ 47.8898764, -18.9179688, 1366.8 ], [ 47.89004, -18.917748, 1365.8 ], [ 47.8901714, -18.9175729, 1365.2 ], [ 47.8902411, -18.9174765, 1365.0 ], [ 47.8902894, -18.9174182, 1364.8 ], [ 47.8903431, -18.9173598, 1364.5 ], [ 47.8903806, -18.9173344, 1364.2 ], [ 47.8904182, -18.9173141, 1364.0 ], [ 47.890512, -18.9172938, 1363.5 ], [ 47.8906354, -18.9172583, 1363.2 ], [ 47.8907374, -18.9172279, 1363.4 ], [ 47.8907883, -18.9172152, 1363.5 ], [ 47.8908232, -18.9171949, 1363.8 ], [ 47.8908715, -18.9171593, 1364.0 ], [ 47.890901, -18.9171162, 1364.2 ], [ 47.8909251, -18.9170807, 1364.5 ], [ 47.8909466, -18.9170401, 1364.8 ], [ 47.8909546, -18.9169944, 1364.7 ], [ 47.8909653, -18.9169513, 1364.7 ], [ 47.8909707, -18.9168498, 1364.5 ], [ 47.8909707, -18.9167559, 1364.4 ], [ 47.8909492, -18.9165884, 1364.2 ], [ 47.8909546, -18.9164895, 1364.0 ], [ 47.8909707, -18.9164058, 1363.8 ], [ 47.891019, -18.916185, 1363.5 ], [ 47.8910834, -18.9159643, 1363.8 ], [ 47.891137, -18.9157943, 1363.5 ], [ 47.8911772, -18.9157257, 1363.6 ], [ 47.8912121, -18.9156851, 1363.7 ], [ 47.8912684, -18.9156344, 1363.8 ], [ 47.8913328, -18.915609, 1364.2 ], [ 47.8914294, -18.9155887, 1365.0 ], [ 47.8915232, -18.9155836, 1365.5 ], [ 47.8916922, -18.9155913, 1366.0 ], [ 47.8918612, -18.9155862, 1366.8 ], [ 47.891998, -18.915571, 1367.2 ], [ 47.8920624, -18.9155634, 1367.1 ], [ 47.8921241, -18.9155405, 1367.0 ], [ 47.892167, -18.9155126, 1366.8 ], [ 47.8922394, -18.9154466, 1366.0 ], [ 47.8922716, -18.9154086, 1365.5 ], [ 47.892293, -18.9153756, 1365.2 ], [ 47.8923199, -18.9153147, 1364.8 ], [ 47.8923413, -18.915236, 1364.0 ], [ 47.8923494, -18.915165, 1363.5 ], [ 47.892344, -18.915099, 1363.2 ], [ 47.8923038, -18.9150204, 1363.0 ], [ 47.8922555, -18.9149214, 1363.1 ], [ 47.8921965, -18.9148123, 1363.2 ], [ 47.8920892, -18.9146169, 1364.8 ], [ 47.8920543, -18.914518, 1365.8 ], [ 47.8920382, -18.9144012, 1366.8 ], [ 47.8920329, -18.9142972, 1367.5 ], [ 47.8920463, -18.9140942, 1368.2 ], [ 47.8920677, -18.913975, 1368.0 ], [ 47.8920999, -18.913876, 1367.8 ], [ 47.8921375, -18.9137923, 1367.2 ], [ 47.8921884, -18.9136984, 1366.5 ], [ 47.8922635, -18.9135918, 1365.2 ], [ 47.8923091, -18.9135512, 1364.5 ], [ 47.8923467, -18.9135208, 1363.8 ], [ 47.8923815, -18.9134954, 1363.0 ], [ 47.8924111, -18.9134802, 1362.5 ], [ 47.8924352, -18.9134726, 1362.0 ], [ 47.8924593, -18.9134649, 1361.5 ], [ 47.8924862, -18.9134599, 1361.0 ], [ 47.8925747, -18.9134675, 1359.5 ], [ 47.8926766, -18.913503, 1358.5 ], [ 47.8927839, -18.9135563, 1357.8 ], [ 47.8929958, -18.9136654, 1356.8 ], [ 47.8931433, -18.9137339, 1356.5 ], [ 47.893264, -18.9137669, 1356.4 ], [ 47.8933015, -18.9137694, 1356.4 ], [ 47.8933471, -18.9137694, 1356.4 ], [ 47.8934088, -18.9137542, 1356.4 ], [ 47.8934491, -18.9137339, 1356.4 ], [ 47.8934786, -18.9137161, 1356.4 ], [ 47.8935161, -18.9136832, 1356.3 ], [ 47.8935564, -18.9136349, 1356.3 ], [ 47.893618, -18.9135334, 1356.2 ], [ 47.8936341, -18.9135005, 1356.1 ], [ 47.8936422, -18.9134649, 1356.0 ], [ 47.8936476, -18.9134193, 1355.8 ], [ 47.8936476, -18.9133812, 1355.7 ], [ 47.8936395, -18.9133457, 1355.7 ], [ 47.8936315, -18.9133051, 1355.6 ], [ 47.8936154, -18.9132721, 1355.6 ], [ 47.8935805, -18.9132213, 1355.5 ], [ 47.8934142, -18.9129803, 1354.2 ], [ 47.8933793, -18.9129346, 1354.0 ], [ 47.8932157, -18.9127291, 1354.3 ], [ 47.8930333, -18.9124551, 1354.8 ], [ 47.8927571, -18.91194, 1356.2 ], [ 47.8926551, -18.9117674, 1356.3 ], [ 47.8926203, -18.9116964, 1356.3 ], [ 47.8925934, -18.9116304, 1356.3 ], [ 47.8925639, -18.9115492, 1356.3 ], [ 47.8925478, -18.911468, 1356.3 ], [ 47.8925505, -18.9113716, 1356.4 ], [ 47.8925639, -18.9112878, 1356.4 ], [ 47.8925774, -18.9112041, 1356.4 ], [ 47.8926042, -18.9111229, 1356.4 ], [ 47.8926471, -18.9106941, 1356.5 ], [ 47.8926551, -18.9104784, 1356.5 ], [ 47.8926525, -18.9103693, 1356.4 ], [ 47.8926337, -18.9102779, 1356.3 ], [ 47.8926229, -18.9102576, 1356.3 ], [ 47.8925774, -18.9102018, 1356.2 ], [ 47.8925398, -18.9101612, 1355.8 ], [ 47.8924888, -18.9101308, 1355.2 ], [ 47.8923252, -18.9100521, 1353.2 ], [ 47.8921375, -18.9099734, 1352.5 ], [ 47.8920275, -18.9099151, 1352.2 ], [ 47.8919739, -18.909877, 1352.2 ], [ 47.8919283, -18.9098314, 1352.1 ], [ 47.89188, -18.909773, 1352.1 ], [ 47.8918371, -18.9097045, 1352.0 ], [ 47.8918183, -18.9096385, 1351.8 ], [ 47.8918022, -18.9095675, 1351.8 ], [ 47.8918049, -18.9095294, 1351.8 ], [ 47.8918102, -18.9095015, 1351.8 ], [ 47.8918236, -18.9094685, 1351.9 ], [ 47.8918505, -18.9094, 1351.9 ], [ 47.8919363, -18.9092528, 1352.0 ], [ 47.8922367, -18.9088341, 1354.8 ], [ 47.8923279, -18.9087225, 1356.2 ], [ 47.8924137, -18.9086438, 1357.5 ], [ 47.8925022, -18.9085753, 1358.8 ], [ 47.8925693, -18.9085271, 1359.8 ], [ 47.89269, -18.9084916, 1361.0 ], [ 47.8928483, -18.908451, 1362.5 ], [ 47.8929475, -18.9083875, 1363.2 ], [ 47.8929824, -18.9083013, 1363.2 ], [ 47.8929931, -18.9081338, 1363.0 ], [ 47.8929716, -18.9079739, 1362.9 ], [ 47.8929743, -18.9078369, 1362.8 ], [ 47.8929716, -18.9077075, 1362.8 ], [ 47.8930923, -18.9073573, 1361.8 ], [ 47.8931111, -18.907266, 1361.5 ], [ 47.8930977, -18.9071645, 1361.2 ], [ 47.8930306, -18.9070249, 1361.0 ], [ 47.8928563, -18.9066037, 1359.2 ], [ 47.8927892, -18.9063829, 1358.2 ], [ 47.8927892, -18.9062028, 1357.0 ], [ 47.8928134, -18.9060632, 1356.5 ], [ 47.8928804, -18.9059363, 1356.8 ], [ 47.8930146, -18.9057739, 1357.8 ], [ 47.8931835, -18.9055811, 1360.5 ], [ 47.8933311, -18.9053984, 1363.5 ], [ 47.8934169, -18.905274, 1365.5 ], [ 47.8934759, -18.9052004, 1366.8 ], [ 47.8935322, -18.9051497, 1367.8 ], [ 47.8935698, -18.9051294, 1368.2 ], [ 47.893602, -18.9051116, 1368.8 ], [ 47.8936395, -18.9051066, 1369.0 ], [ 47.8937119, -18.9050888, 1369.8 ], [ 47.8937656, -18.9050863, 1370.0 ], [ 47.8938782, -18.9050786, 1370.5 ], [ 47.8940552, -18.9050837, 1371.0 ], [ 47.8942028, -18.9050812, 1371.5 ], [ 47.8942698, -18.9050863, 1371.8 ], [ 47.8943074, -18.9050888, 1372.0 ], [ 47.894353, -18.9050812, 1372.2 ], [ 47.8945112, -18.9050406, 1373.2 ], [ 47.8946668, -18.9049949, 1373.8 ], [ 47.8948921, -18.904934, 1374.5 ], [ 47.8950879, -18.904868, 1375.2 ], [ 47.8952649, -18.9048147, 1375.0 ], [ 47.8954956, -18.9047437, 1374.8 ], [ 47.8956297, -18.9047082, 1374.5 ], [ 47.8957263, -18.9046701, 1374.5 ], [ 47.8958523, -18.9046168, 1374.4 ], [ 47.8959194, -18.9045762, 1374.4 ], [ 47.8959703, -18.9045381, 1374.3 ], [ 47.8961313, -18.9043986, 1374.2 ], [ 47.896252, -18.9042362, 1375.0 ], [ 47.8962895, -18.9041727, 1375.2 ], [ 47.896319, -18.9041347, 1375.5 ], [ 47.8963485, -18.9041093, 1375.6 ], [ 47.8964049, -18.9040586, 1375.8 ], [ 47.8964505, -18.904018, 1376.0 ], [ 47.8965497, -18.9039469, 1376.5 ], [ 47.8966543, -18.9038733, 1377.2 ], [ 47.8967911, -18.9038073, 1378.2 ], [ 47.8969306, -18.9037515, 1379.5 ], [ 47.8971371, -18.9036703, 1381.0 ], [ 47.897239, -18.9036348, 1381.5 ], [ 47.897298, -18.9036221, 1381.8 ], [ 47.8973436, -18.9036196, 1381.7 ], [ 47.8974187, -18.903617, 1381.6 ], [ 47.8974804, -18.9036196, 1381.6 ], [ 47.8975475, -18.9036348, 1381.5 ], [ 47.8976306, -18.9036678, 1381.2 ], [ 47.8976735, -18.9036855, 1381.1 ], [ 47.8977111, -18.9037109, 1381.0 ], [ 47.8977567, -18.9037388, 1380.8 ], [ 47.8977942, -18.903782, 1380.2 ], [ 47.8978345, -18.9038327, 1379.8 ], [ 47.897872, -18.9038911, 1379.0 ], [ 47.897982, -18.9041296, 1376.8 ], [ 47.8980517, -18.9042819, 1376.0 ], [ 47.8980759, -18.9043351, 1375.8 ], [ 47.8981081, -18.9043757, 1375.7 ], [ 47.8981403, -18.9044138, 1375.6 ], [ 47.8981698, -18.9044493, 1375.6 ], [ 47.898218, -18.9044874, 1375.5 ], [ 47.8982717, -18.9045204, 1375.2 ], [ 47.8983414, -18.9045458, 1374.8 ], [ 47.8984004, -18.9045635, 1374.2 ], [ 47.8984326, -18.9045711, 1374.0 ], [ 47.8984648, -18.9045737, 1373.8 ], [ 47.8984997, -18.9045737, 1373.5 ], [ 47.8985372, -18.9045711, 1373.2 ], [ 47.898615, -18.9045483, 1372.5 ], [ 47.8987706, -18.9045052, 1371.5 ], [ 47.8989878, -18.9044443, 1370.2 ], [ 47.8991166, -18.9044163, 1369.2 ], [ 47.8992185, -18.9044037, 1368.8 ], [ 47.8993043, -18.9043935, 1368.5 ], [ 47.8993902, -18.9043884, 1368.2 ], [ 47.8994921, -18.9043884, 1368.0 ], [ 47.8995511, -18.9043986, 1367.8 ], [ 47.8996021, -18.9044087, 1367.5 ], [ 47.8997147, -18.9044544, 1366.8 ], [ 47.8998193, -18.9045026, 1366.0 ], [ 47.9000124, -18.9046193, 1364.5 ], [ 47.9001734, -18.9047462, 1364.0 ], [ 47.900278, -18.90483, 1363.8 ], [ 47.9003128, -18.9049721, 1364.8 ], [ 47.9004845, -18.9050939, 1364.0 ], [ 47.9007339, -18.9051522, 1363.0 ], [ 47.9009619, -18.9051066, 1359.5 ], [ 47.9011497, -18.9050837, 1356.5 ], [ 47.9013965, -18.905137, 1351.5 ], [ 47.901611, -18.9052842, 1348.8 ], [ 47.9020938, -18.9057866, 1351.2 ], [ 47.9023781, -18.9059262, 1349.0 ], [ 47.9027778, -18.9060074, 1344.2 ], [ 47.9031238, -18.9060657, 1340.5 ], [ 47.9032633, -18.9060607, 1338.5 ], [ 47.903671, -18.905812, 1325.5 ], [ 47.9037917, -18.9056699, 1320.2 ], [ 47.9039526, -18.9052918, 1311.8 ], [ 47.9039633, -18.9051979, 1310.8 ], [ 47.9039875, -18.9050812, 1309.8 ], [ 47.9040357, -18.9049746, 1308.8 ], [ 47.9041645, -18.9049467, 1308.5 ], [ 47.9043013, -18.905038, 1308.2 ], [ 47.9045695, -18.9054669, 1311.0 ], [ 47.904835, -18.905543, 1308.5 ], [ 47.9050255, -18.9055988, 1307.2 ], [ 47.9052213, -18.9056394, 1305.8 ], [ 47.9053742, -18.9056673, 1304.2 ], [ 47.9056397, -18.9057815, 1302.8 ], [ 47.9059589, -18.9057282, 1295.5 ], [ 47.9061171, -18.9056699, 1290.8 ], [ 47.9062486, -18.9056344, 1287.2 ], [ 47.9063532, -18.9056217, 1284.8 ], [ 47.9064202, -18.9056242, 1283.2 ], [ 47.9065114, -18.9056293, 1281.2 ], [ 47.9065946, -18.905642, 1279.8 ], [ 47.9066429, -18.9056572, 1279.0 ], [ 47.906675, -18.9056699, 1278.8 ], [ 47.9067099, -18.9056902, 1278.5 ], [ 47.9067421, -18.905713, 1278.2 ], [ 47.9067904, -18.9057587, 1278.0 ], [ 47.9068762, -18.9058602, 1277.8 ], [ 47.9069138, -18.9059236, 1278.0 ], [ 47.9069433, -18.9060074, 1278.2 ], [ 47.9069486, -18.9062459, 1281.8 ], [ 47.9069191, -18.9063804, 1284.8 ], [ 47.9068628, -18.9065326, 1288.2 ], [ 47.9067931, -18.9067813, 1292.0 ], [ 47.9067501, -18.9069158, 1293.2 ], [ 47.9067367, -18.9070148, 1293.5 ], [ 47.906718, -18.9071163, 1294.5 ], [ 47.9067528, -18.9074233, 1295.5 ], [ 47.9068252, -18.9074918, 1294.5 ], [ 47.907013, -18.9074639, 1291.5 ], [ 47.9071283, -18.9072533, 1286.2 ], [ 47.9071712, -18.9071366, 1283.8 ], [ 47.9071954, -18.9070706, 1282.2 ], [ 47.9072115, -18.9070376, 1281.5 ], [ 47.9072759, -18.906997, 1279.5 ], [ 47.9073429, -18.9070021, 1277.8 ], [ 47.9073966, -18.9070224, 1276.8 ], [ 47.9074931, -18.907063, 1275.2 ], [ 47.9076192, -18.9071416, 1274.5 ], [ 47.9077747, -18.907233, 1274.2 ], [ 47.9079571, -18.9073472, 1274.0 ], [ 47.9081476, -18.907474, 1273.8 ], [ 47.9082468, -18.9075426, 1273.5 ], [ 47.9083058, -18.9075984, 1273.7 ], [ 47.9083756, -18.907672, 1273.9 ], [ 47.9086116, -18.9079942, 1274.8 ], [ 47.908676, -18.9080678, 1274.5 ], [ 47.9087296, -18.9081236, 1274.2 ], [ 47.9087618, -18.9081516, 1274.0 ], [ 47.908794, -18.9081668, 1273.5 ], [ 47.908853, -18.9081998, 1272.8 ], [ 47.9089227, -18.9082353, 1272.0 ], [ 47.9089764, -18.9082581, 1271.2 ], [ 47.9090381, -18.9082759, 1270.5 ], [ 47.9091024, -18.9082911, 1269.5 ], [ 47.9092017, -18.9083038, 1268.0 ], [ 47.9093036, -18.9083013, 1266.2 ], [ 47.9093921, -18.9083013, 1265.0 ], [ 47.9094511, -18.9082911, 1264.0 ], [ 47.9095075, -18.9082759, 1263.0 ], [ 47.9096469, -18.908248, 1261.5 ], [ 47.9098937, -18.9081617, 1259.2 ], [ 47.9100251, -18.908116, 1259.0 ], [ 47.9101512, -18.9081008, 1259.2 ], [ 47.9103309, -18.9080805, 1259.5 ], [ 47.9106045, -18.9080602, 1259.1 ], [ 47.9108378, -18.9080424, 1258.8 ], [ 47.9109854, -18.9080247, 1257.8 ], [ 47.9112187, -18.9080044, 1255.8 ], [ 47.9113528, -18.9079841, 1253.8 ], [ 47.9114199, -18.9079689, 1252.5 ], [ 47.9114869, -18.9079486, 1251.2 ], [ 47.9115728, -18.907908, 1249.5 ], [ 47.9116398, -18.9078674, 1248.2 ], [ 47.9117095, -18.9078191, 1247.0 ], [ 47.9117873, -18.9077354, 1245.5 ], [ 47.9119483, -18.907403, 1243.0 ], [ 47.9120421, -18.9071315, 1242.0 ], [ 47.9120851, -18.9069539, 1241.7 ], [ 47.912187, -18.9067331, 1241.2 ], [ 47.912254, -18.9065631, 1241.0 ], [ 47.9123908, -18.9065301, 1238.8 ], [ 47.9124311, -18.9065555, 1238.0 ], [ 47.9125223, -18.9067407, 1236.2 ], [ 47.9125518, -18.9070021, 1235.8 ], [ 47.9125679, -18.9072609, 1236.5 ], [ 47.9126349, -18.9076415, 1237.5 ], [ 47.9126993, -18.9079968, 1237.8 ], [ 47.9126188, -18.9082683, 1238.9 ], [ 47.9123479, -18.908654, 1240.8 ], [ 47.9122755, -18.9088494, 1242.8 ], [ 47.9123238, -18.9091082, 1242.2 ], [ 47.9125652, -18.9093771, 1237.8 ], [ 47.9126671, -18.9095522, 1236.8 ], [ 47.9127315, -18.9096816, 1236.6 ], [ 47.9127851, -18.9097908, 1236.5 ], [ 47.9129326, -18.9100623, 1235.5 ], [ 47.9130131, -18.910245, 1235.0 ], [ 47.9130641, -18.910316, 1234.5 ], [ 47.9130909, -18.9103718, 1234.2 ], [ 47.9131097, -18.9104099, 1234.4 ], [ 47.9131365, -18.9104759, 1234.5 ], [ 47.9131499, -18.9105596, 1234.8 ], [ 47.9131526, -18.9107169, 1235.8 ], [ 47.9131767, -18.9109605, 1237.0 ], [ 47.9132169, -18.9111813, 1238.0 ], [ 47.9133081, -18.9114604, 1238.2 ], [ 47.913394, -18.9116076, 1237.2 ], [ 47.9135495, -18.9118486, 1235.8 ], [ 47.9137024, -18.912044, 1234.8 ], [ 47.9138473, -18.9122013, 1234.0 ], [ 47.9139653, -18.9123028, 1233.5 ], [ 47.9140913, -18.9123662, 1232.8 ], [ 47.9142094, -18.9123789, 1231.2 ], [ 47.9145634, -18.9123764, 1227.2 ], [ 47.9148048, -18.9120871, 1220.8 ], [ 47.915183, -18.9118892, 1218.2 ], [ 47.9156336, -18.9114578, 1217.5 ], [ 47.9158428, -18.9113716, 1216.5 ], [ 47.9159474, -18.9113919, 1215.8 ], [ 47.9160172, -18.9114477, 1215.0 ], [ 47.9161003, -18.911534, 1214.2 ], [ 47.9162854, -18.9117877, 1214.0 ], [ 47.9163498, -18.9118867, 1214.2 ], [ 47.9164383, -18.9119425, 1214.1 ], [ 47.9165429, -18.911978, 1214.0 ], [ 47.9166341, -18.9119704, 1213.5 ], [ 47.9170445, -18.9118232, 1211.8 ], [ 47.9170901, -18.9118156, 1211.7 ], [ 47.9171169, -18.9118131, 1211.6 ], [ 47.9171491, -18.9118131, 1211.6 ], [ 47.9171839, -18.9118182, 1211.5 ], [ 47.9172161, -18.9118258, 1211.4 ], [ 47.9172537, -18.9118359, 1211.4 ], [ 47.9172832, -18.9118486, 1211.3 ], [ 47.9173368, -18.9118816, 1211.2 ], [ 47.9178894, -18.9121835, 1210.0 ], [ 47.9179671, -18.9122216, 1209.5 ], [ 47.9181924, -18.9123485, 1208.5 ], [ 47.9184231, -18.9122673, 1203.2 ], [ 47.9186699, -18.9120415, 1197.5 ], [ 47.9188657, -18.9119755, 1196.5 ], [ 47.9190722, -18.9120059, 1197.2 ], [ 47.9192626, -18.91194, 1197.5 ], [ 47.9194772, -18.9118689, 1198.5 ], [ 47.919952, -18.9117091, 1202.0 ], [ 47.9201129, -18.911572, 1204.5 ], [ 47.920239, -18.9115974, 1205.5 ], [ 47.9203248, -18.9116583, 1205.8 ], [ 47.920408, -18.9118029, 1206.4 ], [ 47.9205796, -18.9120415, 1207.5 ], [ 47.9207245, -18.9121328, 1208.5 ], [ 47.9211053, -18.9123206, 1207.8 ], [ 47.9212153, -18.9124018, 1207.2 ], [ 47.9213199, -18.9125286, 1206.8 ], [ 47.9214621, -18.9127443, 1206.0 ], [ 47.9217598, -18.9131528, 1201.5 ], [ 47.9218832, -18.9133178, 1199.8 ], [ 47.9219583, -18.913404, 1198.8 ], [ 47.92202, -18.9135994, 1198.5 ], [ 47.9221219, -18.9138455, 1197.0 ], [ 47.9221782, -18.9140181, 1196.2 ], [ 47.9222587, -18.9141957, 1194.8 ], [ 47.9223472, -18.9143759, 1192.8 ], [ 47.9224813, -18.9147108, 1190.2 ], [ 47.9225242, -18.9149214, 1190.1 ], [ 47.922551, -18.9150457, 1190.1 ], [ 47.9225886, -18.9151371, 1190.0 ], [ 47.9226476, -18.915231, 1189.2 ], [ 47.9227173, -18.9152995, 1188.0 ], [ 47.9227844, -18.9153654, 1186.8 ], [ 47.9228407, -18.915401, 1185.5 ], [ 47.9229158, -18.9154416, 1184.0 ], [ 47.9229882, -18.915472, 1182.5 ], [ 47.9232135, -18.9154923, 1178.0 ], [ 47.9233959, -18.9155101, 1175.5 ], [ 47.9235595, -18.9155608, 1174.2 ], [ 47.924096, -18.9158399, 1175.2 ], [ 47.9242972, -18.9159795, 1177.0 ], [ 47.9244795, -18.9161875, 1180.2 ], [ 47.9246324, -18.9162586, 1181.0 ], [ 47.9251984, -18.9164134, 1177.5 ], [ 47.9254264, -18.9164895, 1174.8 ], [ 47.9255873, -18.9165935, 1172.5 ], [ 47.925657, -18.916695, 1172.0 ], [ 47.9256973, -18.9168295, 1172.8 ], [ 47.9256704, -18.9169944, 1173.8 ], [ 47.9256678, -18.9171771, 1175.5 ], [ 47.9257026, -18.9172913, 1175.8 ], [ 47.9258233, -18.9174105, 1174.5 ], [ 47.9265288, -18.9179002, 1171.5 ], [ 47.9266977, -18.9179814, 1171.0 ], [ 47.9268694, -18.9180246, 1170.0 ], [ 47.9271349, -18.9180449, 1168.0 ], [ 47.9275963, -18.9180931, 1164.8 ], [ 47.9276848, -18.9181261, 1164.5 ], [ 47.9277277, -18.9181438, 1164.6 ], [ 47.9277679, -18.9181692, 1164.6 ], [ 47.9278189, -18.9182073, 1164.7 ], [ 47.9278511, -18.9182605, 1164.8 ], [ 47.9278725, -18.9183037, 1165.0 ], [ 47.9278833, -18.918357, 1165.5 ], [ 47.9278886, -18.9184382, 1166.2 ], [ 47.9278564, -18.9185955, 1168.5 ], [ 47.9278377, -18.9187223, 1170.2 ], [ 47.9277518, -18.9191105, 1175.2 ], [ 47.9277009, -18.9193237, 1177.2 ], [ 47.9276741, -18.9194049, 1177.8 ], [ 47.9276311, -18.9194937, 1178.5 ], [ 47.9275936, -18.919547, 1179.2 ], [ 47.9275534, -18.9195952, 1180.2 ], [ 47.9274863, -18.9196256, 1182.0 ], [ 47.9274219, -18.9196434, 1183.8 ], [ 47.9273415, -18.9196332, 1186.2 ], [ 47.9272771, -18.9196155, 1188.2 ], [ 47.9271591, -18.9195774, 1192.0 ], [ 47.9271322, -18.9195622, 1193.0 ], [ 47.9270947, -18.919552, 1194.2 ], [ 47.9270464, -18.9195546, 1195.8 ], [ 47.9269981, -18.9195622, 1197.2 ], [ 47.9269606, -18.9195749, 1198.2 ], [ 47.9269257, -18.9195977, 1199.2 ], [ 47.9268828, -18.9196459, 1200.2 ], [ 47.926856, -18.9197093, 1200.5 ], [ 47.9268479, -18.9197449, 1200.2 ], [ 47.926856, -18.9197956, 1199.5 ], [ 47.9268587, -18.9198337, 1199.0 ], [ 47.9268667, -18.9198692, 1198.2 ], [ 47.9268909, -18.9199377, 1196.5 ], [ 47.9269204, -18.9199961, 1194.8 ], [ 47.9270008, -18.9200925, 1191.0 ], [ 47.9270867, -18.9201737, 1187.5 ], [ 47.9272664, -18.9202828, 1182.0 ], [ 47.9275748, -18.9204528, 1174.2 ], [ 47.9279101, -18.920605, 1170.2 ], [ 47.9281488, -18.9207116, 1167.8 ], [ 47.9283527, -18.9208131, 1166.8 ], [ 47.9285672, -18.9209678, 1165.8 ], [ 47.9287067, -18.921082, 1164.5 ], [ 47.9288086, -18.9211911, 1163.8 ], [ 47.9288864, -18.9213104, 1163.5 ], [ 47.9289991, -18.9214601, 1162.2 ], [ 47.9290769, -18.9215946, 1160.2 ], [ 47.9291144, -18.9216783, 1159.2 ], [ 47.9291332, -18.921762, 1158.2 ], [ 47.9291385, -18.9218153, 1157.8 ], [ 47.9291359, -18.9218787, 1157.0 ], [ 47.929109, -18.9219675, 1156.2 ], [ 47.9290742, -18.9220208, 1156.4 ], [ 47.9290152, -18.9220766, 1156.5 ], [ 47.9289347, -18.9221401, 1157.0 ], [ 47.9288623, -18.922168, 1158.0 ], [ 47.9287657, -18.9221933, 1159.5 ], [ 47.9286584, -18.9222136, 1161.5 ], [ 47.928535, -18.9222339, 1164.0 ], [ 47.9284841, -18.9222568, 1165.0 ], [ 47.9284278, -18.9222796, 1166.0 ], [ 47.9283983, -18.9222999, 1166.5 ], [ 47.9283634, -18.9223354, 1166.8 ], [ 47.9283285, -18.922376, 1167.0 ], [ 47.9282963, -18.9224445, 1166.8 ], [ 47.9282615, -18.9225384, 1166.2 ], [ 47.928232, -18.9227033, 1164.2 ], [ 47.9282105, -18.9228429, 1162.8 ], [ 47.9281971, -18.9229241, 1162.2 ], [ 47.9281944, -18.9230433, 1161.5 ], [ 47.9282051, -18.9231017, 1160.8 ], [ 47.9282239, -18.9231397, 1160.0 ], [ 47.928291, -18.9232412, 1157.5 ], [ 47.9283687, -18.9233275, 1155.0 ], [ 47.9286504, -18.9236167, 1149.5 ], [ 47.928696, -18.9236726, 1149.2 ], [ 47.9287389, -18.9237055, 1148.8 ], [ 47.9287657, -18.9237208, 1148.2 ], [ 47.9287979, -18.9237335, 1147.8 ], [ 47.9288489, -18.923736, 1146.5 ], [ 47.9288998, -18.923736, 1145.2 ], [ 47.9289964, -18.923736, 1143.0 ], [ 47.9290581, -18.9237411, 1142.0 ], [ 47.9290983, -18.9237512, 1141.5 ], [ 47.9291466, -18.9237664, 1141.0 ], [ 47.929211, -18.923802, 1140.8 ], [ 47.9292861, -18.92384, 1140.2 ], [ 47.9293692, -18.9238705, 1139.5 ], [ 47.9294309, -18.9238781, 1138.5 ], [ 47.9294819, -18.923873, 1137.2 ], [ 47.9296294, -18.9238806, 1134.0 ], [ 47.9297179, -18.9238882, 1132.0 ], [ 47.9297662, -18.9238908, 1130.8 ], [ 47.9297823, -18.9238958, 1130.5 ], [ 47.9298064, -18.9239035, 1130.0 ], [ 47.9298493, -18.9239364, 1129.8 ], [ 47.9298896, -18.9239796, 1129.6 ], [ 47.9300693, -18.9241851, 1129.1 ], [ 47.9302061, -18.9243018, 1128.8 ], [ 47.9302999, -18.9243678, 1127.8 ], [ 47.9303777, -18.9244185, 1126.8 ], [ 47.9305172, -18.9244819, 1123.8 ], [ 47.9305816, -18.9244946, 1122.2 ], [ 47.9306433, -18.9244997, 1120.8 ], [ 47.9306781, -18.9244972, 1119.8 ], [ 47.9307076, -18.9244794, 1119.0 ], [ 47.9307237, -18.9244616, 1118.5 ], [ 47.9307398, -18.9244413, 1118.0 ], [ 47.9307586, -18.9244033, 1117.2 ], [ 47.9307693, -18.9243678, 1116.8 ], [ 47.9307693, -18.9243348, 1116.5 ], [ 47.9307666, -18.9243069, 1116.2 ], [ 47.9307559, -18.924284, 1116.3 ], [ 47.9307184, -18.9242536, 1116.5 ], [ 47.9306835, -18.9242333, 1117.0 ], [ 47.9306433, -18.9242231, 1117.5 ], [ 47.9306003, -18.924213, 1118.2 ], [ 47.9305279, -18.9242003, 1119.5 ], [ 47.9304528, -18.9241902, 1121.0 ], [ 47.9303214, -18.9241775, 1123.8 ], [ 47.9302865, -18.9241623, 1124.2 ], [ 47.9302624, -18.9241394, 1124.5 ], [ 47.9302356, -18.9241115, 1124.3 ], [ 47.9302275, -18.9240684, 1124.0 ], [ 47.9302248, -18.9240379, 1123.5 ], [ 47.9302275, -18.9240151, 1123.0 ], [ 47.9302382, -18.9239872, 1122.2 ], [ 47.9302517, -18.9239669, 1121.8 ], [ 47.9302838, -18.923944, 1120.8 ], [ 47.9303107, -18.9239314, 1120.2 ], [ 47.9303509, -18.9239238, 1119.5 ], [ 47.9304045, -18.9239238, 1118.5 ], [ 47.9304448, -18.9239288, 1118.0 ], [ 47.9304716, -18.923939, 1117.8 ], [ 47.9306138, -18.9239923, 1115.8 ], [ 47.9307345, -18.9240506, 1114.8 ], [ 47.9309061, -18.9241242, 1113.8 ], [ 47.9310107, -18.9241699, 1113.2 ], [ 47.9310483, -18.9241952, 1113.0 ], [ 47.9310992, -18.9242358, 1112.8 ], [ 47.9311368, -18.9242688, 1112.5 ], [ 47.9311529, -18.9242967, 1112.5 ], [ 47.9311663, -18.9243246, 1112.5 ], [ 47.9311904, -18.9244236, 1112.6 ], [ 47.9312038, -18.9245149, 1112.7 ], [ 47.9312629, -18.9250224, 1113.0 ], [ 47.9312924, -18.9251289, 1113.8 ], [ 47.9313192, -18.9252152, 1114.5 ], [ 47.931346, -18.9252634, 1115.0 ], [ 47.9313862, -18.9253116, 1115.2 ], [ 47.9314399, -18.9253573, 1115.5 ], [ 47.9314747, -18.9253776, 1115.5 ], [ 47.9315123, -18.9253877, 1115.4 ], [ 47.931574, -18.9253903, 1115.3 ], [ 47.9316437, -18.9253776, 1115.2 ], [ 47.9317564, -18.9253268, 1114.5 ], [ 47.9319414, -18.9252, 1113.2 ], [ 47.9320648, -18.9250782, 1112.2 ], [ 47.9321614, -18.9249615, 1111.5 ], [ 47.9323384, -18.9246951, 1111.0 ], [ 47.9324001, -18.9245987, 1111.2 ], [ 47.9324698, -18.9244794, 1111.8 ], [ 47.9325235, -18.9244261, 1112.0 ], [ 47.9325745, -18.9243728, 1112.2 ], [ 47.9326683, -18.9243069, 1112.8 ], [ 47.9327488, -18.924284, 1113.2 ], [ 47.9328346, -18.9242688, 1113.5 ], [ 47.9329097, -18.924246, 1113.8 ], [ 47.933068, -18.9242181, 1113.5 ], [ 47.9332182, -18.924213, 1113.6 ], [ 47.9333603, -18.9242054, 1113.8 ], [ 47.9335293, -18.9242155, 1114.0 ], [ 47.933642, -18.9242181, 1114.4 ], [ 47.9337546, -18.9242536, 1114.8 ], [ 47.9338807, -18.924279, 1115.5 ], [ 47.9340148, -18.9243272, 1117.0 ], [ 47.9341274, -18.92435, 1117.8 ], [ 47.9342508, -18.9243322, 1118.0 ], [ 47.9343125, -18.9243119, 1117.7 ], [ 47.9343581, -18.9242688, 1117.5 ], [ 47.9343984, -18.9242257, 1117.0 ], [ 47.9344359, -18.9241851, 1116.5 ], [ 47.9344735, -18.9241318, 1116.0 ], [ 47.934503, -18.9240405, 1114.8 ], [ 47.9345942, -18.9238832, 1113.8 ], [ 47.9347497, -18.9235685, 1111.5 ], [ 47.9347953, -18.9234391, 1111.6 ], [ 47.9348758, -18.9232971, 1111.8 ], [ 47.9349107, -18.9232717, 1111.7 ], [ 47.9349455, -18.9232565, 1111.6 ], [ 47.9349884, -18.9232463, 1111.5 ], [ 47.9351118, -18.9232285, 1111.0 ], [ 47.9352191, -18.9232285, 1110.5 ], [ 47.9353505, -18.923188, 1109.8 ], [ 47.9354444, -18.9231296, 1109.0 ], [ 47.9355088, -18.9230712, 1108.5 ], [ 47.9356295, -18.9229596, 1107.5 ], [ 47.9357126, -18.922886, 1106.8 ], [ 47.9357851, -18.9228403, 1106.5 ], [ 47.9358763, -18.922782, 1106.2 ], [ 47.9359648, -18.9227617, 1105.5 ], [ 47.9360399, -18.9227718, 1104.5 ], [ 47.9361016, -18.9227972, 1103.5 ], [ 47.9361793, -18.922853, 1102.2 ], [ 47.9362169, -18.9229114, 1101.5 ], [ 47.9362518, -18.9229824, 1101.0 ], [ 47.9362544, -18.9230687, 1101.1 ], [ 47.9362652, -18.9231778, 1101.2 ], [ 47.9362813, -18.9232793, 1101.8 ], [ 47.9363161, -18.9233478, 1101.6 ], [ 47.9363698, -18.9234062, 1101.5 ], [ 47.9365093, -18.9235026, 1099.8 ], [ 47.9365897, -18.9235356, 1098.2 ], [ 47.9366568, -18.9235711, 1097.0 ], [ 47.9367024, -18.9236167, 1096.2 ], [ 47.9367372, -18.9236827, 1095.8 ], [ 47.936748, -18.9237309, 1096.1 ], [ 47.9367372, -18.9237893, 1096.5 ], [ 47.9367077, -18.9239085, 1098.8 ], [ 47.936689, -18.9240405, 1101.2 ], [ 47.936697, -18.9241521, 1102.8 ], [ 47.9367426, -18.9242739, 1103.2 ], [ 47.9368177, -18.9243881, 1103.0 ], [ 47.9368982, -18.9244819, 1102.8 ], [ 47.9370537, -18.9245885, 1101.2 ], [ 47.9371798, -18.9246342, 1099.0 ], [ 47.9373166, -18.9246316, 1095.5 ], [ 47.9373971, -18.9246037, 1093.2 ], [ 47.9374722, -18.9245581, 1090.5 ], [ 47.9375848, -18.9244109, 1085.8 ], [ 47.9376519, -18.92435, 1084.2 ], [ 47.9377162, -18.9243069, 1083.2 ], [ 47.9378101, -18.9242333, 1082.2 ], [ 47.9378852, -18.9241978, 1081.8 ], [ 47.937955, -18.9241825, 1081.2 ], [ 47.938014, -18.9241851, 1081.0 ], [ 47.9380703, -18.9242054, 1080.8 ], [ 47.9381427, -18.9242485, 1080.2 ], [ 47.9382339, -18.9243043, 1080.4 ], [ 47.9384646, -18.9244896, 1080.8 ], [ 47.938655, -18.9246621, 1081.8 ], [ 47.9388079, -18.9248473, 1083.0 ], [ 47.9390439, -18.9252253, 1082.8 ], [ 47.9391056, -18.925337, 1082.8 ], [ 47.9391915, -18.9254512, 1081.0 ], [ 47.9392746, -18.9256059, 1081.8 ], [ 47.9393095, -18.9256947, 1083.8 ], [ 47.9393175, -18.9257582, 1086.8 ], [ 47.9393148, -18.9258216, 1090.8 ], [ 47.9392987, -18.925918, 1098.5 ], [ 47.9393068, -18.9260322, 1106.5 ], [ 47.939339, -18.9260931, 1108.8 ], [ 47.9394329, -18.9264711, 1130.5 ], [ 47.9396608, -18.9265472, 1112.0 ], [ 47.9401249, -18.9266639, 1070.2 ], [ 47.9402268, -18.9267096, 1063.8 ], [ 47.9404789, -18.9268035, 1049.0 ], [ 47.9406238, -18.9268669, 1042.5 ], [ 47.9407015, -18.9269126, 1039.8 ], [ 47.9407847, -18.9269633, 1037.2 ], [ 47.9408678, -18.927042, 1035.5 ], [ 47.941002, -18.9271866, 1031.8 ], [ 47.9410878, -18.9273287, 1029.2 ], [ 47.9410931, -18.9274099, 1029.8 ], [ 47.9410905, -18.9274758, 1030.2 ], [ 47.941061, -18.9275367, 1031.8 ], [ 47.9409966, -18.9276154, 1034.8 ], [ 47.9405513, -18.9279351, 1052.2 ], [ 47.9404011, -18.9280036, 1057.8 ], [ 47.9402617, -18.9280442, 1063.0 ], [ 47.9401973, -18.9280721, 1065.0 ], [ 47.9401276, -18.9281152, 1066.5 ], [ 47.9400659, -18.9281533, 1067.8 ], [ 47.9399881, -18.9282294, 1068.2 ], [ 47.9399505, -18.9282776, 1068.0 ], [ 47.9399264, -18.9283334, 1066.8 ], [ 47.9398915, -18.9284298, 1064.0 ], [ 47.9398406, -18.9285947, 1059.0 ], [ 47.9398084, -18.9288383, 1049.2 ], [ 47.939795, -18.9288738, 1048.2 ], [ 47.9397681, -18.9289119, 1048.0 ], [ 47.9397091, -18.9289626, 1048.8 ], [ 47.9396501, -18.9290007, 1050.2 ], [ 47.9395723, -18.9290362, 1053.0 ], [ 47.9394731, -18.9290514, 1057.0 ], [ 47.9393497, -18.9290717, 1061.5 ], [ 47.9391888, -18.9291225, 1066.8 ], [ 47.9391459, -18.9291504, 1067.8 ], [ 47.9391029, -18.929191, 1067.2 ], [ 47.939052, -18.9292747, 1066.2 ], [ 47.9390198, -18.929361, 1063.5 ], [ 47.9390118, -18.9294117, 1061.5 ], [ 47.9390064, -18.9295081, 1057.5 ], [ 47.9390091, -18.9295715, 1054.2 ], [ 47.9389983, -18.9296705, 1050.0 ], [ 47.9389769, -18.92981, 1044.8 ], [ 47.9388803, -18.9300308, 1041.5 ], [ 47.938816, -18.9301399, 1040.8 ], [ 47.9387623, -18.9302236, 1040.2 ], [ 47.9387087, -18.9302921, 1040.9 ], [ 47.9386577, -18.930353, 1041.5 ], [ 47.9385719, -18.9304012, 1042.2 ], [ 47.9384941, -18.9304443, 1044.0 ], [ 47.9383519, -18.930523, 1046.8 ], [ 47.9382822, -18.9305864, 1047.0 ], [ 47.9382688, -18.9306118, 1046.2 ], [ 47.9382661, -18.9306524, 1044.8 ], [ 47.9382715, -18.930764, 1040.0 ], [ 47.9383036, -18.9308604, 1035.2 ], [ 47.9383197, -18.9309594, 1031.2 ], [ 47.9383305, -18.9310279, 1028.8 ], [ 47.9383385, -18.9310532, 1027.8 ], [ 47.9383332, -18.9310862, 1027.0 ], [ 47.9383036, -18.931142, 1026.8 ], [ 47.938199, -18.9312258, 1029.0 ], [ 47.9381239, -18.9312816, 1031.0 ], [ 47.9380435, -18.9313222, 1034.0 ], [ 47.9379255, -18.9313856, 1038.2 ], [ 47.9378369, -18.9314465, 1041.0 ], [ 47.9377592, -18.9315226, 1042.8 ], [ 47.9376921, -18.9316215, 1043.8 ], [ 47.9376733, -18.9317586, 1042.0 ], [ 47.937668, -18.9318575, 1040.5 ], [ 47.9376921, -18.9319438, 1038.0 ], [ 47.9377753, -18.9321772, 1030.8 ], [ 47.9378745, -18.9323396, 1025.0 ], [ 47.9379764, -18.9324816, 1021.8 ], [ 47.9380515, -18.9325425, 1020.2 ], [ 47.9380998, -18.9325654, 1019.5 ], [ 47.9381561, -18.9325679, 1018.8 ], [ 47.9382098, -18.9325476, 1018.0 ], [ 47.9382446, -18.9325273, 1017.5 ], [ 47.9382902, -18.9324791, 1016.8 ], [ 47.9383224, -18.9324131, 1016.0 ], [ 47.9383278, -18.9323243, 1015.2 ], [ 47.9383036, -18.932271, 1015.5 ], [ 47.9382554, -18.9321721, 1016.0 ], [ 47.9382232, -18.9320858, 1017.0 ], [ 47.9382151, -18.9320326, 1017.2 ], [ 47.9382178, -18.9319996, 1017.2 ], [ 47.9382259, -18.9319717, 1017.1 ], [ 47.9382393, -18.9319387, 1017.0 ], [ 47.9382607, -18.9319184, 1016.5 ], [ 47.9382902, -18.9318905, 1015.8 ], [ 47.9383197, -18.9318727, 1015.0 ], [ 47.9383573, -18.9318651, 1014.0 ], [ 47.9384941, -18.93186, 1010.8 ], [ 47.938655, -18.9318803, 1007.8 ], [ 47.9388857, -18.9319057, 1004.2 ], [ 47.9390413, -18.9319235, 1002.8 ], [ 47.9391378, -18.9319311, 1002.0 ], [ 47.9391888, -18.9319285, 1001.8 ], [ 47.939221, -18.9319209, 1001.5 ], [ 47.9392397, -18.9319108, 1001.2 ], [ 47.9393256, -18.9318676, 1000.0 ], [ 47.9398486, -18.9315962, 994.5 ], [ 47.9399747, -18.9314998, 993.8 ], [ 47.940098, -18.9313957, 993.2 ], [ 47.9401544, -18.9313425, 993.0 ], [ 47.940208, -18.9312689, 992.5 ], [ 47.9403421, -18.9310253, 990.5 ], [ 47.9404172, -18.9309188, 989.5 ], [ 47.9405352, -18.930797, 988.8 ], [ 47.9406399, -18.9307031, 988.0 ], [ 47.9410046, -18.9304342, 986.0 ], [ 47.9412058, -18.930287, 985.5 ], [ 47.9412514, -18.9302439, 985.0 ], [ 47.9412755, -18.9302008, 984.2 ], [ 47.9413185, -18.930117, 982.5 ], [ 47.941584, -18.9296654, 976.5 ], [ 47.9417932, -18.9293457, 974.8 ], [ 47.9419166, -18.9291478, 973.5 ], [ 47.9419729, -18.9290819, 972.8 ], [ 47.9420319, -18.9290362, 972.0 ], [ 47.9420963, -18.9289931, 971.0 ], [ 47.9421633, -18.9289753, 970.2 ], [ 47.9423109, -18.9289449, 968.8 ], [ 47.9424584, -18.9289347, 968.2 ], [ 47.9426488, -18.9288992, 966.8 ], [ 47.9428098, -18.9288485, 964.8 ], [ 47.9429787, -18.9288028, 962.5 ], [ 47.9433274, -18.9286785, 956.2 ], [ 47.9434374, -18.9286632, 955.2 ], [ 47.9435205, -18.9286632, 955.0 ], [ 47.9437271, -18.9286734, 954.8 ], [ 47.9439524, -18.9286835, 953.5 ], [ 47.9441133, -18.9286962, 952.5 ], [ 47.9441911, -18.9287241, 952.9 ], [ 47.9442877, -18.9287673, 953.5 ], [ 47.9444647, -18.9289271, 954.8 ], [ 47.9445907, -18.9290768, 957.2 ], [ 47.9446551, -18.9291377, 958.0 ], [ 47.9447356, -18.9291884, 957.9 ], [ 47.9448161, -18.9292392, 957.8 ], [ 47.9449046, -18.9292823, 957.5 ], [ 47.945036, -18.9293204, 956.8 ], [ 47.9451138, -18.9293331, 956.0 ], [ 47.9451942, -18.9293407, 954.8 ], [ 47.9452586, -18.9293381, 953.5 ], [ 47.9453364, -18.929328, 951.8 ], [ 47.945374, -18.9293153, 950.8 ], [ 47.9454169, -18.9293001, 949.5 ], [ 47.9454544, -18.9292848, 948.5 ], [ 47.945492, -18.9292595, 947.2 ], [ 47.9455966, -18.9291453, 943.0 ], [ 47.94572, -18.9290235, 938.5 ], [ 47.9457656, -18.928988, 937.2 ], [ 47.9458192, -18.9289576, 936.0 ], [ 47.9460713, -18.9288611, 931.8 ], [ 47.9462135, -18.9288282, 930.0 ], [ 47.9463342, -18.9288028, 929.0 ], [ 47.946412, -18.9287901, 928.5 ], [ 47.9464817, -18.9287901, 928.2 ], [ 47.9465407, -18.9288002, 928.4 ], [ 47.9467633, -18.9288535, 929.0 ], [ 47.9468706, -18.9288764, 928.8 ], [ 47.946986, -18.9289144, 928.5 ], [ 47.9470611, -18.9289347, 928.2 ], [ 47.9472327, -18.9289728, 927.2 ], [ 47.9473883, -18.929021, 926.2 ], [ 47.9474822, -18.9290743, 926.0 ], [ 47.9475358, -18.9291123, 925.9 ], [ 47.9476351, -18.9291783, 925.8 ], [ 47.9477289, -18.9292595, 925.7 ], [ 47.9479167, -18.9294396, 925.5 ], [ 47.947973, -18.9294904, 925.0 ], [ 47.9481608, -18.9296832, 923.5 ], [ 47.9482466, -18.9297644, 923.0 ], [ 47.9483002, -18.9298075, 922.8 ], [ 47.9483727, -18.9298456, 922.0 ], [ 47.9484665, -18.9298532, 920.5 ], [ 47.9485577, -18.9298456, 918.8 ], [ 47.9486543, -18.9298126, 916.8 ], [ 47.9487804, -18.9297847, 914.2 ], [ 47.948834, -18.9297796, 913.5 ], [ 47.9488796, -18.9297847, 913.0 ], [ 47.9489172, -18.9297872, 912.5 ], [ 47.948952, -18.929805, 912.2 ], [ 47.9489923, -18.9298405, 912.0 ], [ 47.9490218, -18.9298608, 912.1 ], [ 47.9490432, -18.9298988, 912.2 ], [ 47.949062, -18.9299344, 912.5 ], [ 47.94907, -18.9300105, 913.2 ], [ 47.9490674, -18.9300866, 914.0 ], [ 47.9490352, -18.9303073, 916.5 ], [ 47.9490003, -18.9304418, 918.5 ], [ 47.9489842, -18.9305179, 919.5 ], [ 47.9489788, -18.9305915, 920.2 ], [ 47.9489869, -18.9306397, 920.8 ], [ 47.9490003, -18.9306752, 921.0 ], [ 47.9490513, -18.9307488, 920.9 ], [ 47.9491076, -18.9308122, 920.8 ], [ 47.9491639, -18.9308604, 920.5 ], [ 47.9492256, -18.9308858, 920.0 ], [ 47.9493007, -18.9308985, 919.2 ], [ 47.9493704, -18.9309061, 918.5 ], [ 47.9494616, -18.9308985, 917.5 ], [ 47.9497272, -18.9308629, 915.8 ], [ 47.9498264, -18.930835, 915.2 ], [ 47.9498747, -18.9308224, 915.0 ], [ 47.9499149, -18.930797, 914.8 ], [ 47.9499659, -18.930764, 914.5 ], [ 47.9500115, -18.9307234, 914.2 ], [ 47.9500812, -18.9306422, 913.8 ], [ 47.9502046, -18.9304773, 912.5 ], [ 47.9502878, -18.9303403, 911.8 ], [ 47.9504246, -18.9301145, 911.5 ], [ 47.9505506, -18.9299115, 910.5 ], [ 47.9506311, -18.9297771, 909.8 ], [ 47.9507437, -18.9296299, 909.2 ], [ 47.9508322, -18.9295081, 908.8 ], [ 47.9509583, -18.9293711, 908.6 ], [ 47.9510844, -18.9292417, 908.5 ], [ 47.9513794, -18.9288865, 907.5 ], [ 47.9515859, -18.9286455, 906.2 ], [ 47.9517683, -18.9284121, 904.8 ], [ 47.9518515, -18.9282015, 902.8 ], [ 47.951932, -18.9280087, 900.8 ], [ 47.9520178, -18.9278361, 899.2 ], [ 47.9520768, -18.9277169, 898.5 ], [ 47.9521841, -18.9275241, 897.5 ], [ 47.9522753, -18.9274099, 896.8 ], [ 47.9523477, -18.9273185, 896.0 ], [ 47.9524523, -18.927212, 895.5 ], [ 47.952522, -18.9271562, 895.4 ], [ 47.9525837, -18.9271105, 895.3 ], [ 47.9527473, -18.9269811, 895.0 ], [ 47.952911, -18.9268517, 894.8 ], [ 47.9529968, -18.9267781, 895.0 ], [ 47.9533991, -18.9264762, 894.8 ], [ 47.9534876, -18.9263975, 894.8 ], [ 47.953839, -18.9261261, 894.0 ], [ 47.9539222, -18.9260652, 893.8 ], [ 47.9543111, -18.9258064, 893.5 ], [ 47.9544452, -18.9257277, 893.2 ], [ 47.9548582, -18.9255374, 894.0 ], [ 47.9549628, -18.9254943, 893.8 ], [ 47.9551747, -18.9253725, 893.5 ], [ 47.9552525, -18.9253142, 893.4 ], [ 47.9553249, -18.9252533, 893.2 ], [ 47.9554054, -18.9251721, 893.0 ], [ 47.9555073, -18.9250351, 892.9 ], [ 47.9555905, -18.9248955, 892.8 ], [ 47.9556522, -18.9247889, 892.5 ], [ 47.9557729, -18.9245682, 892.6 ], [ 47.9558828, -18.9243449, 892.8 ], [ 47.9560089, -18.9240811, 892.5 ], [ 47.9560652, -18.9239314, 892.6 ], [ 47.9561135, -18.9238096, 892.8 ], [ 47.9561457, -18.9236954, 893.0 ], [ 47.9561725, -18.9235914, 892.8 ], [ 47.9561752, -18.9235229, 892.8 ], [ 47.9561698, -18.9234721, 892.5 ], [ 47.9561511, -18.9233681, 892.0 ], [ 47.956143, -18.9232133, 891.2 ], [ 47.956135, -18.9230763, 890.8 ], [ 47.9561028, -18.922848, 889.8 ], [ 47.9560974, -18.9227947, 889.5 ], [ 47.9560921, -18.9227465, 889.2 ], [ 47.9560921, -18.9226932, 889.3 ], [ 47.9560947, -18.9226374, 889.3 ], [ 47.9561001, -18.9225689, 889.4 ], [ 47.9561055, -18.9224978, 889.4 ], [ 47.9561216, -18.9224293, 889.5 ], [ 47.9561323, -18.9223811, 889.6 ], [ 47.9561511, -18.9223278, 889.8 ], [ 47.9561672, -18.9222822, 890.0 ], [ 47.9561993, -18.9221781, 890.2 ], [ 47.9562905, -18.9219574, 890.8 ], [ 47.9564327, -18.9216707, 891.8 ], [ 47.9565883, -18.9213662, 892.5 ], [ 47.9566473, -18.9212419, 892.8 ], [ 47.9567572, -18.9210059, 893.2 ], [ 47.9568404, -18.9208283, 892.9 ], [ 47.9569128, -18.9206989, 892.6 ], [ 47.9570952, -18.9202828, 891.8 ], [ 47.9571193, -18.920194, 891.5 ], [ 47.9571354, -18.9201255, 891.2 ], [ 47.9571703, -18.9198489, 890.2 ], [ 47.9571918, -18.9196764, 890.2 ], [ 47.9572132, -18.9195292, 890.1 ], [ 47.957232, -18.9193896, 890.0 ], [ 47.9572642, -18.919141, 889.2 ], [ 47.9572722, -18.9190598, 889.0 ], [ 47.9572937, -18.9189913, 888.9 ], [ 47.9573098, -18.9189228, 888.8 ], [ 47.9573312, -18.918872, 888.7 ], [ 47.9573876, -18.9187477, 888.5 ], [ 47.9575002, -18.9185244, 888.0 ], [ 47.9575726, -18.9184179, 887.8 ], [ 47.9576451, -18.9183265, 887.5 ], [ 47.9578167, -18.9181489, 887.0 ], [ 47.9580072, -18.917984, 887.2 ], [ 47.9581225, -18.9178698, 887.8 ], [ 47.9582512, -18.9177759, 888.0 ], [ 47.9583934, -18.9176567, 888.8 ], [ 47.9587394, -18.9173649, 890.8 ], [ 47.9588628, -18.9172558, 891.5 ], [ 47.9592276, -18.9169462, 894.0 ], [ 47.959359, -18.9168422, 894.8 ], [ 47.9597265, -18.9165453, 896.0 ], [ 47.9598418, -18.9164514, 896.1 ], [ 47.9600108, -18.9163068, 896.2 ], [ 47.9600993, -18.9162383, 896.2 ], [ 47.9601824, -18.916185, 896.2 ], [ 47.9603246, -18.9161114, 897.0 ], [ 47.9604989, -18.9160429, 897.5 ], [ 47.9606813, -18.9159947, 898.0 ], [ 47.9608127, -18.9159668, 898.5 ], [ 47.9609174, -18.9159465, 898.8 ], [ 47.9610702, -18.9159034, 899.0 ], [ 47.9611909, -18.9158577, 898.8 ], [ 47.9613197, -18.9157892, 898.5 ], [ 47.9614243, -18.9157207, 897.5 ], [ 47.9615155, -18.9156268, 896.2 ], [ 47.9615986, -18.915505, 895.0 ], [ 47.9616603, -18.9153908, 894.2 ], [ 47.9617569, -18.9151117, 893.5 ], [ 47.96184, -18.9148554, 892.8 ], [ 47.9618964, -18.9146068, 892.5 ], [ 47.9619527, -18.9143962, 892.2 ], [ 47.9620412, -18.9141221, 891.5 ], [ 47.962127, -18.9138633, 890.2 ], [ 47.9622129, -18.9136882, 890.0 ], [ 47.9623121, -18.9135131, 889.5 ], [ 47.9624221, -18.9133355, 889.8 ], [ 47.9625481, -18.9131909, 891.0 ], [ 47.9626501, -18.9130742, 891.8 ], [ 47.9628512, -18.9129067, 892.5 ], [ 47.9630497, -18.9127367, 893.5 ], [ 47.9633769, -18.9124906, 894.5 ], [ 47.9644686, -18.9117623, 894.0 ], [ 47.9645732, -18.911671, 893.8 ], [ 47.9646268, -18.9116202, 893.8 ], [ 47.9646698, -18.9115644, 893.5 ], [ 47.9647315, -18.9114629, 893.2 ], [ 47.9647824, -18.9113564, 893.3 ], [ 47.9648387, -18.9112346, 893.4 ], [ 47.9648817, -18.9111204, 893.5 ], [ 47.965107, -18.9102348, 895.5 ], [ 47.9653215, -18.9097705, 895.0 ], [ 47.9654905, -18.9095066, 894.8 ], [ 47.9662979, -18.9082911, 889.2 ], [ 47.9664776, -18.9080374, 889.1 ], [ 47.9665312, -18.9079612, 889.0 ], [ 47.966609, -18.9078318, 888.8 ], [ 47.9667726, -18.907573, 888.6 ], [ 47.9668611, -18.9074487, 888.5 ], [ 47.9669335, -18.9073243, 888.2 ], [ 47.9669738, -18.9072533, 888.0 ], [ 47.9670274, -18.9071898, 887.5 ], [ 47.9671481, -18.9070376, 886.5 ], [ 47.967242, -18.9069361, 886.2 ], [ 47.9673359, -18.9068625, 886.0 ], [ 47.9674593, -18.9067813, 885.5 ], [ 47.967588, -18.9067128, 885.0 ], [ 47.9677302, -18.9066494, 884.5 ], [ 47.9679662, -18.9065631, 883.8 ], [ 47.9680976, -18.9065047, 883.7 ], [ 47.9683524, -18.9063956, 883.6 ], [ 47.9684839, -18.9063474, 883.6 ], [ 47.9686126, -18.9062814, 883.5 ], [ 47.9687306, -18.9062231, 883.6 ], [ 47.9688406, -18.9061317, 883.8 ], [ 47.9689908, -18.9060023, 883.7 ], [ 47.9693019, -18.9056141, 883.5 ], [ 47.9697284, -18.9050254, 883.0 ], [ 47.9704446, -18.9040306, 884.8 ], [ 47.9704794, -18.9039799, 884.7 ], [ 47.9705143, -18.9039368, 884.7 ], [ 47.9706645, -18.9037515, 884.5 ], [ 47.9707825, -18.9035993, 884.8 ], [ 47.9709086, -18.9034825, 885.0 ], [ 47.9711688, -18.9033328, 885.8 ], [ 47.9714128, -18.9032491, 886.5 ], [ 47.9722926, -18.9030486, 888.5 ], [ 47.9727593, -18.9029065, 888.2 ], [ 47.973108, -18.9027746, 888.0 ], [ 47.9733896, -18.9026248, 887.5 ], [ 47.9735988, -18.90247, 886.8 ], [ 47.9738429, -18.9022366, 886.2 ], [ 47.9740199, -18.9020361, 885.5 ], [ 47.9743177, -18.9016225, 884.8 ], [ 47.9746127, -18.9012266, 885.5 ], [ 47.9752243, -18.9001253, 886.0 ], [ 47.9753476, -18.8999198, 886.3 ], [ 47.9754254, -18.8997574, 886.5 ], [ 47.9754576, -18.8996051, 887.0 ], [ 47.9754925, -18.8993742, 886.6 ], [ 47.9754657, -18.8991966, 886.2 ], [ 47.9754066, -18.8985672, 884.5 ], [ 47.9754227, -18.8983211, 884.2 ], [ 47.975471, -18.8981511, 884.0 ], [ 47.9755595, -18.8979785, 884.2 ], [ 47.97575, -18.8977298, 884.6 ], [ 47.9759672, -18.897509, 885.0 ], [ 47.976281, -18.8972299, 885.5 ], [ 47.9767075, -18.8968239, 885.8 ], [ 47.9771554, -18.8964559, 883.5 ], [ 47.9772064, -18.8964153, 883.2 ], [ 47.9778287, -18.8958443, 883.7 ], [ 47.9779494, -18.8957022, 883.8 ], [ 47.9781049, -18.8954764, 884.2 ], [ 47.9781371, -18.8954358, 884.5 ], [ 47.9782042, -18.8953444, 884.8 ], [ 47.9783598, -18.895012, 886.0 ], [ 47.9784966, -18.8947176, 887.0 ], [ 47.978628, -18.8944461, 886.6 ], [ 47.9787782, -18.8941771, 886.2 ], [ 47.978923, -18.8939665, 885.2 ], [ 47.9793441, -18.893431, 883.8 ], [ 47.9794407, -18.893299, 883.2 ], [ 47.9796606, -18.8930351, 883.0 ], [ 47.9798377, -18.8927864, 884.2 ], [ 47.9799208, -18.8925352, 885.2 ], [ 47.9799798, -18.8922992, 885.0 ], [ 47.9800576, -18.8919058, 885.3 ], [ 47.9801407, -18.8917282, 885.5 ], [ 47.9802561, -18.8915252, 886.0 ], [ 47.980594, -18.891005, 887.0 ], [ 47.9808033, -18.89067, 886.8 ], [ 47.9809669, -18.890434, 886.0 ], [ 47.9811627, -18.8902487, 886.2 ], [ 47.9814094, -18.8900939, 885.8 ], [ 47.9819459, -18.8898833, 885.0 ], [ 47.9822946, -18.8897412, 883.0 ], [ 47.9825574, -18.8896549, 881.5 ], [ 47.9830295, -18.8894366, 880.0 ], [ 47.9832923, -18.8893174, 879.8 ], [ 47.9836249, -18.8891828, 881.0 ], [ 47.9838154, -18.8891143, 882.2 ], [ 47.9839656, -18.8890915, 883.5 ], [ 47.984089, -18.8890788, 884.5 ], [ 47.9841828, -18.8890813, 885.2 ], [ 47.9844108, -18.889089, 887.5 ], [ 47.9846013, -18.8891372, 889.2 ], [ 47.9847273, -18.8891803, 890.2 ], [ 47.9849875, -18.889297, 891.5 ], [ 47.9852048, -18.8894087, 892.0 ], [ 47.9853335, -18.8894772, 892.8 ], [ 47.9854703, -18.8895457, 893.8 ], [ 47.9856527, -18.889632, 895.0 ], [ 47.9858083, -18.8897031, 895.8 ], [ 47.9860362, -18.8897564, 896.8 ], [ 47.9862481, -18.8897741, 897.2 ], [ 47.9864681, -18.8897741, 896.5 ], [ 47.9867497, -18.8897107, 895.2 ], [ 47.9869938, -18.8896244, 894.8 ], [ 47.9872486, -18.8894519, 894.5 ], [ 47.9877663, -18.8889215, 894.2 ], [ 47.9890564, -18.8875688, 895.7 ], [ 47.98933, -18.8872516, 896.0 ], [ 47.9894158, -18.8870486, 895.9 ], [ 47.9894319, -18.8867999, 895.8 ], [ 47.9894695, -18.8865309, 895.0 ], [ 47.9895231, -18.8863583, 894.2 ], [ 47.9896465, -18.8861603, 894.8 ], [ 47.9898879, -18.8859954, 895.5 ], [ 47.9901561, -18.8859294, 897.0 ], [ 47.990478, -18.8859421, 898.0 ], [ 47.9907113, -18.8860461, 898.2 ], [ 47.990883, -18.8861933, 898.8 ], [ 47.99106, -18.8864446, 900.8 ], [ 47.9912236, -18.8867999, 903.0 ], [ 47.9919639, -18.8875308, 896.5 ], [ 47.992495, -18.8880561, 892.5 ], [ 47.9927793, -18.8882515, 892.0 ], [ 47.9930207, -18.888353, 892.6 ], [ 47.993407, -18.8884063, 893.5 ], [ 47.9941177, -18.888353, 891.2 ], [ 47.9947856, -18.8882997, 887.2 ], [ 47.9951477, -18.8883378, 886.5 ], [ 47.9954615, -18.8883987, 885.2 ], [ 47.9957646, -18.8885459, 884.5 ], [ 47.995888, -18.8886144, 884.4 ], [ 47.9962072, -18.8888758, 884.2 ], [ 47.9963037, -18.8889824, 884.5 ], [ 47.9964915, -18.889358, 885.2 ], [ 47.9965854, -18.889627, 886.8 ], [ 47.9967302, -18.8901294, 888.5 ], [ 47.9969153, -18.8908172, 887.2 ], [ 47.9969877, -18.8909593, 886.8 ], [ 47.9971245, -18.8912257, 886.2 ], [ 47.9973042, -18.8914008, 886.1 ], [ 47.9974893, -18.8915328, 886.0 ], [ 47.9978299, -18.8916216, 885.2 ], [ 47.998133, -18.891614, 885.0 ], [ 47.9985917, -18.8915277, 887.0 ], [ 47.9991093, -18.8914161, 889.2 ], [ 47.9994929, -18.891378, 890.8 ], [ 47.999973, -18.8914313, 889.8 ], [ 48.001247, -18.8916445, 893.5 ], [ 48.001518, -18.8916571, 894.2 ], [ 48.0018505, -18.8916394, 895.5 ], [ 48.0023119, -18.8915683, 896.2 ], [ 48.0026901, -18.8915353, 898.0 ], [ 48.003028, -18.8915658, 899.8 ], [ 48.0033419, -18.8916597, 899.5 ], [ 48.0036128, -18.8918196, 899.2 ], [ 48.0046695, -18.8926291, 898.5 ], [ 48.0049807, -18.8928397, 899.2 ], [ 48.0052301, -18.892959, 899.5 ], [ 48.0056351, -18.8931087, 900.2 ], [ 48.0059946, -18.8932534, 899.8 ], [ 48.0064613, -18.8933701, 899.5 ], [ 48.0068019, -18.8934259, 898.5 ], [ 48.0070353, -18.8934386, 898.9 ], [ 48.007459, -18.8934006, 899.8 ], [ 48.0077621, -18.8933447, 900.5 ], [ 48.0081403, -18.8932407, 901.2 ], [ 48.008422, -18.8931113, 901.3 ], [ 48.0094895, -18.8924768, 901.8 ], [ 48.0096477, -18.8923601, 901.2 ], [ 48.0098838, -18.8921495, 901.5 ], [ 48.0099803, -18.892048, 901.4 ], [ 48.0103478, -18.891581, 900.8 ], [ 48.0104443, -18.8914643, 900.5 ], [ 48.010852, -18.891043, 899.8 ], [ 48.0109647, -18.8909618, 899.2 ], [ 48.0111042, -18.8909009, 898.5 ], [ 48.0116916, -18.8907055, 895.0 ], [ 48.0118364, -18.8906624, 893.8 ], [ 48.0123916, -18.8904441, 889.0 ], [ 48.0125177, -18.8903578, 889.1 ], [ 48.0127215, -18.890132, 889.2 ], [ 48.0128986, -18.8898934, 890.0 ], [ 48.0131561, -18.8895635, 889.8 ], [ 48.0133224, -18.8893605, 889.6 ], [ 48.013553, -18.8891854, 889.5 ], [ 48.013663, -18.8891194, 889.2 ], [ 48.0142879, -18.8890103, 888.5 ], [ 48.0144569, -18.8889849, 887.5 ], [ 48.0148619, -18.8888961, 885.0 ], [ 48.0151328, -18.8888428, 884.0 ], [ 48.0157819, -18.8887464, 882.2 ], [ 48.0161333, -18.8886651, 880.0 ], [ 48.0164176, -18.8885992, 878.5 ], [ 48.0167073, -18.8884342, 877.8 ], [ 48.0168414, -18.8883327, 877.0 ], [ 48.0172223, -18.8879977, 875.0 ], [ 48.0173483, -18.8878835, 874.5 ], [ 48.0177131, -18.8875409, 874.6 ], [ 48.0178338, -18.8874318, 874.7 ], [ 48.0181208, -18.8871526, 874.8 ], [ 48.0188343, -18.8866527, 875.0 ], [ 48.0192527, -18.8863558, 877.9 ], [ 48.019537, -18.88614, 880.0 ], [ 48.0199903, -18.8858076, 882.0 ], [ 48.0201352, -18.8856985, 882.2 ], [ 48.0204061, -18.8854269, 881.2 ], [ 48.0205831, -18.8852823, 880.0 ], [ 48.0208138, -18.8851351, 879.0 ], [ 48.0210793, -18.8850209, 877.8 ], [ 48.0213368, -18.8849422, 876.2 ], [ 48.0216399, -18.8848813, 876.0 ], [ 48.0219188, -18.8848762, 876.1 ], [ 48.0222702, -18.8848991, 876.2 ], [ 48.0225411, -18.8849067, 877.2 ], [ 48.0231044, -18.8849346, 879.5 ], [ 48.0236864, -18.8849523, 884.0 ], [ 48.0240592, -18.8849549, 887.8 ], [ 48.024314, -18.8849117, 889.0 ], [ 48.0246654, -18.8848026, 891.2 ], [ 48.0251428, -18.8846503, 892.8 ], [ 48.0254593, -18.8845361, 893.0 ], [ 48.0258402, -18.8844981, 892.8 ], [ 48.0265537, -18.8844752, 891.9 ], [ 48.0270982, -18.8844219, 891.2 ], [ 48.0274978, -18.8843077, 889.5 ], [ 48.0279511, -18.8841428, 887.8 ], [ 48.0282488, -18.8840717, 887.2 ], [ 48.028627, -18.8840387, 886.2 ], [ 48.0300996, -18.8839981, 880.2 ], [ 48.0304965, -18.8840032, 879.0 ], [ 48.0307433, -18.8841072, 878.5 ], [ 48.0310947, -18.8843433, 877.8 ], [ 48.03121, -18.8844219, 877.5 ], [ 48.0316499, -18.8847366, 877.2 ], [ 48.0317545, -18.8848128, 877.1 ], [ 48.0321917, -18.8851224, 876.5 ], [ 48.032299, -18.885196, 876.3 ], [ 48.0327496, -18.885432, 875.5 ], [ 48.0330715, -18.8855589, 874.5 ], [ 48.0333772, -18.8856502, 874.2 ], [ 48.0337232, -18.8857112, 873.0 ], [ 48.0341819, -18.885734, 873.5 ], [ 48.0347425, -18.8857264, 874.0 ], [ 48.0349731, -18.8856959, 875.5 ], [ 48.0351877, -18.8856502, 877.0 ], [ 48.0354264, -18.8855589, 878.5 ], [ 48.035633, -18.8854396, 879.8 ], [ 48.0360782, -18.8850488, 881.2 ], [ 48.0364564, -18.8847544, 880.2 ], [ 48.0366361, -18.8846351, 879.5 ], [ 48.0368614, -18.8845463, 879.0 ], [ 48.0371028, -18.8844625, 878.8 ], [ 48.0375266, -18.8843788, 878.2 ], [ 48.0379021, -18.8843179, 878.0 ], [ 48.0381972, -18.8842621, 877.8 ], [ 48.0385029, -18.8841885, 877.5 ], [ 48.0390099, -18.884026, 877.0 ], [ 48.0396026, -18.8838154, 875.5 ], [ 48.0400291, -18.8836504, 875.4 ], [ 48.040756, -18.8833586, 875.3 ], [ 48.041102, -18.8832317, 875.2 ], [ 48.0413595, -18.8831378, 874.5 ], [ 48.04214, -18.8828561, 873.3 ], [ 48.0426335, -18.8826835, 872.5 ], [ 48.0429983, -18.8825262, 871.2 ], [ 48.043465, -18.8822698, 870.5 ], [ 48.0438727, -18.8820414, 871.8 ], [ 48.0440471, -18.8819069, 872.5 ], [ 48.0443394, -18.8816734, 873.5 ], [ 48.044436, -18.8815364, 874.0 ], [ 48.0447015, -18.8810973, 876.0 ], [ 48.0450287, -18.8805212, 880.5 ], [ 48.0451038, -18.8803817, 881.5 ], [ 48.0452245, -18.8800974, 883.0 ], [ 48.0452755, -18.8799502, 883.2 ], [ 48.0453774, -18.8794858, 883.0 ], [ 48.0454096, -18.8793284, 882.0 ], [ 48.0454847, -18.8788513, 879.8 ], [ 48.0455115, -18.8786939, 879.0 ], [ 48.045643, -18.8782397, 877.2 ], [ 48.045702, -18.8780975, 877.0 ], [ 48.0459434, -18.8776712, 876.8 ], [ 48.0460426, -18.8775392, 877.2 ], [ 48.046394, -18.8771712, 880.8 ], [ 48.0465147, -18.8770494, 882.2 ], [ 48.0469573, -18.8765519, 887.2 ], [ 48.0470458, -18.8764225, 888.2 ], [ 48.0471638, -18.8761484, 887.8 ], [ 48.0473274, -18.8755824, 884.5 ], [ 48.047365, -18.8754403, 883.5 ], [ 48.0476251, -18.8745622, 877.0 ], [ 48.0477592, -18.8743084, 876.0 ], [ 48.0479309, -18.874151, 875.8 ], [ 48.0481616, -18.8740013, 875.0 ], [ 48.0484486, -18.8739023, 875.8 ], [ 48.0489072, -18.8737297, 877.0 ], [ 48.0490521, -18.8736333, 877.2 ], [ 48.0492076, -18.8734759, 877.8 ], [ 48.049382, -18.8732627, 877.6 ], [ 48.0495483, -18.8730343, 877.4 ], [ 48.0497199, -18.8728592, 877.2 ], [ 48.0499586, -18.8727323, 878.0 ], [ 48.0502403, -18.8726688, 878.2 ], [ 48.0505595, -18.8726866, 879.8 ], [ 48.050817, -18.8727323, 881.5 ], [ 48.0513105, -18.8727754, 886.5 ], [ 48.0515224, -18.8727475, 887.5 ], [ 48.0517906, -18.8726257, 886.8 ], [ 48.0520669, -18.8723744, 883.0 ], [ 48.052319, -18.872245, 880.5 ], [ 48.0526865, -18.8721206, 878.2 ], [ 48.0530003, -18.8720039, 877.0 ], [ 48.0532175, -18.8718059, 877.4 ], [ 48.0533087, -18.8716257, 877.8 ], [ 48.0533195, -18.8714404, 878.5 ], [ 48.0532604, -18.8712526, 878.8 ], [ 48.0531746, -18.8710496, 880.2 ], [ 48.0530298, -18.8706511, 883.0 ], [ 48.0529627, -18.8704633, 883.1 ], [ 48.0529574, -18.8702653, 883.2 ], [ 48.0529681, -18.8700496, 883.5 ], [ 48.0530915, -18.869778, 883.9 ], [ 48.0532873, -18.8695521, 884.2 ], [ 48.0537406, -18.8692298, 885.5 ], [ 48.0541804, -18.868811, 884.2 ], [ 48.054336, -18.8686663, 883.0 ], [ 48.0545238, -18.8685445, 882.0 ], [ 48.055028, -18.8682628, 879.8 ], [ 48.0556986, -18.8678694, 877.5 ], [ 48.0560687, -18.8675978, 875.2 ], [ 48.0563343, -18.8674227, 873.5 ], [ 48.0566481, -18.8672475, 872.2 ], [ 48.0567983, -18.8671942, 872.5 ], [ 48.0569404, -18.8671688, 872.8 ], [ 48.0571899, -18.8671587, 873.5 ], [ 48.0575117, -18.867146, 874.5 ], [ 48.0577961, -18.8671232, 875.0 ], [ 48.0582145, -18.86708, 873.2 ], [ 48.0584264, -18.8670445, 872.5 ], [ 48.0586115, -18.8669963, 872.0 ], [ 48.0587751, -18.866948, 872.4 ], [ 48.0589414, -18.8668643, 872.8 ], [ 48.0590513, -18.8667907, 873.5 ], [ 48.0591533, -18.8666968, 874.5 ], [ 48.059231, -18.8665978, 875.0 ], [ 48.0592927, -18.8664963, 875.2 ], [ 48.0593517, -18.8663389, 874.5 ], [ 48.0593732, -18.866212, 873.2 ], [ 48.0593893, -18.866047, 871.8 ], [ 48.0594, -18.8659328, 871.0 ], [ 48.059451, -18.8658186, 870.5 ], [ 48.05951, -18.8657069, 870.0 ], [ 48.0595851, -18.8656384, 869.5 ], [ 48.0597675, -18.8654988, 868.8 ], [ 48.060033, -18.8654328, 868.0 ], [ 48.0616611, -18.8650876, 868.8 ], [ 48.0620876, -18.8650343, 869.8 ], [ 48.0624309, -18.865047, 871.0 ], [ 48.06319, -18.8651307, 873.8 ], [ 48.064692, -18.8653389, 872.0 ], [ 48.0648369, -18.865382, 872.5 ], [ 48.0649737, -18.8654404, 873.0 ], [ 48.0655664, -18.8658896, 879.8 ], [ 48.0660948, -18.8661181, 884.2 ], [ 48.0662289, -18.8661561, 884.8 ], [ 48.0667815, -18.8663034, 882.8 ], [ 48.0669317, -18.8663541, 881.8 ], [ 48.067385, -18.8665267, 878.2 ], [ 48.0675378, -18.8665851, 876.8 ], [ 48.0679965, -18.866778, 872.8 ], [ 48.068144, -18.866849, 871.5 ], [ 48.0685866, -18.86708, 870.0 ], [ 48.0691552, -18.8673947, 870.4 ], [ 48.0692974, -18.8674734, 870.5 ], [ 48.0697078, -18.8677348, 872.2 ], [ 48.0698419, -18.8678338, 873.0 ], [ 48.0700859, -18.8680369, 875.5 ], [ 48.0702013, -18.8681384, 876.5 ], [ 48.0706385, -18.8685267, 880.0 ], [ 48.0707431, -18.8686257, 879.5 ], [ 48.0710194, -18.8689506, 878.0 ], [ 48.0710971, -18.8690724, 877.2 ], [ 48.0713251, -18.8696079, 877.5 ], [ 48.0713975, -18.8697323, 878.0 ], [ 48.0715853, -18.869943, 880.2 ], [ 48.0717999, -18.8700623, 882.8 ], [ 48.0721432, -18.8700978, 884.8 ], [ 48.072508, -18.8700216, 887.0 ], [ 48.072854, -18.8698947, 888.5 ], [ 48.0734307, -18.8697425, 892.8 ], [ 48.0737284, -18.8696435, 894.2 ], [ 48.0739912, -18.8695064, 895.0 ], [ 48.0742005, -18.8693592, 895.8 ], [ 48.074466, -18.869042, 896.8 ], [ 48.0752036, -18.868146, 893.5 ], [ 48.0753189, -18.8680369, 893.2 ], [ 48.075445, -18.8679455, 893.0 ], [ 48.0756354, -18.8678364, 893.5 ], [ 48.0758741, -18.8677501, 894.0 ], [ 48.0761075, -18.8676993, 895.2 ], [ 48.0763355, -18.8676815, 897.5 ], [ 48.0766252, -18.8677069, 899.0 ], [ 48.0827004, -18.8685293, 899.5 ], [ 48.0839556, -18.8686968, 892.0 ], [ 48.084189, -18.8687374, 890.8 ], [ 48.0850875, -18.8689074, 886.2 ], [ 48.0854657, -18.8690318, 885.8 ], [ 48.0856079, -18.8690369, 885.2 ], [ 48.0861765, -18.869009, 881.2 ], [ 48.0863187, -18.8689988, 880.2 ], [ 48.0868444, -18.8690267, 879.8 ], [ 48.0869624, -18.8690572, 880.0 ], [ 48.0870804, -18.8691003, 880.2 ], [ 48.0874935, -18.8693744, 878.8 ], [ 48.0875552, -18.8694861, 878.5 ], [ 48.0876625, -18.8697145, 877.2 ], [ 48.0877107, -18.8700699, 875.2 ], [ 48.0877107, -18.8702577, 874.5 ], [ 48.0876222, -18.870613, 873.4 ], [ 48.087582, -18.8707551, 873.0 ], [ 48.0875391, -18.8711511, 871.8 ], [ 48.0875605, -18.8713287, 869.8 ], [ 48.0876249, -18.8715089, 868.2 ], [ 48.0878878, -18.8716333, 869.2 ], [ 48.088164, -18.8716282, 871.5 ], [ 48.0882901, -18.8715825, 872.5 ], [ 48.0887729, -18.871278, 876.5 ], [ 48.0891806, -18.8711054, 880.8 ], [ 48.0894542, -18.8710902, 883.2 ], [ 48.0896419, -18.8711155, 884.8 ], [ 48.0900711, -18.871278, 888.8 ], [ 48.0903715, -18.8713592, 891.0 ], [ 48.0905753, -18.8713693, 891.8 ], [ 48.0910099, -18.871349, 892.8 ], [ 48.0918521, -18.8711866, 893.5 ], [ 48.0921149, -18.871146, 895.0 ], [ 48.0924368, -18.8711257, 896.2 ], [ 48.0926514, -18.8711257, 897.2 ], [ 48.0928606, -18.8711587, 898.2 ], [ 48.0929437, -18.8711714, 898.5 ], [ 48.0933005, -18.8712653, 898.7 ], [ 48.0934078, -18.8712957, 898.8 ], [ 48.0935124, -18.8713338, 898.8 ], [ 48.0937269, -18.8714176, 898.9 ], [ 48.0942634, -18.8716511, 899.2 ], [ 48.0943733, -18.8716993, 899.8 ], [ 48.09484, -18.8719074, 900.8 ], [ 48.0949661, -18.8719683, 900.5 ], [ 48.0956125, -18.8722399, 899.2 ], [ 48.096149, -18.8724861, 898.2 ], [ 48.0967873, -18.8727551, 896.2 ], [ 48.0970797, -18.872882, 894.5 ], [ 48.0974901, -18.8729911, 893.8 ], [ 48.0977583, -18.8730368, 893.6 ], [ 48.0983779, -18.8730977, 893.2 ], [ 48.0989224, -18.8731434, 890.2 ], [ 48.0992925, -18.8731942, 887.5 ], [ 48.0996412, -18.8732652, 885.2 ], [ 48.0997753, -18.8733211, 885.0 ], [ 48.1003734, -18.873514, 882.2 ], [ 48.1011969, -18.8737881, 876.5 ], [ 48.1016287, -18.8739226, 875.2 ], [ 48.1019774, -18.8740013, 874.8 ], [ 48.1021973, -18.8740165, 875.0 ], [ 48.10242, -18.8739937, 875.2 ], [ 48.1027794, -18.8739607, 876.2 ], [ 48.103568, -18.8738921, 878.5 ], [ 48.1041875, -18.8738997, 876.5 ], [ 48.1046301, -18.8739581, 872.0 ], [ 48.1050271, -18.8740038, 867.0 ], [ 48.1059524, -18.8741231, 860.2 ], [ 48.1062394, -18.8741916, 860.0 ], [ 48.1064433, -18.8742804, 860.1 ], [ 48.1066257, -18.8743972, 860.2 ], [ 48.1067598, -18.8745292, 860.0 ], [ 48.1068805, -18.8747246, 859.2 ], [ 48.1069824, -18.8750495, 858.5 ], [ 48.1070012, -18.8753109, 857.2 ], [ 48.1069905, -18.8755418, 855.5 ], [ 48.106961, -18.875854, 853.9 ], [ 48.1069207, -18.8766052, 850.0 ], [ 48.1069341, -18.8768692, 850.8 ], [ 48.1069797, -18.8770544, 851.8 ], [ 48.1070334, -18.8772169, 853.5 ], [ 48.1070897, -18.8773285, 854.8 ], [ 48.1072158, -18.8774834, 855.2 ], [ 48.1073579, -18.8776204, 855.4 ], [ 48.1075189, -18.8777346, 855.5 ], [ 48.1079453, -18.8778869, 855.0 ], [ 48.108125, -18.8779579, 855.2 ], [ 48.1082967, -18.8780874, 855.4 ], [ 48.1084925, -18.8783818, 855.8 ], [ 48.1087875, -18.8789274, 855.5 ], [ 48.1088787, -18.8790797, 855.8 ], [ 48.1090638, -18.8793868, 856.2 ], [ 48.1094259, -18.8800137, 858.5 ], [ 48.1096458, -18.8802268, 858.0 ], [ 48.1099516, -18.8803867, 857.5 ], [ 48.1103781, -18.8805136, 856.0 ], [ 48.1107134, -18.8805771, 855.8 ], [ 48.1109977, -18.8806177, 856.2 ], [ 48.111451, -18.8806126, 856.0 ], [ 48.1117728, -18.8805745, 855.8 ], [ 48.1120706, -18.8805314, 855.2 ], [ 48.112312, -18.8805314, 855.0 ], [ 48.1125909, -18.8805542, 855.2 ], [ 48.1129342, -18.8805948, 856.8 ], [ 48.1131461, -18.8805974, 857.5 ], [ 48.1134224, -18.8805492, 858.2 ], [ 48.1136182, -18.8804629, 859.0 ], [ 48.1137952, -18.8803385, 859.2 ], [ 48.1140178, -18.8800517, 858.4 ], [ 48.114152, -18.8797929, 857.8 ], [ 48.1143531, -18.879397, 856.5 ], [ 48.1144711, -18.8792117, 856.6 ], [ 48.1146535, -18.8790569, 856.8 ], [ 48.1149432, -18.878897, 857.0 ], [ 48.1151605, -18.8788082, 857.5 ], [ 48.1155869, -18.8786533, 857.8 ], [ 48.115882, -18.8785493, 857.5 ], [ 48.1162441, -18.8784884, 857.8 ], [ 48.1169415, -18.8783869, 858.0 ], [ 48.1174162, -18.878298, 858.1 ], [ 48.1176549, -18.8782676, 858.2 ], [ 48.1179044, -18.87826, 858.2 ], [ 48.118127, -18.8782879, 858.5 ], [ 48.1182986, -18.8783336, 858.7 ], [ 48.118583, -18.8784706, 859.0 ], [ 48.119055, -18.8788462, 861.0 ], [ 48.1191596, -18.8789477, 861.8 ], [ 48.1195593, -18.8793563, 867.0 ], [ 48.1196585, -18.8794553, 868.2 ], [ 48.1200475, -18.8798259, 875.0 ], [ 48.1200743, -18.8798512, 875.5 ], [ 48.1201708, -18.8799401, 877.5 ], [ 48.1204632, -18.8800923, 880.2 ], [ 48.1207287, -18.8801609, 881.8 ], [ 48.1212732, -18.8803131, 884.2 ], [ 48.1215388, -18.8803918, 885.2 ], [ 48.1218338, -18.8805568, 887.5 ], [ 48.1221557, -18.8807674, 890.0 ], [ 48.1224373, -18.8810187, 894.0 ], [ 48.1226251, -18.8812826, 898.0 ], [ 48.1228048, -18.881676, 900.2 ], [ 48.1228316, -18.881747, 900.3 ], [ 48.122845, -18.8817851, 900.3 ], [ 48.1230032, -18.8822698, 900.8 ], [ 48.1230488, -18.8823993, 900.9 ], [ 48.1232741, -18.8829246, 901.8 ], [ 48.1233439, -18.883049, 902.0 ], [ 48.1236255, -18.8835616, 902.8 ], [ 48.1236979, -18.8836936, 902.5 ], [ 48.1240118, -18.8842392, 901.0 ], [ 48.1242478, -18.8846681, 901.2 ], [ 48.1243309, -18.8848128, 902.2 ], [ 48.1245831, -18.8852594, 904.8 ], [ 48.1246662, -18.8854092, 905.2 ], [ 48.1249559, -18.8858355, 906.2 ], [ 48.1251034, -18.8859573, 906.5 ], [ 48.1253368, -18.8861121, 906.6 ], [ 48.1256264, -18.8862796, 906.7 ], [ 48.1259939, -18.8863684, 906.8 ], [ 48.1261575, -18.8863862, 907.8 ], [ 48.1264794, -18.8863735, 909.5 ], [ 48.126635, -18.8863431, 910.2 ], [ 48.1269729, -18.8862289, 913.2 ], [ 48.1279492, -18.8857315, 923.0 ], [ 48.1285232, -18.8854574, 925.0 ], [ 48.1306905, -18.8847519, 920.2 ], [ 48.131125, -18.8846123, 918.5 ], [ 48.131184, -18.8845945, 918.0 ], [ 48.1314844, -18.884559, 917.0 ], [ 48.1317875, -18.8845767, 916.5 ], [ 48.1333995, -18.8848635, 913.5 ], [ 48.1343168, -18.8850412, 911.8 ], [ 48.1352904, -18.8852848, 910.0 ], [ 48.1372216, -18.8857137, 899.0 ], [ 48.1381792, -18.8859522, 903.2 ], [ 48.1393728, -18.8861654, 905.8 ], [ 48.1395364, -18.8862492, 906.2 ], [ 48.1397912, -18.886442, 907.2 ], [ 48.1399494, -18.8866248, 907.8 ], [ 48.1400567, -18.886843, 908.5 ], [ 48.140097, -18.8869877, 909.2 ], [ 48.1401157, -18.8872897, 910.8 ], [ 48.1401023, -18.8874546, 911.2 ], [ 48.1400299, -18.887919, 913.0 ], [ 48.1400004, -18.8880789, 913.5 ], [ 48.1398958, -18.8885129, 913.7 ], [ 48.1398529, -18.8887286, 913.8 ], [ 48.1397644, -18.8891625, 914.8 ], [ 48.1396142, -18.889863, 915.8 ], [ 48.1393272, -18.8913704, 916.6 ], [ 48.1390053, -18.8929235, 917.5 ], [ 48.1389758, -18.8932077, 918.2 ], [ 48.1389678, -18.893365, 918.1 ], [ 48.1390187, -18.8936315, 917.9 ], [ 48.1391045, -18.8938294, 917.8 ], [ 48.1392735, -18.8940654, 917.0 ], [ 48.1394747, -18.8942101, 916.5 ], [ 48.1397, -18.8943167, 917.0 ], [ 48.1400111, -18.8944359, 919.5 ], [ 48.1402981, -18.8945298, 922.2 ], [ 48.1407407, -18.8946821, 927.0 ], [ 48.1410465, -18.8947608, 929.5 ], [ 48.141371, -18.8947963, 931.8 ], [ 48.1440961, -18.895111, 932.5 ], [ 48.1444797, -18.8951693, 931.8 ], [ 48.1447077, -18.8952201, 931.0 ], [ 48.1449223, -18.8952962, 930.8 ], [ 48.145279, -18.895451, 930.5 ], [ 48.1458986, -18.8957251, 931.5 ], [ 48.1463492, -18.8959306, 932.5 ], [ 48.146494, -18.8959966, 932.7 ], [ 48.1469339, -18.8962022, 933.5 ], [ 48.1470653, -18.8962656, 933.8 ], [ 48.1482187, -18.8968264, 929.8 ], [ 48.148562, -18.8969888, 928.5 ], [ 48.1486988, -18.8970548, 928.1 ], [ 48.1490448, -18.8971741, 927.2 ], [ 48.1493613, -18.8972807, 926.5 ], [ 48.1496644, -18.8973416, 925.5 ], [ 48.1499729, -18.8973999, 924.7 ], [ 48.1506595, -18.8974913, 923.0 ], [ 48.1512335, -18.8975979, 920.8 ], [ 48.151373, -18.8976232, 920.5 ], [ 48.151719, -18.8976816, 920.3 ], [ 48.151904, -18.8977146, 920.2 ], [ 48.1520328, -18.8977349, 920.1 ], [ 48.1525531, -18.8978212, 919.8 ], [ 48.1526819, -18.8978415, 919.8 ], [ 48.1531861, -18.8979201, 919.5 ], [ 48.1533122, -18.897943, 919.8 ], [ 48.1536314, -18.8980191, 920.2 ], [ 48.1538191, -18.8980648, 920.5 ], [ 48.1539452, -18.8981105, 921.0 ], [ 48.1540337, -18.8981638, 921.2 ], [ 48.1543717, -18.8983668, 922.5 ], [ 48.1544682, -18.8984607, 923.2 ], [ 48.1547043, -18.898788, 925.2 ], [ 48.1547606, -18.8989149, 926.2 ], [ 48.1548518, -18.8993158, 929.0 ], [ 48.1548598, -18.8995848, 931.0 ], [ 48.1548142, -18.8998817, 931.2 ], [ 48.154538, -18.9009323, 929.5 ], [ 48.1545004, -18.9012165, 928.8 ], [ 48.1545165, -18.901691, 928.5 ], [ 48.1546882, -18.9020996, 929.8 ], [ 48.1548893, -18.9024041, 930.8 ], [ 48.1550583, -18.9026071, 931.2 ], [ 48.155466, -18.9029217, 930.5 ], [ 48.1555894, -18.9030156, 930.2 ], [ 48.1559703, -18.9033176, 929.8 ], [ 48.156504, -18.9037185, 927.5 ], [ 48.1566381, -18.9038175, 927.0 ], [ 48.1570458, -18.9041042, 925.0 ], [ 48.15718, -18.9042007, 924.5 ], [ 48.1575796, -18.9044798, 923.8 ], [ 48.1581187, -18.9048934, 921.8 ], [ 48.1587625, -18.905373, 920.0 ], [ 48.1596127, -18.9059718, 918.8 ], [ 48.1608814, -18.9069031, 918.0 ], [ 48.1620321, -18.9077633, 917.0 ], [ 48.1630594, -18.9085423, 913.0 ], [ 48.1643414, -18.909471, 909.8 ], [ 48.1653795, -18.910212, 907.5 ], [ 48.1655645, -18.9103363, 907.6 ], [ 48.166109, -18.9107169, 907.8 ], [ 48.1662726, -18.9108387, 908.5 ], [ 48.1665677, -18.9110569, 908.8 ], [ 48.1666803, -18.9111407, 909.0 ], [ 48.167147, -18.9114756, 909.5 ], [ 48.1672651, -18.9115593, 909.7 ], [ 48.1677318, -18.9118943, 910.2 ], [ 48.1678444, -18.9119856, 910.2 ], [ 48.1683058, -18.9123586, 909.8 ], [ 48.1684211, -18.9124525, 909.5 ], [ 48.168928, -18.9129042, 908.5 ], [ 48.1692955, -18.9132442, 909.0 ], [ 48.1693867, -18.9133279, 909.2 ], [ 48.1697729, -18.9136552, 908.2 ], [ 48.1698695, -18.9137339, 908.0 ], [ 48.1702718, -18.9140359, 907.5 ], [ 48.170363, -18.914112, 907.2 ], [ 48.1708163, -18.914452, 905.5 ], [ 48.1713501, -18.914858, 904.8 ], [ 48.171452, -18.914929, 904.5 ], [ 48.1715593, -18.9150077, 904.0 ], [ 48.1718785, -18.9152462, 902.2 ], [ 48.1719884, -18.915335, 901.5 ], [ 48.1726241, -18.9158399, 898.0 ], [ 48.1730479, -18.9161774, 898.8 ], [ 48.1731927, -18.916289, 899.0 ], [ 48.1735897, -18.9166316, 899.8 ], [ 48.1737158, -18.9167483, 900.2 ], [ 48.1740779, -18.917101, 901.8 ], [ 48.1741959, -18.9172126, 902.0 ], [ 48.1745338, -18.9175374, 902.3 ], [ 48.1746385, -18.9176414, 902.4 ], [ 48.1750515, -18.9180347, 902.8 ], [ 48.1751508, -18.9181286, 903.0 ], [ 48.1754217, -18.9184229, 904.2 ], [ 48.1755129, -18.9185219, 904.2 ], [ 48.175604, -18.9186158, 904.1 ], [ 48.1759688, -18.9189659, 903.9 ], [ 48.1760734, -18.9190623, 903.9 ], [ 48.1765375, -18.9195089, 903.6 ], [ 48.176752, -18.9197195, 903.5 ], [ 48.1769773, -18.9199377, 903.0 ], [ 48.1773233, -18.9202752, 903.1 ], [ 48.1774306, -18.9203792, 903.1 ], [ 48.1777927, -18.920737, 903.2 ], [ 48.1778947, -18.9208334, 903.2 ], [ 48.1783104, -18.9212368, 903.0 ], [ 48.1786108, -18.9215387, 902.0 ], [ 48.1787208, -18.9216453, 901.8 ], [ 48.1788468, -18.921762, 901.0 ], [ 48.1792116, -18.9221172, 900.4 ], [ 48.1796005, -18.9224547, 899.8 ], [ 48.1797266, -18.9225511, 899.0 ], [ 48.1801745, -18.9228632, 897.0 ], [ 48.1803221, -18.9229596, 896.5 ], [ 48.1807968, -18.9232285, 895.0 ], [ 48.1809068, -18.9233047, 894.5 ], [ 48.1818831, -18.923977, 892.0 ], [ 48.1819475, -18.9240227, 891.6 ], [ 48.1823257, -18.9242688, 890.1 ], [ 48.1826153, -18.9244591, 889.0 ], [ 48.1827682, -18.9245606, 889.1 ], [ 48.1828246, -18.9246012, 889.1 ], [ 48.1832644, -18.9249057, 889.2 ], [ 48.1833476, -18.9249615, 889.5 ], [ 48.1838599, -18.9252406, 890.5 ], [ 48.1839725, -18.9252964, 890.8 ], [ 48.1844741, -18.9255044, 892.0 ], [ 48.184737, -18.9255882, 892.8 ], [ 48.1859654, -18.9261413, 895.5 ], [ 48.1861103, -18.9262047, 895.8 ], [ 48.1866789, -18.9264737, 897.0 ], [ 48.1868157, -18.9265447, 897.8 ], [ 48.1873682, -18.9268136, 899.0 ], [ 48.1880602, -18.9271308, 899.8 ], [ 48.1881997, -18.9271942, 899.8 ], [ 48.1888998, -18.9275139, 900.0 ], [ 48.1893289, -18.9277093, 899.8 ], [ 48.1894737, -18.9277778, 900.0 ], [ 48.189919, -18.9279833, 901.0 ], [ 48.1905225, -18.9282471, 903.0 ], [ 48.1906727, -18.9283156, 903.5 ], [ 48.191134, -18.9285237, 903.8 ], [ 48.1916463, -18.928752, 904.0 ], [ 48.191759, -18.9288028, 904.0 ], [ 48.1919092, -18.9288713, 904.2 ], [ 48.1924161, -18.9291022, 904.0 ], [ 48.1925127, -18.9291529, 904.2 ], [ 48.1925958, -18.9292011, 904.5 ], [ 48.1928265, -18.9294066, 904.8 ], [ 48.1930518, -18.9297644, 903.8 ], [ 48.1936982, -18.9307488, 898.0 ], [ 48.1940603, -18.9313247, 897.0 ], [ 48.1941354, -18.9314186, 896.8 ], [ 48.1943017, -18.931553, 896.2 ], [ 48.1944573, -18.931652, 895.8 ], [ 48.1945887, -18.931723, 895.2 ], [ 48.1950876, -18.9319615, 896.2 ], [ 48.1956053, -18.932233, 897.2 ], [ 48.1959942, -18.932403, 898.2 ], [ 48.1963831, -18.9325501, 898.8 ], [ 48.1971797, -18.9328977, 899.0 ], [ 48.1977671, -18.9331261, 898.9 ], [ 48.1989875, -18.933598, 898.6 ], [ 48.1991404, -18.9336487, 898.6 ], [ 48.1995991, -18.9338238, 898.5 ], [ 48.1997466, -18.9338821, 898.4 ], [ 48.2001945, -18.9340546, 898.3 ], [ 48.2003421, -18.9341079, 898.3 ], [ 48.2004145, -18.9341333, 898.3 ], [ 48.2009268, -18.9343236, 898.2 ], [ 48.2010689, -18.9343768, 898.1 ], [ 48.2016161, -18.9345798, 898.0 ], [ 48.2017422, -18.9346255, 898.2 ], [ 48.2022357, -18.9348081, 899.0 ], [ 48.2023484, -18.9348563, 899.0 ], [ 48.2026112, -18.9350035, 898.8 ], [ 48.202807, -18.9351126, 898.8 ], [ 48.2033569, -18.9354399, 898.0 ], [ 48.2046121, -18.9363938, 898.7 ], [ 48.2063743, -18.9377917, 899.8 ], [ 48.2069832, -18.9382357, 899.0 ], [ 48.2073668, -18.9385427, 898.0 ], [ 48.2076162, -18.938738, 896.2 ], [ 48.2077637, -18.9388243, 895.5 ], [ 48.2078683, -18.9388725, 894.5 ], [ 48.2079273, -18.9389004, 894.0 ], [ 48.2080507, -18.9389511, 893.0 ], [ 48.2080963, -18.9389689, 892.8 ], [ 48.2087052, -18.9392226, 893.2 ], [ 48.2098424, -18.9397097, 897.0 ], [ 48.2101858, -18.9398568, 897.8 ], [ 48.2131791, -18.9411456, 902.2 ], [ 48.2141447, -18.9415642, 903.2 ], [ 48.2144666, -18.9417012, 903.2 ], [ 48.2145229, -18.9417266, 903.2 ], [ 48.214649, -18.9417799, 903.2 ], [ 48.2148662, -18.9418737, 903.1 ], [ 48.2149896, -18.941927, 903.1 ], [ 48.215408, -18.9421097, 903.0 ], [ 48.2154536, -18.9421274, 903.0 ], [ 48.215518, -18.9421553, 903.0 ], [ 48.216733, -18.9426729, 903.5 ], [ 48.2170227, -18.9427972, 904.0 ], [ 48.2175967, -18.9430407, 903.8 ], [ 48.2181868, -18.9432944, 904.2 ], [ 48.2185462, -18.9434466, 905.0 ], [ 48.2195815, -18.9438881, 907.0 ], [ 48.2201475, -18.9441316, 908.0 ], [ 48.2203165, -18.9442026, 908.5 ], [ 48.2203647, -18.9442229, 908.5 ], [ 48.2210621, -18.9444969, 908.8 ], [ 48.2217005, -18.944705, 909.0 ], [ 48.2218024, -18.9447354, 909.1 ], [ 48.2223335, -18.9449181, 909.5 ], [ 48.2226554, -18.945017, 909.4 ], [ 48.2234305, -18.9452758, 909.2 ], [ 48.2236451, -18.9453493, 909.0 ], [ 48.2242808, -18.9455624, 908.2 ], [ 48.22644, -18.9462347, 910.8 ], [ 48.2271588, -18.9463945, 912.0 ], [ 48.227773, -18.9464909, 913.2 ], [ 48.2281163, -18.9465468, 914.2 ], [ 48.2284516, -18.9465975, 914.2 ], [ 48.2286286, -18.9466254, 914.1 ], [ 48.2292107, -18.9467218, 914.0 ], [ 48.2295567, -18.9467954, 913.8 ], [ 48.229959, -18.9469045, 913.5 ], [ 48.2302916, -18.9469932, 913.4 ], [ 48.2304794, -18.9470389, 913.2 ], [ 48.230989, -18.9472089, 914.2 ], [ 48.2314155, -18.9473332, 916.2 ], [ 48.2317507, -18.9474372, 917.5 ], [ 48.2322013, -18.9475666, 919.0 ], [ 48.2325688, -18.9476503, 920.2 ], [ 48.2326493, -18.9476681, 920.5 ], [ 48.2327726, -18.9476858, 921.2 ], [ 48.2328933, -18.9477036, 921.8 ], [ 48.2334083, -18.9477416, 923.2 ], [ 48.2337677, -18.9477442, 924.8 ], [ 48.2341245, -18.947767, 925.0 ], [ 48.2341969, -18.9477061, 925.0 ], [ 48.2342264, -18.9476528, 925.0 ], [ 48.2343391, -18.9469831, 924.8 ], [ 48.2343766, -18.9468765, 924.0 ], [ 48.234441, -18.9467903, 923.2 ], [ 48.2345778, -18.9466685, 922.2 ], [ 48.2346019, -18.9466482, 922.0 ], [ 48.2346904, -18.9465924, 921.2 ], [ 48.2347494, -18.9465645, 921.0 ], [ 48.2351464, -18.9463895, 919.7 ], [ 48.2353556, -18.9463134, 919.0 ], [ 48.2355139, -18.946288, 919.2 ], [ 48.2355997, -18.9462931, 919.1 ], [ 48.2356694, -18.9463184, 919.0 ], [ 48.2358384, -18.9464199, 918.5 ], [ 48.236281, -18.9467142, 917.2 ], [ 48.2363883, -18.9467928, 917.1 ], [ 48.2365465, -18.9468309, 917.0 ], [ 48.2376918, -18.9468004, 916.2 ], [ 48.2379359, -18.9467928, 916.0 ], [ 48.2381076, -18.9468106, 916.2 ], [ 48.2382712, -18.9468537, 916.8 ], [ 48.2384616, -18.9469121, 917.8 ], [ 48.2389256, -18.947082, 920.0 ], [ 48.2394594, -18.9472748, 919.1 ], [ 48.2400951, -18.947559, 918.1 ], [ 48.2401755, -18.9475945, 918.0 ], [ 48.2404599, -18.9477213, 917.8 ], [ 48.2406986, -18.9478152, 918.0 ], [ 48.2409909, -18.9478989, 918.5 ], [ 48.2412511, -18.947937, 919.0 ], [ 48.2414335, -18.9479573, 919.2 ], [ 48.2419887, -18.9479953, 919.0 ], [ 48.2421657, -18.9480105, 918.2 ], [ 48.2425734, -18.9480384, 917.8 ], [ 48.2428792, -18.9480587, 918.7 ], [ 48.2434988, -18.9481095, 920.5 ], [ 48.2440594, -18.9481526, 923.8 ], [ 48.2454434, -18.9482008, 928.2 ], [ 48.2462105, -18.9482236, 932.8 ], [ 48.2465217, -18.9482414, 934.5 ], [ 48.2469562, -18.9483175, 935.0 ], [ 48.2476294, -18.9484646, 932.0 ], [ 48.2478762, -18.9485128, 930.8 ], [ 48.2480451, -18.9485179, 930.0 ], [ 48.2481524, -18.9485052, 929.9 ], [ 48.2484126, -18.9484596, 929.5 ], [ 48.2485977, -18.9484139, 928.5 ], [ 48.2493863, -18.9481906, 922.5 ], [ 48.2494882, -18.9481627, 922.0 ], [ 48.2499281, -18.9480638, 921.0 ], [ 48.2501936, -18.9480334, 920.5 ], [ 48.2503814, -18.9480587, 920.9 ], [ 48.2506201, -18.9481095, 921.5 ], [ 48.2509017, -18.9482186, 924.2 ], [ 48.2523528, -18.9487995, 943.5 ], [ 48.2524413, -18.9488223, 944.5 ], [ 48.2526129, -18.9488274, 946.8 ], [ 48.2527953, -18.9487234, 948.5 ], [ 48.2528946, -18.9485788, 949.2 ], [ 48.2529429, -18.9483327, 951.2 ], [ 48.2528597, -18.9481095, 952.5 ], [ 48.2526773, -18.9479496, 951.0 ], [ 48.25257, -18.9478862, 949.8 ], [ 48.2521114, -18.9476224, 942.0 ], [ 48.2519504, -18.9474905, 938.2 ], [ 48.2518619, -18.947285, 935.2 ], [ 48.2518673, -18.9471962, 934.5 ], [ 48.2519317, -18.9471049, 934.8 ], [ 48.2521114, -18.9470135, 936.8 ], [ 48.2524574, -18.9469197, 941.8 ], [ 48.2526129, -18.9469222, 944.2 ], [ 48.2526612, -18.9469349, 945.2 ], [ 48.2531226, -18.9470795, 951.8 ], [ 48.2532406, -18.9471175, 953.5 ], [ 48.2537743, -18.947285, 959.2 ], [ 48.2539165, -18.9473281, 960.8 ], [ 48.2544717, -18.9474753, 967.0 ], [ 48.2546058, -18.9475108, 968.5 ], [ 48.2547614, -18.947526, 969.5 ], [ 48.2549304, -18.9474955, 969.8 ], [ 48.2551154, -18.9474423, 971.0 ], [ 48.2563895, -18.9466558, 981.2 ], [ 48.2565638, -18.946595, 982.0 ], [ 48.2567221, -18.946595, 982.2 ], [ 48.2569474, -18.9466457, 982.5 ], [ 48.2572639, -18.9467167, 982.8 ], [ 48.257508, -18.946699, 984.8 ], [ 48.2579827, -18.9466381, 990.0 ], [ 48.2581142, -18.946633, 991.5 ], [ 48.2582536, -18.946666, 992.2 ], [ 48.2583904, -18.9467472, 991.8 ], [ 48.2586667, -18.9469298, 990.5 ], [ 48.2587954, -18.947011, 989.8 ], [ 48.2590958, -18.9471455, 990.2 ], [ 48.259348, -18.9472013, 990.0 ], [ 48.2594901, -18.9472419, 989.0 ], [ 48.2597262, -18.9473332, 986.5 ], [ 48.2598254, -18.9474245, 985.2 ], [ 48.2599998, -18.9475615, 983.2 ], [ 48.2601124, -18.9477315, 981.5 ], [ 48.2601526, -18.9478482, 981.0 ], [ 48.2601634, -18.9480181, 982.2 ], [ 48.2601607, -18.9483606, 986.8 ], [ 48.2602197, -18.9484596, 987.2 ], [ 48.2602948, -18.9485534, 988.0 ], [ 48.2604101, -18.9486143, 987.2 ], [ 48.2605657, -18.9486549, 985.0 ], [ 48.2607186, -18.9486727, 983.0 ], [ 48.2609761, -18.9486625, 980.0 ], [ 48.2612255, -18.9485965, 976.8 ], [ 48.2616788, -18.9484418, 970.5 ], [ 48.2618934, -18.9483758, 968.0 ], [ 48.2620463, -18.9483581, 967.0 ], [ 48.2622743, -18.948386, 966.8 ], [ 48.2625183, -18.9484443, 967.5 ], [ 48.2626873, -18.9485027, 968.5 ], [ 48.2632211, -18.9486853, 972.5 ], [ 48.2634035, -18.9487437, 973.8 ], [ 48.2642215, -18.949043, 974.0 ], [ 48.2650343, -18.9493449, 966.5 ], [ 48.2654044, -18.949454, 963.5 ], [ 48.2659167, -18.9494413, 966.8 ], [ 48.2662225, -18.9494895, 969.8 ], [ 48.2664934, -18.9496164, 972.0 ], [ 48.2671425, -18.9500679, 970.8 ], [ 48.2676467, -18.9504079, 962.8 ], [ 48.2678023, -18.9504916, 960.5 ], [ 48.267923, -18.9505068, 959.8 ], [ 48.2680222, -18.9505017, 959.5 ], [ 48.2681108, -18.9504789, 959.8 ], [ 48.2684916, -18.9502151, 965.0 ], [ 48.2685345, -18.950177, 965.8 ], [ 48.2688805, -18.949936, 970.5 ], [ 48.2690066, -18.9498954, 970.8 ], [ 48.2691917, -18.9499005, 968.8 ], [ 48.2692587, -18.9499208, 967.8 ], [ 48.2697013, -18.950144, 960.0 ], [ 48.2697845, -18.9501922, 959.0 ], [ 48.2702029, -18.9504738, 956.2 ], [ 48.2706696, -18.950796, 954.2 ], [ 48.2711926, -18.9511638, 948.8 ], [ 48.2712704, -18.9512196, 947.8 ], [ 48.2717264, -18.9515418, 943.2 ], [ 48.2722467, -18.9518995, 943.0 ], [ 48.2725471, -18.9520238, 943.5 ], [ 48.2727805, -18.9520416, 945.0 ], [ 48.2729012, -18.9520263, 946.2 ], [ 48.2734403, -18.9519173, 953.5 ], [ 48.2735851, -18.9519071, 954.8 ], [ 48.2739848, -18.9520619, 953.5 ], [ 48.2741109, -18.9521532, 952.2 ], [ 48.274473, -18.9524627, 949.2 ], [ 48.2745776, -18.9525794, 948.0 ], [ 48.274768, -18.9531451, 940.5 ], [ 48.2747948, -18.9532947, 938.8 ], [ 48.2748967, -18.9537361, 934.0 ], [ 48.2750657, -18.9539771, 932.0 ], [ 48.2753313, -18.9541014, 930.8 ], [ 48.275629, -18.9540862, 930.2 ], [ 48.2758865, -18.9539543, 930.4 ], [ 48.2759991, -18.9538554, 930.5 ], [ 48.2763505, -18.9535408, 932.2 ], [ 48.2764766, -18.9534343, 932.1 ], [ 48.2769567, -18.9529979, 931.8 ], [ 48.2774153, -18.9525946, 929.2 ], [ 48.2776675, -18.9524627, 928.8 ], [ 48.2778043, -18.9524398, 929.0 ], [ 48.2780054, -18.9524551, 929.2 ], [ 48.2781932, -18.952516, 929.5 ], [ 48.2783005, -18.9525895, 929.4 ], [ 48.2783943, -18.9526859, 929.2 ], [ 48.2787779, -18.9531248, 927.2 ], [ 48.2788691, -18.9532389, 926.8 ], [ 48.2793385, -18.9537514, 926.2 ], [ 48.2796282, -18.9541116, 926.8 ], [ 48.2797837, -18.9543729, 927.2 ], [ 48.2798186, -18.9544667, 927.3 ], [ 48.2798696, -18.9547052, 927.5 ], [ 48.2798856, -18.9549538, 927.8 ], [ 48.2799178, -18.955347, 927.2 ], [ 48.2799554, -18.9556083, 926.8 ], [ 48.2800305, -18.955933, 926.2 ], [ 48.2801002, -18.9561511, 926.8 ], [ 48.2801995, -18.956415, 927.5 ], [ 48.2804167, -18.9568513, 929.8 ], [ 48.2804596, -18.9569325, 930.2 ], [ 48.2806608, -18.9573536, 931.5 ], [ 48.2809424, -18.957904, 932.5 ], [ 48.2809934, -18.9579954, 932.1 ], [ 48.2812911, -18.9585839, 929.8 ], [ 48.2815352, -18.9589771, 926.2 ], [ 48.2816157, -18.9590735, 925.2 ], [ 48.2817954, -18.9592485, 924.0 ], [ 48.2820153, -18.9594083, 922.5 ], [ 48.2821307, -18.9594768, 922.7 ], [ 48.2824847, -18.9596518, 923.2 ], [ 48.2826027, -18.9597076, 924.0 ], [ 48.2830855, -18.9599588, 927.5 ], [ 48.2835978, -18.9601997, 930.5 ], [ 48.2837856, -18.9602556, 931.5 ], [ 48.2839733, -18.9602885, 932.0 ], [ 48.2845661, -18.9603114, 934.0 ], [ 48.2865268, -18.9603164, 938.5 ], [ 48.286728, -18.9602708, 937.5 ], [ 48.2868648, -18.960215, 936.5 ], [ 48.2877901, -18.9595681, 928.0 ], [ 48.2880959, -18.9593525, 926.8 ], [ 48.2882461, -18.9592586, 926.2 ], [ 48.2883668, -18.9592257, 926.4 ], [ 48.2884929, -18.9592003, 926.5 ], [ 48.2886592, -18.9591927, 927.0 ], [ 48.2897991, -18.9593068, 927.8 ], [ 48.2904965, -18.9593652, 926.2 ], [ 48.2906708, -18.9593855, 925.8 ], [ 48.2911617, -18.9595402, 924.2 ], [ 48.2913145, -18.9596188, 923.5 ], [ 48.2917652, -18.9598852, 924.0 ], [ 48.291918, -18.959974, 924.5 ], [ 48.2922587, -18.960182, 926.0 ], [ 48.2924518, -18.9602708, 927.5 ], [ 48.2926047, -18.960324, 928.5 ], [ 48.2929453, -18.960357, 929.2 ], [ 48.2933128, -18.9603798, 931.0 ], [ 48.2937822, -18.960423, 933.8 ], [ 48.2944876, -18.9604331, 931.0 ], [ 48.2948524, -18.9604889, 929.5 ], [ 48.2951608, -18.9605371, 928.2 ], [ 48.2955149, -18.96056, 927.8 ], [ 48.2958475, -18.9605498, 929.2 ], [ 48.2963356, -18.9604991, 933.5 ], [ 48.2970384, -18.9603798, 935.5 ], [ 48.2973522, -18.9603342, 934.5 ], [ 48.2976687, -18.9603114, 933.2 ], [ 48.2982534, -18.9603443, 932.5 ], [ 48.2986155, -18.9603443, 933.5 ], [ 48.2989213, -18.9603088, 935.0 ], [ 48.2991225, -18.9602378, 934.8 ], [ 48.2993719, -18.960116, 934.2 ], [ 48.299675, -18.9598852, 933.0 ], [ 48.3001846, -18.9594438, 932.5 ], [ 48.3007023, -18.9590278, 933.5 ], [ 48.3011985, -18.9586295, 933.0 ], [ 48.3015901, -18.9583124, 930.0 ], [ 48.3017376, -18.9582186, 928.8 ], [ 48.3019468, -18.9581577, 928.0 ], [ 48.3022258, -18.9581755, 927.2 ], [ 48.3024806, -18.9582338, 926.0 ], [ 48.3026522, -18.958419, 926.4 ], [ 48.3027273, -18.9585966, 926.8 ], [ 48.3027837, -18.9588274, 927.8 ], [ 48.3028212, -18.9590582, 928.0 ], [ 48.30284, -18.9593956, 927.8 ], [ 48.3029178, -18.9597026, 927.0 ], [ 48.3030063, -18.9599283, 926.2 ], [ 48.3031699, -18.9601668, 926.5 ], [ 48.3033121, -18.960324, 926.8 ], [ 48.3036044, -18.9606487, 931.8 ], [ 48.3037868, -18.9608187, 935.2 ], [ 48.303988, -18.9609836, 938.5 ], [ 48.3041891, -18.9610622, 939.2 ], [ 48.3045566, -18.9611789, 938.4 ], [ 48.3047712, -18.9612347, 937.9 ], [ 48.304975, -18.9612525, 937.5 ], [ 48.3061954, -18.9612423, 928.2 ], [ 48.3069894, -18.9612651, 924.5 ], [ 48.3083332, -18.9613565, 922.2 ], [ 48.3094275, -18.9614706, 921.0 ], [ 48.3112782, -18.961671, 917.5 ], [ 48.3118254, -18.9617446, 917.3 ], [ 48.3119515, -18.9617852, 917.2 ], [ 48.3120158, -18.9618359, 917.5 ], [ 48.3120856, -18.961912, 918.0 ], [ 48.3123779, -18.9622798, 918.8 ], [ 48.3127776, -18.9627948, 917.5 ], [ 48.3132228, -18.9633985, 918.2 ], [ 48.3133435, -18.9635634, 918.8 ], [ 48.3135045, -18.9637282, 920.0 ], [ 48.3139122, -18.9640656, 922.8 ], [ 48.3148831, -18.9648672, 920.5 ], [ 48.3155, -18.9653973, 917.0 ], [ 48.3156529, -18.9655318, 916.5 ], [ 48.3161196, -18.9659326, 915.5 ], [ 48.3162752, -18.9660619, 915.6 ], [ 48.3167365, -18.9664475, 916.0 ], [ 48.3168867, -18.9665768, 915.8 ], [ 48.31734, -18.9669599, 915.2 ], [ 48.3174875, -18.9670918, 915.1 ], [ 48.3180857, -18.9676219, 914.2 ], [ 48.3185551, -18.9680278, 917.8 ], [ 48.319121, -18.9685224, 920.5 ], [ 48.3192685, -18.9686492, 920.8 ], [ 48.3194885, -18.9689156, 920.4 ], [ 48.3195797, -18.9690627, 920.2 ], [ 48.3199176, -18.9696867, 917.5 ], [ 48.3202207, -18.9701483, 917.8 ], [ 48.3203414, -18.9702904, 918.8 ], [ 48.3206847, -18.9706861, 922.5 ], [ 48.3217576, -18.9718376, 918.8 ], [ 48.3220017, -18.9721014, 918.2 ], [ 48.3221036, -18.9721978, 918.0 ], [ 48.3222404, -18.9722815, 917.8 ], [ 48.3225328, -18.9724008, 917.9 ], [ 48.3226803, -18.9724388, 918.0 ], [ 48.3233804, -18.9726366, 918.2 ], [ 48.3243433, -18.972903, 916.2 ], [ 48.3250353, -18.9730957, 913.0 ], [ 48.3252472, -18.9731262, 912.2 ], [ 48.325384, -18.9731262, 911.8 ], [ 48.3255556, -18.9730957, 911.0 ], [ 48.3260411, -18.9729385, 910.8 ], [ 48.326194, -18.9728827, 911.2 ], [ 48.3266231, -18.9727305, 911.7 ], [ 48.3268994, -18.972629, 912.0 ], [ 48.3271435, -18.9725504, 912.5 ], [ 48.3273527, -18.9724971, 912.6 ], [ 48.3276075, -18.9724667, 912.8 ], [ 48.3277255, -18.9724692, 912.9 ], [ 48.3278301, -18.9724718, 913.1 ], [ 48.329815, -18.9726443, 916.0 ], [ 48.3299705, -18.9726519, 916.1 ], [ 48.3301261, -18.9726392, 916.2 ], [ 48.3302495, -18.9726164, 916.2 ], [ 48.3303621, -18.9725783, 916.1 ], [ 48.3304909, -18.9725276, 916.0 ], [ 48.3306786, -18.972416, 916.5 ], [ 48.3330014, -18.9710488, 921.0 ], [ 48.3331543, -18.9709372, 920.9 ], [ 48.3332697, -18.9708383, 920.9 ], [ 48.3334172, -18.9706531, 920.8 ], [ 48.3337444, -18.9701509, 920.0 ], [ 48.3341789, -18.9694711, 917.5 ], [ 48.3342513, -18.9693341, 917.8 ], [ 48.3349943, -18.967353, 916.0 ], [ 48.3351794, -18.9668863, 917.0 ], [ 48.3353081, -18.9667646, 917.0 ], [ 48.3354074, -18.9666986, 917.0 ], [ 48.3354878, -18.9666606, 917.2 ], [ 48.3359063, -18.9665084, 918.0 ], [ 48.336601, -18.9662547, 921.5 ], [ 48.3367807, -18.9661887, 922.5 ], [ 48.3372661, -18.9660188, 925.5 ], [ 48.3374995, -18.9659351, 926.0 ], [ 48.3380064, -18.9657448, 927.5 ], [ 48.3381674, -18.9656865, 928.0 ], [ 48.3382693, -18.9656485, 928.1 ], [ 48.3386528, -18.9654988, 928.4 ], [ 48.3388245, -18.9654227, 928.5 ], [ 48.339377, -18.9651766, 929.8 ], [ 48.3395675, -18.9650879, 931.5 ], [ 48.3401442, -18.964819, 935.8 ], [ 48.34093, -18.9644765, 943.0 ], [ 48.3416998, -18.9641417, 952.8 ], [ 48.3418849, -18.9640631, 955.0 ], [ 48.3424053, -18.9638576, 959.5 ], [ 48.3425823, -18.9638196, 961.0 ], [ 48.3431107, -18.9637637, 964.5 ], [ 48.3432984, -18.9637485, 965.5 ], [ 48.3438671, -18.9636978, 966.8 ], [ 48.3446181, -18.963642, 965.0 ], [ 48.3447924, -18.9636268, 964.2 ], [ 48.3453235, -18.9635887, 959.8 ], [ 48.3455032, -18.963576, 957.8 ], [ 48.3460423, -18.9635355, 952.2 ], [ 48.3462247, -18.9635177, 950.2 ], [ 48.3467853, -18.9634822, 945.5 ], [ 48.3469704, -18.9634796, 944.0 ], [ 48.3475551, -18.9635101, 941.8 ], [ 48.3477536, -18.9635278, 940.8 ], [ 48.348349, -18.9635786, 936.5 ], [ 48.3491886, -18.9636039, 931.6 ], [ 48.3498055, -18.9636471, 928.0 ], [ 48.350291, -18.96368, 932.2 ], [ 48.3504438, -18.9636547, 933.8 ], [ 48.350983, -18.9633959, 939.8 ], [ 48.3511037, -18.9633198, 940.8 ], [ 48.3514041, -18.9630281, 942.5 ], [ 48.3514738, -18.9629114, 942.8 ], [ 48.3516374, -18.9623661, 941.2 ], [ 48.351675, -18.9622189, 940.5 ], [ 48.3518574, -18.9615898, 936.5 ], [ 48.3519512, -18.9611079, 933.5 ], [ 48.3519566, -18.9609481, 933.0 ], [ 48.3519432, -18.9604737, 932.0 ], [ 48.3519378, -18.960319, 931.8 ], [ 48.3519378, -18.9598827, 930.2 ], [ 48.3519647, -18.9597457, 929.5 ], [ 48.3522007, -18.9593905, 928.8 ], [ 48.3523133, -18.959284, 929.1 ], [ 48.3524394, -18.9591901, 929.5 ], [ 48.3530912, -18.9588502, 935.5 ], [ 48.353177, -18.9587868, 936.5 ], [ 48.3532709, -18.9586549, 937.5 ], [ 48.3533353, -18.95849, 938.5 ], [ 48.3534265, -18.9575438, 934.0 ], [ 48.3535579, -18.9573206, 932.5 ], [ 48.3536544, -18.9572445, 932.8 ], [ 48.3537698, -18.9571937, 933.0 ], [ 48.3542767, -18.9571887, 934.8 ], [ 48.3544055, -18.9572039, 935.2 ], [ 48.3549151, -18.9572369, 936.8 ], [ 48.3550331, -18.9572217, 937.5 ], [ 48.3551404, -18.9571709, 938.5 ], [ 48.3553603, -18.9567498, 940.2 ], [ 48.3553952, -18.9566179, 940.0 ], [ 48.3555293, -18.9560421, 937.0 ], [ 48.3555669, -18.9558949, 935.5 ], [ 48.3557385, -18.9553495, 929.8 ], [ 48.3558217, -18.9552455, 929.5 ], [ 48.3559316, -18.9551694, 929.8 ], [ 48.356334, -18.9551085, 932.0 ], [ 48.3564654, -18.9551009, 932.8 ], [ 48.3565968, -18.9550654, 933.2 ], [ 48.3569214, -18.9548016, 931.8 ], [ 48.3570179, -18.9546849, 930.5 ], [ 48.357431, -18.9542308, 928.0 ], [ 48.3576965, -18.9540913, 927.5 ], [ 48.3578387, -18.9540532, 927.2 ], [ 48.3583054, -18.954, 928.5 ], [ 48.3589545, -18.9539467, 932.0 ], [ 48.3591154, -18.9539366, 933.0 ], [ 48.3597296, -18.9539391, 934.8 ], [ 48.3598745, -18.9539492, 935.0 ], [ 48.3604404, -18.9539771, 935.2 ], [ 48.3605745, -18.9539822, 935.0 ], [ 48.3610949, -18.9540127, 933.8 ], [ 48.3613604, -18.9539974, 932.5 ], [ 48.3614945, -18.953967, 931.8 ], [ 48.3620068, -18.9536626, 929.8 ], [ 48.3621329, -18.9535484, 930.2 ], [ 48.3626506, -18.953069, 933.5 ], [ 48.3630395, -18.9527138, 934.0 ], [ 48.3637154, -18.9520847, 931.5 ], [ 48.3641499, -18.9516788, 929.0 ], [ 48.36474, -18.9511283, 933.1 ], [ 48.365306, -18.9506007, 937.0 ], [ 48.3658504, -18.9500882, 938.2 ], [ 48.3659926, -18.9499614, 937.8 ], [ 48.3664271, -18.9495656, 936.5 ], [ 48.3665693, -18.9494337, 936.8 ], [ 48.3669797, -18.9490633, 938.8 ], [ 48.3671379, -18.9489644, 940.2 ], [ 48.3673927, -18.9488401, 942.5 ], [ 48.3675885, -18.9487614, 943.8 ], [ 48.3681196, -18.9485737, 946.8 ], [ 48.3686668, -18.9483555, 947.4 ], [ 48.3689967, -18.9482921, 947.8 ], [ 48.3692837, -18.9482845, 947.0 ], [ 48.3696243, -18.9483175, 945.8 ], [ 48.3697692, -18.9483505, 944.8 ], [ 48.3703458, -18.9484824, 940.5 ], [ 48.3704907, -18.9485128, 939.8 ], [ 48.3710539, -18.9486371, 938.0 ], [ 48.3711988, -18.9486676, 937.8 ], [ 48.3717486, -18.9487817, 937.2 ], [ 48.3718747, -18.9488071, 937.2 ], [ 48.3723789, -18.9489263, 936.8 ], [ 48.3725184, -18.9489619, 937.0 ], [ 48.3729985, -18.9490938, 938.2 ], [ 48.3731675, -18.9491496, 939.2 ], [ 48.3734518, -18.9492637, 941.2 ], [ 48.3737925, -18.949388, 944.0 ], [ 48.3740017, -18.9494743, 946.8 ], [ 48.3743852, -18.9495885, 949.5 ], [ 48.37475, -18.9496747, 952.0 ], [ 48.3750987, -18.9497381, 953.2 ], [ 48.3752462, -18.9497635, 953.5 ], [ 48.3754581, -18.9497762, 953.8 ], [ 48.3756593, -18.9497153, 953.2 ], [ 48.3758202, -18.9495935, 952.8 ], [ 48.3759356, -18.9494565, 952.0 ], [ 48.3760294, -18.9492257, 949.5 ], [ 48.3761099, -18.9490177, 947.0 ], [ 48.3762226, -18.9488375, 945.5 ], [ 48.3764613, -18.9485686, 944.0 ], [ 48.3768716, -18.9481602, 937.8 ], [ 48.3769575, -18.9480968, 936.5 ], [ 48.3770728, -18.9480486, 935.5 ], [ 48.3772016, -18.9480105, 934.8 ], [ 48.3773598, -18.9479953, 934.2 ], [ 48.3774912, -18.9479953, 933.8 ], [ 48.3776307, -18.9480207, 933.5 ], [ 48.377789, -18.948074, 933.2 ], [ 48.3779016, -18.9481374, 933.1 ], [ 48.378025, -18.948216, 933.0 ], [ 48.3785668, -18.9485889, 928.0 ], [ 48.3790013, -18.9488908, 924.5 ], [ 48.3792856, -18.9490785, 924.2 ], [ 48.3797067, -18.9492967, 924.4 ], [ 48.3798516, -18.9493398, 924.5 ], [ 48.3800045, -18.9493728, 924.8 ], [ 48.3804873, -18.9494489, 923.5 ], [ 48.3806509, -18.9494718, 923.0 ], [ 48.3811417, -18.9495453, 921.5 ], [ 48.381933, -18.9496747, 921.2 ], [ 48.3825901, -18.949799, 922.2 ], [ 48.3828664, -18.9497965, 923.2 ], [ 48.3831131, -18.9497686, 923.6 ], [ 48.3832446, -18.9497457, 923.8 ], [ 48.3837596, -18.9495986, 927.0 ], [ 48.3838803, -18.9495631, 927.8 ], [ 48.384406, -18.9494109, 929.2 ], [ 48.3846313, -18.9494083, 930.8 ], [ 48.384921, -18.9495301, 932.5 ], [ 48.3849961, -18.9496113, 933.2 ], [ 48.3850604, -18.9497052, 934.2 ], [ 48.3852482, -18.9501846, 937.8 ], [ 48.3853018, -18.9503292, 938.2 ], [ 48.3854708, -18.9507681, 940.8 ], [ 48.3855271, -18.9509152, 941.8 ], [ 48.3857176, -18.9513465, 944.2 ], [ 48.3857873, -18.951486, 945.2 ], [ 48.3860448, -18.9520213, 946.5 ], [ 48.3861065, -18.9521532, 946.2 ], [ 48.3863747, -18.9526808, 943.2 ], [ 48.3866858, -18.9532491, 941.8 ], [ 48.3867636, -18.9534013, 941.8 ], [ 48.3870077, -18.9538376, 942.0 ], [ 48.3870989, -18.9539746, 941.7 ], [ 48.3872116, -18.9541471, 941.2 ], [ 48.3873886, -18.9543323, 941.6 ], [ 48.38763, -18.9544794, 942.0 ], [ 48.3881423, -18.9547204, 947.2 ], [ 48.3884668, -18.9548371, 950.8 ], [ 48.3888289, -18.9548599, 953.0 ], [ 48.3891186, -18.9548117, 953.5 ], [ 48.3909908, -18.9543399, 962.5 ], [ 48.3919939, -18.9541293, 958.2 ], [ 48.3923265, -18.9541116, 954.0 ], [ 48.3925894, -18.9541395, 950.5 ], [ 48.3926994, -18.9541826, 949.0 ], [ 48.3930078, -18.9544135, 946.8 ], [ 48.3931071, -18.9545124, 946.2 ], [ 48.393555, -18.9549639, 943.5 ], [ 48.3939117, -18.9553292, 941.2 ], [ 48.3940378, -18.9554485, 941.0 ], [ 48.3944267, -18.9557808, 940.5 ], [ 48.3945608, -18.9558797, 940.8 ], [ 48.3949926, -18.956141, 940.2 ], [ 48.3951402, -18.9562222, 940.0 ], [ 48.395572, -18.9564632, 940.2 ], [ 48.3957088, -18.9565469, 940.2 ], [ 48.3958456, -18.9566306, 941.0 ], [ 48.3962238, -18.9569223, 943.5 ], [ 48.3963418, -18.9570339, 944.5 ], [ 48.396669, -18.9573688, 946.0 ], [ 48.3971223, -18.957899, 947.2 ], [ 48.3973154, -18.9579954, 947.8 ], [ 48.3974147, -18.9580055, 948.5 ], [ 48.3975139, -18.9579954, 949.5 ], [ 48.3981013, -18.9578609, 956.5 ], [ 48.3982193, -18.9578381, 957.5 ], [ 48.3987182, -18.9577544, 960.8 ], [ 48.3994827, -18.9576656, 964.2 ], [ 48.3999655, -18.9576453, 965.8 ], [ 48.4003195, -18.9577036, 967.8 ], [ 48.4003893, -18.9577265, 968.0 ], [ 48.4008399, -18.9578787, 969.0 ], [ 48.4009257, -18.9579091, 968.3 ], [ 48.4013897, -18.9580588, 964.8 ], [ 48.4019771, -18.9582566, 956.5 ], [ 48.4020978, -18.9582998, 954.5 ], [ 48.4026101, -18.9584723, 949.0 ], [ 48.4028757, -18.9585382, 948.5 ], [ 48.4031278, -18.9585306, 948.8 ], [ 48.403388, -18.9584672, 948.2 ], [ 48.4039271, -18.9582693, 945.5 ], [ 48.4044877, -18.958107, 941.5 ], [ 48.4049705, -18.9579751, 938.8 ], [ 48.4051394, -18.957937, 938.5 ], [ 48.4057939, -18.9577823, 939.0 ], [ 48.4069848, -18.9575464, 937.5 ], [ 48.4078753, -18.9573358, 936.2 ], [ 48.4081328, -18.9572851, 935.5 ], [ 48.4084117, -18.9572166, 935.2 ], [ 48.4086424, -18.9571988, 934.8 ], [ 48.4089589, -18.9572293, 934.8 ], [ 48.4094793, -18.9573079, 935.0 ], [ 48.4097931, -18.9573155, 934.2 ], [ 48.4100479, -18.9572698, 933.0 ], [ 48.4103322, -18.9571912, 931.5 ], [ 48.4104314, -18.9571506, 931.0 ], [ 48.4108981, -18.9569325, 929.0 ], [ 48.4110484, -18.9568488, 929.2 ], [ 48.4113273, -18.9566788, 930.8 ], [ 48.4115687, -18.9565317, 933.2 ], [ 48.4120113, -18.9562653, 938.0 ], [ 48.4122044, -18.9561004, 939.5 ], [ 48.4124351, -18.9557732, 938.6 ], [ 48.4126818, -18.9553952, 937.5 ], [ 48.4127408, -18.955276, 936.2 ], [ 48.4128106, -18.9551821, 935.5 ], [ 48.4129769, -18.9550147, 934.2 ], [ 48.4132907, -18.9547534, 931.5 ], [ 48.4136233, -18.9544743, 928.8 ], [ 48.4138379, -18.9543221, 927.2 ], [ 48.4141517, -18.954137, 926.2 ], [ 48.4142375, -18.954104, 926.1 ], [ 48.4143582, -18.9540431, 926.0 ], [ 48.414503, -18.9539721, 925.8 ], [ 48.4152567, -18.9535839, 925.2 ], [ 48.415938, -18.9532592, 924.8 ], [ 48.415989, -18.9532364, 924.8 ], [ 48.4161955, -18.9531324, 925.0 ], [ 48.4162948, -18.9530715, 925.2 ], [ 48.4163564, -18.9530182, 925.2 ], [ 48.4165603, -18.9528331, 925.1 ], [ 48.4166622, -18.9527138, 925.1 ], [ 48.4168231, -18.9525236, 925.0 ], [ 48.4169546, -18.9523612, 925.0 ], [ 48.4172738, -18.9519858, 926.5 ], [ 48.4176385, -18.9515621, 930.2 ], [ 48.4176627, -18.9515367, 930.5 ], [ 48.4179819, -18.9511613, 934.5 ], [ 48.4181455, -18.9509761, 936.5 ], [ 48.4183091, -18.9508061, 938.2 ], [ 48.4185934, -18.950555, 940.5 ], [ 48.4188563, -18.9503597, 941.5 ], [ 48.419095, -18.9502201, 942.0 ], [ 48.4188268, -18.9498142, 944.2 ], [ 48.4186015, -18.9494312, 946.0 ], [ 48.4185854, -18.9493601, 945.8 ], [ 48.418588, -18.9492942, 945.5 ], [ 48.4185961, -18.949005, 944.0 ], [ 48.4185934, -18.9489492, 943.5 ], [ 48.41858, -18.9488883, 943.0 ], [ 48.4183788, -18.9482312, 939.0 ], [ 48.4181911, -18.9477365, 936.8 ], [ 48.4181213, -18.9475691, 936.5 ], [ 48.4179309, -18.9472063, 935.2 ], [ 48.4175795, -18.9466178, 935.0 ], [ 48.4173274, -18.9462246, 934.2 ], [ 48.4172496, -18.9460647, 934.0 ], [ 48.417204, -18.9459277, 933.8 ], [ 48.4171611, -18.9457146, 933.5 ], [ 48.4170699, -18.9450195, 932.0 ], [ 48.417086, -18.9449206, 931.8 ], [ 48.4171155, -18.944847, 931.5 ], [ 48.4172282, -18.9446187, 930.5 ], [ 48.4172577, -18.944535, 930.2 ], [ 48.4172577, -18.9444081, 930.0 ], [ 48.4172013, -18.9440707, 928.5 ], [ 48.4170672, -18.943434, 927.0 ], [ 48.4170485, -18.9432513, 927.2 ], [ 48.417078, -18.9431498, 926.8 ], [ 48.4171128, -18.9430813, 926.2 ], [ 48.4172738, -18.9427541, 925.5 ], [ 48.4173113, -18.9426018, 925.2 ], [ 48.417314, -18.9424648, 925.8 ], [ 48.417255, -18.9421477, 926.2 ], [ 48.4171289, -18.941719, 924.8 ], [ 48.4170297, -18.9415591, 924.2 ], [ 48.4168741, -18.9413765, 924.0 ], [ 48.4168044, -18.941171, 923.0 ], [ 48.4167024, -18.9406661, 920.0 ], [ 48.4166113, -18.9402957, 918.2 ], [ 48.4165415, -18.9401131, 917.5 ], [ 48.4164691, -18.9400192, 917.0 ], [ 48.4163859, -18.9399253, 916.5 ], [ 48.4162948, -18.9398441, 916.2 ], [ 48.4161901, -18.9397909, 916.0 ], [ 48.4160855, -18.9397604, 916.4 ], [ 48.4159058, -18.9397071, 917.0 ], [ 48.4154901, -18.9395955, 918.0 ], [ 48.4151226, -18.9394788, 919.0 ], [ 48.4149268, -18.93939, 920.0 ], [ 48.4147364, -18.9392911, 921.2 ], [ 48.414605, -18.9391947, 922.2 ], [ 48.4144843, -18.9390602, 923.8 ], [ 48.4144118, -18.9389156, 925.0 ], [ 48.4143287, -18.9387304, 926.8 ], [ 48.4142885, -18.9384995, 928.5 ], [ 48.4142831, -18.9382205, 929.8 ], [ 48.4142804, -18.9379109, 929.0 ], [ 48.4142804, -18.9378374, 928.8 ], [ 48.4143126, -18.9370991, 926.0 ], [ 48.4143233, -18.9366399, 925.8 ], [ 48.4143126, -18.9361883, 927.8 ], [ 48.4143072, -18.9358839, 929.0 ], [ 48.4143046, -18.9357671, 929.5 ], [ 48.4142563, -18.9347498, 931.0 ], [ 48.4142509, -18.9338136, 925.0 ], [ 48.4142563, -18.9331793, 919.0 ], [ 48.414208, -18.93271, 918.0 ], [ 48.4141302, -18.932403, 919.0 ], [ 48.414039, -18.9321645, 919.5 ], [ 48.4137037, -18.9312105, 920.8 ], [ 48.4132129, -18.9299673, 914.2 ], [ 48.4129232, -18.9290819, 913.8 ], [ 48.4126979, -18.9283436, 917.0 ], [ 48.4126282, -18.9280137, 921.0 ], [ 48.4126765, -18.9277803, 923.0 ], [ 48.4127998, -18.9274733, 925.5 ], [ 48.4129661, -18.9271841, 928.0 ], [ 48.4132129, -18.9267553, 931.5 ], [ 48.4134436, -18.9265142, 934.2 ], [ 48.4135348, -18.9264584, 934.8 ], [ 48.413634, -18.9264178, 935.2 ], [ 48.4137386, -18.9263975, 935.5 ], [ 48.4138432, -18.926395, 935.2 ], [ 48.4139237, -18.9264026, 935.0 ], [ 48.4139988, -18.9264254, 934.5 ], [ 48.4140792, -18.9264762, 933.8 ], [ 48.4141409, -18.926532, 933.0 ], [ 48.4141999, -18.9266081, 932.0 ], [ 48.4142429, -18.9266868, 930.8 ], [ 48.4143233, -18.9268111, 929.2 ], [ 48.4144065, -18.9269101, 928.2 ], [ 48.4145245, -18.9270115, 927.2 ], [ 48.4146774, -18.9270902, 927.0 ], [ 48.4149617, -18.9271917, 926.5 ], [ 48.4152755, -18.9272424, 925.5 ], [ 48.4154338, -18.9272247, 925.2 ], [ 48.4155652, -18.9271891, 924.8 ], [ 48.4156671, -18.9271181, 924.7 ], [ 48.4157905, -18.9269887, 924.6 ], [ 48.4158871, -18.926872, 924.5 ], [ 48.4160239, -18.9266995, 923.8 ], [ 48.4160963, -18.9265675, 923.0 ], [ 48.4161338, -18.9264914, 922.5 ], [ 48.4161606, -18.9264432, 922.2 ], [ 48.4161714, -18.9264026, 922.4 ], [ 48.4161794, -18.9263341, 922.6 ], [ 48.4161606, -18.9262275, 923.0 ], [ 48.4161553, -18.9261362, 923.1 ], [ 48.4161445, -18.9260347, 923.2 ], [ 48.4161365, -18.925885, 923.5 ], [ 48.4161258, -18.925682, 924.2 ], [ 48.4161392, -18.9255831, 924.0 ], [ 48.4161714, -18.9254892, 923.8 ], [ 48.4162331, -18.9253979, 923.0 ], [ 48.4163162, -18.9252888, 922.0 ], [ 48.4164369, -18.9251264, 920.8 ], [ 48.416504, -18.9250554, 920.0 ], [ 48.4164906, -18.9249615, 920.1 ], [ 48.4164906, -18.924908, 920.1 ], [ 48.4164906, -18.924908, 920.1 ], [ 48.4164906, -18.9249615, 920.1 ], [ 48.416504, -18.9250554, 920.0 ], [ 48.4164369, -18.9251264, 920.8 ], [ 48.4163162, -18.9252888, 922.0 ], [ 48.4162331, -18.9253979, 923.0 ], [ 48.4161714, -18.9254892, 923.8 ], [ 48.4161392, -18.9255831, 924.0 ], [ 48.4161258, -18.925682, 924.2 ], [ 48.4161365, -18.925885, 923.5 ], [ 48.4161445, -18.9260347, 923.2 ], [ 48.4161553, -18.9261362, 923.1 ], [ 48.4161606, -18.9262275, 923.0 ], [ 48.4161794, -18.9263341, 922.6 ], [ 48.4161714, -18.9264026, 922.4 ], [ 48.4161606, -18.9264432, 922.2 ], [ 48.4161338, -18.9264914, 922.5 ], [ 48.4160963, -18.9265675, 923.0 ], [ 48.4160239, -18.9266995, 923.8 ], [ 48.4158871, -18.926872, 924.5 ], [ 48.4157905, -18.9269887, 924.6 ], [ 48.4156671, -18.9271181, 924.7 ], [ 48.4155652, -18.9271891, 924.8 ], [ 48.4154338, -18.9272247, 925.2 ], [ 48.4152755, -18.9272424, 925.5 ], [ 48.4149617, -18.9271917, 926.5 ], [ 48.4146774, -18.9270902, 927.0 ], [ 48.4145245, -18.9270115, 927.2 ], [ 48.4144065, -18.9269101, 928.2 ], [ 48.4143233, -18.9268111, 929.2 ], [ 48.4142429, -18.9266868, 930.8 ], [ 48.4141999, -18.9266081, 932.0 ], [ 48.4141409, -18.926532, 933.0 ], [ 48.4140792, -18.9264762, 933.8 ], [ 48.4139988, -18.9264254, 934.5 ], [ 48.4139237, -18.9264026, 935.0 ], [ 48.4138432, -18.926395, 935.2 ], [ 48.4137386, -18.9263975, 935.5 ], [ 48.413634, -18.9264178, 935.2 ], [ 48.4135348, -18.9264584, 934.8 ], [ 48.4134436, -18.9265142, 934.2 ], [ 48.4132129, -18.9267553, 931.5 ], [ 48.4129661, -18.9271841, 928.0 ], [ 48.4127998, -18.9274733, 925.5 ], [ 48.4126765, -18.9277803, 923.0 ], [ 48.4126282, -18.9280137, 921.0 ], [ 48.4126979, -18.9283436, 917.0 ], [ 48.4129232, -18.9290819, 913.8 ], [ 48.4132129, -18.9299673, 914.2 ], [ 48.4137037, -18.9312105, 920.8 ], [ 48.414039, -18.9321645, 919.5 ], [ 48.4141302, -18.932403, 919.0 ], [ 48.414208, -18.93271, 918.0 ], [ 48.4142563, -18.9331793, 919.0 ], [ 48.4142509, -18.9338136, 925.0 ], [ 48.4142563, -18.9347498, 931.0 ], [ 48.4143046, -18.9357671, 929.5 ], [ 48.4143072, -18.9358839, 929.0 ], [ 48.4143126, -18.9361883, 927.8 ], [ 48.4143233, -18.9366399, 925.8 ], [ 48.4143126, -18.9370991, 926.0 ], [ 48.4142804, -18.9378374, 928.8 ], [ 48.4142804, -18.9379109, 929.0 ], [ 48.4142831, -18.9382205, 929.8 ], [ 48.4142885, -18.9384995, 928.5 ], [ 48.4143287, -18.9387304, 926.8 ], [ 48.4144118, -18.9389156, 925.0 ], [ 48.4144843, -18.9390602, 923.8 ], [ 48.414605, -18.9391947, 922.2 ], [ 48.4147364, -18.9392911, 921.2 ], [ 48.4149268, -18.93939, 920.0 ], [ 48.4151226, -18.9394788, 919.0 ], [ 48.4154901, -18.9395955, 918.0 ], [ 48.4159058, -18.9397071, 917.3 ], [ 48.4160855, -18.9397604, 917.0 ], [ 48.4161901, -18.9397909, 916.0 ], [ 48.4162948, -18.9398441, 916.2 ], [ 48.4163859, -18.9399253, 916.5 ], [ 48.4164691, -18.9400192, 917.0 ], [ 48.4165415, -18.9401131, 917.5 ], [ 48.4166113, -18.9402957, 918.2 ], [ 48.4167024, -18.9406661, 920.0 ], [ 48.4168044, -18.941171, 923.0 ], [ 48.4168741, -18.9413765, 924.0 ], [ 48.4170297, -18.9415591, 924.2 ], [ 48.4171289, -18.941719, 924.8 ], [ 48.417255, -18.9421477, 926.2 ], [ 48.417314, -18.9424648, 925.8 ], [ 48.4173113, -18.9426018, 925.2 ], [ 48.4172738, -18.9427541, 925.5 ], [ 48.4171128, -18.9430813, 926.2 ], [ 48.417078, -18.9431498, 926.8 ], [ 48.4170485, -18.9432513, 927.2 ], [ 48.4170672, -18.943434, 927.0 ], [ 48.4172013, -18.9440707, 928.5 ], [ 48.4172577, -18.9444081, 930.0 ], [ 48.4172577, -18.944535, 930.2 ], [ 48.4172282, -18.9446187, 930.5 ], [ 48.4171155, -18.944847, 931.5 ], [ 48.417086, -18.9449206, 931.8 ], [ 48.4170699, -18.9450195, 932.0 ], [ 48.4171611, -18.9457146, 933.5 ], [ 48.417204, -18.9459277, 933.8 ], [ 48.4172496, -18.9460647, 934.0 ], [ 48.4173274, -18.9462246, 934.2 ], [ 48.4175795, -18.9466178, 935.0 ], [ 48.4179309, -18.9472063, 935.2 ], [ 48.4181213, -18.9475691, 936.5 ], [ 48.4181911, -18.9477365, 936.8 ], [ 48.4183788, -18.9482312, 939.0 ], [ 48.41858, -18.9488883, 943.0 ], [ 48.4185934, -18.9489492, 943.5 ], [ 48.4185961, -18.949005, 944.0 ], [ 48.418588, -18.9492942, 945.5 ], [ 48.4185854, -18.9493601, 945.8 ], [ 48.4186015, -18.9494312, 946.0 ], [ 48.4188268, -18.9498142, 944.2 ], [ 48.419095, -18.9502201, 942.0 ], [ 48.4188563, -18.9503597, 941.5 ], [ 48.4185934, -18.950555, 940.5 ], [ 48.4183091, -18.9508061, 938.2 ], [ 48.4181455, -18.9509761, 936.5 ], [ 48.4179819, -18.9511613, 934.5 ], [ 48.4176627, -18.9515367, 930.5 ], [ 48.4176385, -18.9515621, 930.2 ], [ 48.4172738, -18.9519858, 926.5 ], [ 48.4169546, -18.9523612, 925.4 ], [ 48.4168231, -18.9525236, 925.0 ], [ 48.4166622, -18.9527138, 925.1 ], [ 48.4165603, -18.9528331, 925.1 ], [ 48.4163564, -18.9530182, 925.2 ], [ 48.4162948, -18.9530715, 925.2 ], [ 48.4161955, -18.9531324, 925.0 ], [ 48.415989, -18.9532364, 924.8 ], [ 48.415938, -18.9532592, 924.8 ], [ 48.4152567, -18.9535839, 925.2 ], [ 48.414503, -18.9539721, 925.8 ], [ 48.4143582, -18.9540431, 926.0 ], [ 48.4142375, -18.954104, 926.1 ], [ 48.4141517, -18.954137, 926.2 ], [ 48.4138379, -18.9543221, 927.2 ], [ 48.4136233, -18.9544743, 928.8 ], [ 48.4132907, -18.9547534, 931.5 ], [ 48.4129769, -18.9550147, 934.2 ], [ 48.4128106, -18.9551821, 935.5 ], [ 48.4127408, -18.955276, 936.2 ], [ 48.4126818, -18.9553952, 937.5 ], [ 48.4124351, -18.9557732, 938.6 ], [ 48.4122044, -18.9561004, 939.5 ], [ 48.4120113, -18.9562653, 938.0 ], [ 48.4115687, -18.9565317, 933.2 ], [ 48.4113273, -18.9566788, 930.8 ], [ 48.4110484, -18.9568488, 929.2 ], [ 48.4108981, -18.9569325, 929.0 ], [ 48.4104314, -18.9571506, 930.7 ], [ 48.4103322, -18.9571912, 931.0 ], [ 48.4100479, -18.9572698, 933.0 ], [ 48.4097931, -18.9573155, 934.2 ], [ 48.4094793, -18.9573079, 935.0 ], [ 48.4089589, -18.9572293, 934.8 ], [ 48.4086424, -18.9571988, 934.8 ], [ 48.4084117, -18.9572166, 935.2 ], [ 48.4081328, -18.9572851, 935.5 ], [ 48.4078753, -18.9573358, 936.2 ], [ 48.4069848, -18.9575464, 937.5 ], [ 48.4057939, -18.9577823, 939.0 ], [ 48.4051394, -18.957937, 938.5 ], [ 48.4049705, -18.9579751, 938.8 ], [ 48.4044877, -18.958107, 941.5 ], [ 48.4039271, -18.9582693, 945.5 ], [ 48.403388, -18.9584672, 948.2 ], [ 48.4031278, -18.9585306, 948.8 ], [ 48.4028757, -18.9585382, 948.5 ], [ 48.4026101, -18.9584723, 949.0 ], [ 48.4020978, -18.9582998, 954.5 ], [ 48.4019771, -18.9582566, 956.5 ], [ 48.4013897, -18.9580588, 964.8 ], [ 48.4009257, -18.9579091, 968.3 ], [ 48.4008399, -18.9578787, 969.0 ], [ 48.4003893, -18.9577265, 968.0 ], [ 48.4003195, -18.9577036, 967.8 ], [ 48.3999655, -18.9576453, 965.8 ], [ 48.3994827, -18.9576656, 964.2 ], [ 48.3987182, -18.9577544, 960.8 ], [ 48.3982193, -18.9578381, 957.5 ], [ 48.3981013, -18.9578609, 956.5 ], [ 48.3975139, -18.9579954, 949.5 ], [ 48.3974147, -18.9580055, 948.5 ], [ 48.3973154, -18.9579954, 947.8 ], [ 48.3971223, -18.957899, 947.2 ], [ 48.396669, -18.9573688, 946.0 ], [ 48.3963418, -18.9570339, 944.5 ], [ 48.3962238, -18.9569223, 943.5 ], [ 48.3958456, -18.9566306, 941.0 ], [ 48.3957088, -18.9565469, 940.2 ], [ 48.395572, -18.9564632, 940.2 ], [ 48.3951402, -18.9562222, 940.0 ], [ 48.3949926, -18.956141, 940.2 ], [ 48.3945608, -18.9558797, 940.8 ], [ 48.3944267, -18.9557808, 940.5 ], [ 48.3940378, -18.9554485, 941.0 ], [ 48.3939117, -18.9553292, 941.2 ], [ 48.393555, -18.9549639, 943.5 ], [ 48.3931071, -18.9545124, 946.2 ], [ 48.3930078, -18.9544135, 946.8 ], [ 48.3926994, -18.9541826, 949.0 ], [ 48.3925894, -18.9541395, 950.5 ], [ 48.3923265, -18.9541116, 954.0 ], [ 48.3919939, -18.9541293, 958.2 ], [ 48.3909908, -18.9543399, 962.5 ], [ 48.3891186, -18.9548117, 953.5 ], [ 48.3888289, -18.9548599, 953.0 ], [ 48.3884668, -18.9548371, 950.8 ], [ 48.3881423, -18.9547204, 947.2 ], [ 48.38763, -18.9544794, 942.0 ], [ 48.3873886, -18.9543323, 941.6 ], [ 48.3872116, -18.9541471, 941.2 ], [ 48.3870989, -18.9539746, 941.7 ], [ 48.3870077, -18.9538376, 942.0 ], [ 48.3867636, -18.9534013, 941.8 ], [ 48.3866858, -18.9532491, 941.8 ], [ 48.3863747, -18.9526808, 943.2 ], [ 48.3861065, -18.9521532, 946.2 ], [ 48.3860448, -18.9520213, 946.5 ], [ 48.3857873, -18.951486, 945.2 ], [ 48.3857176, -18.9513465, 944.2 ], [ 48.3855271, -18.9509152, 941.8 ], [ 48.3854708, -18.9507681, 940.8 ], [ 48.3853018, -18.9503292, 938.2 ], [ 48.3852482, -18.9501846, 937.8 ], [ 48.3850604, -18.9497052, 934.2 ], [ 48.3849961, -18.9496113, 933.2 ], [ 48.384921, -18.9495301, 932.5 ], [ 48.3846313, -18.9494083, 930.8 ], [ 48.384406, -18.9494109, 929.2 ], [ 48.3838803, -18.9495631, 927.8 ], [ 48.3837596, -18.9495986, 927.0 ], [ 48.3832446, -18.9497457, 923.8 ], [ 48.3831131, -18.9497686, 923.6 ], [ 48.3828664, -18.9497965, 923.2 ], [ 48.3825901, -18.949799, 922.2 ], [ 48.381933, -18.9496747, 921.2 ], [ 48.3811417, -18.9495453, 921.5 ], [ 48.3806509, -18.9494718, 923.0 ], [ 48.3804873, -18.9494489, 923.5 ], [ 48.3800045, -18.9493728, 924.8 ], [ 48.3798516, -18.9493398, 924.5 ], [ 48.3797067, -18.9492967, 924.4 ], [ 48.3792856, -18.9490785, 924.2 ], [ 48.3790013, -18.9488908, 924.5 ], [ 48.3785668, -18.9485889, 928.0 ], [ 48.378025, -18.948216, 933.0 ], [ 48.3779016, -18.9481374, 933.1 ], [ 48.377789, -18.948074, 933.2 ], [ 48.3776307, -18.9480207, 933.5 ], [ 48.3774912, -18.9479953, 933.8 ], [ 48.3773598, -18.9479953, 934.2 ], [ 48.3772016, -18.9480105, 934.8 ], [ 48.3770728, -18.9480486, 935.5 ], [ 48.3769575, -18.9480968, 936.5 ], [ 48.3768716, -18.9481602, 937.8 ], [ 48.3764613, -18.9485686, 944.0 ], [ 48.3762226, -18.9488375, 945.5 ], [ 48.3761099, -18.9490177, 947.0 ], [ 48.3760294, -18.9492257, 949.5 ], [ 48.3759356, -18.9494565, 952.0 ], [ 48.3758202, -18.9495935, 952.8 ], [ 48.3756593, -18.9497153, 953.2 ], [ 48.3754581, -18.9497762, 953.8 ], [ 48.3752462, -18.9497635, 953.5 ], [ 48.3750987, -18.9497381, 953.2 ], [ 48.37475, -18.9496747, 952.0 ], [ 48.3743852, -18.9495885, 949.5 ], [ 48.3740017, -18.9494743, 946.8 ], [ 48.3737925, -18.949388, 944.0 ], [ 48.3734518, -18.9492637, 941.2 ], [ 48.3731675, -18.9491496, 939.2 ], [ 48.3729985, -18.9490938, 938.2 ], [ 48.3725184, -18.9489619, 937.0 ], [ 48.3723789, -18.9489263, 936.8 ], [ 48.3718747, -18.9488071, 937.2 ], [ 48.3717486, -18.9487817, 937.2 ], [ 48.3711988, -18.9486676, 937.8 ], [ 48.3710539, -18.9486371, 938.0 ], [ 48.3704907, -18.9485128, 939.8 ], [ 48.3703458, -18.9484824, 940.5 ], [ 48.3697692, -18.9483505, 944.8 ], [ 48.3696243, -18.9483175, 945.8 ], [ 48.3692837, -18.9482845, 947.0 ], [ 48.3689967, -18.9482921, 947.8 ], [ 48.3686668, -18.9483555, 947.4 ], [ 48.3681196, -18.9485737, 946.8 ], [ 48.3675885, -18.9487614, 943.8 ], [ 48.3673927, -18.9488401, 942.5 ], [ 48.3671379, -18.9489644, 940.2 ], [ 48.3669797, -18.9490633, 938.8 ], [ 48.3665693, -18.9494337, 936.8 ], [ 48.3664271, -18.9495656, 936.5 ], [ 48.3659926, -18.9499614, 937.8 ], [ 48.3658504, -18.9500882, 938.2 ], [ 48.365306, -18.9506007, 937.0 ], [ 48.36474, -18.9511283, 933.1 ], [ 48.3641499, -18.9516788, 929.0 ], [ 48.3637154, -18.9520847, 931.5 ], [ 48.3630395, -18.9527138, 934.0 ], [ 48.3626506, -18.953069, 933.5 ], [ 48.3621329, -18.9535484, 930.2 ], [ 48.3620068, -18.9536626, 929.8 ], [ 48.3614945, -18.953967, 931.8 ], [ 48.3613604, -18.9539974, 932.5 ], [ 48.3610949, -18.9540127, 933.8 ], [ 48.3605745, -18.9539822, 935.0 ], [ 48.3604404, -18.9539771, 935.2 ], [ 48.3598745, -18.9539492, 935.0 ], [ 48.3597296, -18.9539391, 934.8 ], [ 48.3591154, -18.9539366, 933.0 ], [ 48.3589545, -18.9539467, 932.0 ], [ 48.3583054, -18.954, 928.5 ], [ 48.3578387, -18.9540532, 927.2 ], [ 48.3576965, -18.9540913, 927.5 ], [ 48.357431, -18.9542308, 928.0 ], [ 48.3570179, -18.9546849, 930.5 ], [ 48.3569214, -18.9548016, 931.8 ], [ 48.3565968, -18.9550654, 933.2 ], [ 48.3564654, -18.9551009, 932.8 ], [ 48.356334, -18.9551085, 932.0 ], [ 48.3559316, -18.9551694, 929.8 ], [ 48.3558217, -18.9552455, 929.5 ], [ 48.3557385, -18.9553495, 929.8 ], [ 48.3555669, -18.9558949, 935.5 ], [ 48.3555293, -18.9560421, 937.0 ], [ 48.3553952, -18.9566179, 940.0 ], [ 48.3553603, -18.9567498, 940.2 ], [ 48.3551404, -18.9571709, 938.5 ], [ 48.3550331, -18.9572217, 937.5 ], [ 48.3549151, -18.9572369, 936.8 ], [ 48.3544055, -18.9572039, 935.2 ], [ 48.3542767, -18.9571887, 934.8 ], [ 48.3537698, -18.9571937, 933.0 ], [ 48.3536544, -18.9572445, 932.8 ], [ 48.3535579, -18.9573206, 932.5 ], [ 48.3534265, -18.9575438, 934.0 ], [ 48.3533353, -18.95849, 938.5 ], [ 48.3532709, -18.9586549, 937.5 ], [ 48.353177, -18.9587868, 936.5 ], [ 48.3530912, -18.9588502, 935.5 ], [ 48.3524394, -18.9591901, 929.5 ], [ 48.3523133, -18.959284, 929.1 ], [ 48.3522007, -18.9593905, 928.8 ], [ 48.3519647, -18.9597457, 929.5 ], [ 48.3519378, -18.9598827, 930.2 ], [ 48.3519378, -18.960319, 931.8 ], [ 48.3519432, -18.9604737, 932.0 ], [ 48.3519566, -18.9609481, 933.0 ], [ 48.3519512, -18.9611079, 933.5 ], [ 48.3518574, -18.9615898, 936.5 ], [ 48.351675, -18.9622189, 940.5 ], [ 48.3516374, -18.9623661, 941.2 ], [ 48.3514738, -18.9629114, 942.8 ], [ 48.3514041, -18.9630281, 942.5 ], [ 48.3511037, -18.9633198, 940.8 ], [ 48.350983, -18.9633959, 939.8 ], [ 48.3504438, -18.9636547, 933.8 ], [ 48.350291, -18.96368, 932.2 ], [ 48.3498055, -18.9636471, 931.3 ], [ 48.3491886, -18.9636039, 930.0 ], [ 48.348349, -18.9635786, 936.5 ], [ 48.3477536, -18.9635278, 940.8 ], [ 48.3475551, -18.9635101, 941.8 ], [ 48.3469704, -18.9634796, 944.0 ], [ 48.3467853, -18.9634822, 945.5 ], [ 48.3462247, -18.9635177, 950.2 ], [ 48.3460423, -18.9635355, 952.2 ], [ 48.3455032, -18.963576, 957.8 ], [ 48.3453235, -18.9635887, 959.8 ], [ 48.3447924, -18.9636268, 964.2 ], [ 48.3446181, -18.963642, 965.0 ], [ 48.3438671, -18.9636978, 966.8 ], [ 48.3432984, -18.9637485, 965.5 ], [ 48.3431107, -18.9637637, 964.5 ], [ 48.3425823, -18.9638196, 961.0 ], [ 48.3424053, -18.9638576, 959.5 ], [ 48.3418849, -18.9640631, 955.0 ], [ 48.3416998, -18.9641417, 952.8 ], [ 48.34093, -18.9644765, 943.0 ], [ 48.3401442, -18.964819, 935.8 ], [ 48.3395675, -18.9650879, 931.5 ], [ 48.339377, -18.9651766, 929.8 ], [ 48.3388245, -18.9654227, 928.5 ], [ 48.3386528, -18.9654988, 928.4 ], [ 48.3382693, -18.9656485, 928.1 ], [ 48.3381674, -18.9656865, 928.0 ], [ 48.3380064, -18.9657448, 927.5 ], [ 48.3374995, -18.9659351, 926.0 ], [ 48.3372661, -18.9660188, 925.5 ], [ 48.3367807, -18.9661887, 922.5 ], [ 48.336601, -18.9662547, 921.5 ], [ 48.3359063, -18.9665084, 918.0 ], [ 48.3354878, -18.9666606, 917.2 ], [ 48.3354074, -18.9666986, 917.1 ], [ 48.3353081, -18.9667646, 917.0 ], [ 48.3351794, -18.9668863, 917.0 ], [ 48.3349943, -18.967353, 916.0 ], [ 48.3342513, -18.9693341, 917.8 ], [ 48.3341789, -18.9694711, 917.5 ], [ 48.3337444, -18.9701509, 920.0 ], [ 48.3334172, -18.9706531, 920.8 ], [ 48.3332697, -18.9708383, 920.9 ], [ 48.3331543, -18.9709372, 920.9 ], [ 48.3330014, -18.9710488, 921.0 ], [ 48.3306786, -18.972416, 916.5 ], [ 48.3304909, -18.9725276, 916.0 ], [ 48.3303621, -18.9725783, 916.1 ], [ 48.3302495, -18.9726164, 916.2 ], [ 48.3301261, -18.9726392, 916.2 ], [ 48.3299705, -18.9726519, 916.1 ], [ 48.329815, -18.9726443, 916.0 ], [ 48.3278301, -18.9724718, 913.1 ], [ 48.3277255, -18.9724692, 912.9 ], [ 48.3276075, -18.9724667, 912.8 ], [ 48.3273527, -18.9724971, 912.6 ], [ 48.3271435, -18.9725504, 912.5 ], [ 48.3268994, -18.972629, 911.8 ], [ 48.3266231, -18.9727305, 911.0 ], [ 48.326194, -18.9728827, 911.2 ], [ 48.3260411, -18.9729385, 910.8 ], [ 48.3255556, -18.9730957, 911.0 ], [ 48.325384, -18.9731262, 911.8 ], [ 48.3252472, -18.9731262, 912.2 ], [ 48.3250353, -18.9730957, 913.0 ], [ 48.3243433, -18.972903, 916.2 ], [ 48.3233804, -18.9726366, 918.2 ], [ 48.3226803, -18.9724388, 918.0 ], [ 48.3225328, -18.9724008, 917.9 ], [ 48.3222404, -18.9722815, 917.8 ], [ 48.3221036, -18.9721978, 918.0 ], [ 48.3220017, -18.9721014, 918.2 ], [ 48.3217576, -18.9718376, 918.8 ], [ 48.3206847, -18.9706861, 922.5 ], [ 48.3203414, -18.9702904, 918.8 ], [ 48.3202207, -18.9701483, 917.8 ], [ 48.3199176, -18.9696867, 917.5 ], [ 48.3195797, -18.9690627, 920.2 ], [ 48.3194885, -18.9689156, 920.4 ], [ 48.3192685, -18.9686492, 920.8 ], [ 48.319121, -18.9685224, 920.5 ], [ 48.3185551, -18.9680278, 917.8 ], [ 48.3180857, -18.9676219, 914.2 ], [ 48.3174875, -18.9670918, 915.1 ], [ 48.31734, -18.9669599, 915.2 ], [ 48.3168867, -18.9665768, 915.8 ], [ 48.3167365, -18.9664475, 916.0 ], [ 48.3162752, -18.9660619, 915.6 ], [ 48.3161196, -18.9659326, 915.5 ], [ 48.3156529, -18.9655318, 916.5 ], [ 48.3155, -18.9653973, 917.0 ], [ 48.3148831, -18.9648672, 920.5 ], [ 48.3139122, -18.9640656, 922.8 ], [ 48.3135045, -18.9637282, 920.0 ], [ 48.3133435, -18.9635634, 918.8 ], [ 48.3132228, -18.9633985, 918.2 ], [ 48.3127776, -18.9627948, 917.5 ], [ 48.3123779, -18.9622798, 918.8 ], [ 48.3120856, -18.961912, 918.0 ], [ 48.3120158, -18.9618359, 917.5 ], [ 48.3119515, -18.9617852, 917.2 ], [ 48.3118254, -18.9617446, 917.3 ], [ 48.3112782, -18.961671, 917.5 ], [ 48.3094275, -18.9614706, 921.0 ], [ 48.3083332, -18.9613565, 922.2 ], [ 48.3069894, -18.9612651, 924.5 ], [ 48.3061954, -18.9612423, 928.2 ], [ 48.304975, -18.9612525, 937.5 ], [ 48.3047712, -18.9612347, 937.9 ], [ 48.3045566, -18.9611789, 938.4 ], [ 48.3041891, -18.9610622, 939.2 ], [ 48.303988, -18.9609836, 938.5 ], [ 48.3037868, -18.9608187, 935.2 ], [ 48.3036044, -18.9606487, 931.8 ], [ 48.3033121, -18.960324, 926.8 ], [ 48.3031699, -18.9601668, 926.5 ], [ 48.3030063, -18.9599283, 926.2 ], [ 48.3029178, -18.9597026, 927.0 ], [ 48.30284, -18.9593956, 927.8 ], [ 48.3028212, -18.9590582, 928.0 ], [ 48.3027837, -18.9588274, 927.8 ], [ 48.3027273, -18.9585966, 926.8 ], [ 48.3026522, -18.958419, 926.4 ], [ 48.3024806, -18.9582338, 926.0 ], [ 48.3022258, -18.9581755, 927.2 ], [ 48.3019468, -18.9581577, 928.0 ], [ 48.3017376, -18.9582186, 928.8 ], [ 48.3015901, -18.9583124, 930.0 ], [ 48.3011985, -18.9586295, 933.0 ], [ 48.3007023, -18.9590278, 933.5 ], [ 48.3001846, -18.9594438, 932.5 ], [ 48.299675, -18.9598852, 933.0 ], [ 48.2993719, -18.960116, 934.2 ], [ 48.2991225, -18.9602378, 934.8 ], [ 48.2989213, -18.9603088, 935.0 ], [ 48.2986155, -18.9603443, 933.5 ], [ 48.2982534, -18.9603443, 932.5 ], [ 48.2976687, -18.9603114, 933.2 ], [ 48.2973522, -18.9603342, 934.5 ], [ 48.2970384, -18.9603798, 935.5 ], [ 48.2963356, -18.9604991, 933.5 ], [ 48.2958475, -18.9605498, 929.2 ], [ 48.2955149, -18.96056, 927.8 ], [ 48.2951608, -18.9605371, 928.2 ], [ 48.2948524, -18.9604889, 929.5 ], [ 48.2944876, -18.9604331, 931.0 ], [ 48.2937822, -18.960423, 933.8 ], [ 48.2933128, -18.9603798, 931.0 ], [ 48.2929453, -18.960357, 929.2 ], [ 48.2926047, -18.960324, 928.5 ], [ 48.2924518, -18.9602708, 927.5 ], [ 48.2922587, -18.960182, 926.0 ], [ 48.291918, -18.959974, 924.5 ], [ 48.2917652, -18.9598852, 924.0 ], [ 48.2913145, -18.9596188, 923.5 ], [ 48.2911617, -18.9595402, 924.2 ], [ 48.2906708, -18.9593855, 925.8 ], [ 48.2904965, -18.9593652, 926.2 ], [ 48.2897991, -18.9593068, 927.8 ], [ 48.2886592, -18.9591927, 927.0 ], [ 48.2884929, -18.9592003, 926.5 ], [ 48.2883668, -18.9592257, 926.4 ], [ 48.2882461, -18.9592586, 926.2 ], [ 48.2880959, -18.9593525, 926.8 ], [ 48.2877901, -18.9595681, 928.0 ], [ 48.2868648, -18.960215, 936.5 ], [ 48.286728, -18.9602708, 937.5 ], [ 48.2865268, -18.9603164, 938.5 ], [ 48.2845661, -18.9603114, 934.0 ], [ 48.2839733, -18.9602885, 932.0 ], [ 48.2837856, -18.9602556, 931.5 ], [ 48.2835978, -18.9601997, 930.5 ], [ 48.2830855, -18.9599588, 927.5 ], [ 48.2826027, -18.9597076, 924.0 ], [ 48.2824847, -18.9596518, 923.2 ], [ 48.2821307, -18.9594768, 922.7 ], [ 48.2820153, -18.9594083, 922.5 ], [ 48.2817954, -18.9592485, 924.0 ], [ 48.2816157, -18.9590735, 925.2 ], [ 48.2815352, -18.9589771, 926.2 ], [ 48.2812911, -18.9585839, 929.8 ], [ 48.2809934, -18.9579954, 932.1 ], [ 48.2809424, -18.957904, 932.5 ], [ 48.2806608, -18.9573536, 931.5 ], [ 48.2804596, -18.9569325, 930.2 ], [ 48.2804167, -18.9568513, 929.8 ], [ 48.2801995, -18.956415, 927.5 ], [ 48.2801002, -18.9561511, 926.8 ], [ 48.2800305, -18.955933, 926.2 ], [ 48.2799554, -18.9556083, 926.8 ], [ 48.2799178, -18.955347, 927.2 ], [ 48.2798856, -18.9549538, 927.8 ], [ 48.2798696, -18.9547052, 927.5 ], [ 48.2798186, -18.9544667, 927.3 ], [ 48.2797837, -18.9543729, 927.2 ], [ 48.2796282, -18.9541116, 926.8 ], [ 48.2793385, -18.9537514, 926.2 ], [ 48.2788691, -18.9532389, 926.8 ], [ 48.2787779, -18.9531248, 927.2 ], [ 48.2783943, -18.9526859, 929.2 ], [ 48.2783005, -18.9525895, 929.4 ], [ 48.2781932, -18.952516, 929.5 ], [ 48.2780054, -18.9524551, 929.2 ], [ 48.2778043, -18.9524398, 929.0 ], [ 48.2776675, -18.9524627, 928.8 ], [ 48.2774153, -18.9525946, 929.2 ], [ 48.2769567, -18.9529979, 931.8 ], [ 48.2764766, -18.9534343, 932.1 ], [ 48.2763505, -18.9535408, 932.2 ], [ 48.2759991, -18.9538554, 930.5 ], [ 48.2758865, -18.9539543, 930.4 ], [ 48.275629, -18.9540862, 930.2 ], [ 48.2753313, -18.9541014, 930.8 ], [ 48.2750657, -18.9539771, 932.0 ], [ 48.2748967, -18.9537361, 934.0 ], [ 48.2747948, -18.9532947, 938.8 ], [ 48.274768, -18.9531451, 940.5 ], [ 48.2745776, -18.9525794, 948.0 ], [ 48.274473, -18.9524627, 949.2 ], [ 48.2741109, -18.9521532, 952.2 ], [ 48.2739848, -18.9520619, 953.5 ], [ 48.2735851, -18.9519071, 954.8 ], [ 48.2734403, -18.9519173, 953.5 ], [ 48.2729012, -18.9520263, 946.2 ], [ 48.2727805, -18.9520416, 945.0 ], [ 48.2725471, -18.9520238, 943.5 ], [ 48.2722467, -18.9518995, 943.0 ], [ 48.2717264, -18.9515418, 943.2 ], [ 48.2712704, -18.9512196, 947.8 ], [ 48.2711926, -18.9511638, 948.8 ], [ 48.2706696, -18.950796, 954.2 ], [ 48.2702029, -18.9504738, 956.2 ], [ 48.2697845, -18.9501922, 959.0 ], [ 48.2697013, -18.950144, 960.0 ], [ 48.2692587, -18.9499208, 967.8 ], [ 48.2691917, -18.9499005, 968.8 ], [ 48.2690066, -18.9498954, 970.8 ], [ 48.2688805, -18.949936, 970.5 ], [ 48.2685345, -18.950177, 965.8 ], [ 48.2684916, -18.9502151, 965.0 ], [ 48.2681108, -18.9504789, 959.8 ], [ 48.2680222, -18.9505017, 959.5 ], [ 48.267923, -18.9505068, 959.8 ], [ 48.2678023, -18.9504916, 960.5 ], [ 48.2676467, -18.9504079, 962.8 ], [ 48.2671425, -18.9500679, 970.8 ], [ 48.2664934, -18.9496164, 972.0 ], [ 48.2662225, -18.9494895, 969.8 ], [ 48.2659167, -18.9494413, 966.8 ], [ 48.2654044, -18.949454, 963.5 ], [ 48.2650343, -18.9493449, 966.5 ], [ 48.2642215, -18.949043, 974.0 ], [ 48.2634035, -18.9487437, 973.8 ], [ 48.2632211, -18.9486853, 972.5 ], [ 48.2626873, -18.9485027, 968.5 ], [ 48.2625183, -18.9484443, 967.5 ], [ 48.2622743, -18.948386, 966.8 ], [ 48.2620463, -18.9483581, 967.0 ], [ 48.2618934, -18.9483758, 968.0 ], [ 48.2616788, -18.9484418, 970.5 ], [ 48.2612255, -18.9485965, 976.8 ], [ 48.2609761, -18.9486625, 980.0 ], [ 48.2607186, -18.9486727, 983.0 ], [ 48.2605657, -18.9486549, 985.0 ], [ 48.2604101, -18.9486143, 987.2 ], [ 48.2602948, -18.9485534, 988.0 ], [ 48.2602197, -18.9484596, 987.2 ], [ 48.2601607, -18.9483606, 986.8 ], [ 48.2601634, -18.9480181, 982.2 ], [ 48.2601526, -18.9478482, 981.0 ], [ 48.2601124, -18.9477315, 981.5 ], [ 48.2599998, -18.9475615, 983.2 ], [ 48.2598254, -18.9474245, 985.2 ], [ 48.2597262, -18.9473332, 986.5 ], [ 48.2594901, -18.9472419, 989.0 ], [ 48.259348, -18.9472013, 990.0 ], [ 48.2590958, -18.9471455, 990.2 ], [ 48.2587954, -18.947011, 989.8 ], [ 48.2586667, -18.9469298, 990.5 ], [ 48.2583904, -18.9467472, 991.8 ], [ 48.2582536, -18.946666, 992.2 ], [ 48.2581142, -18.946633, 991.5 ], [ 48.2579827, -18.9466381, 990.0 ], [ 48.257508, -18.946699, 984.8 ], [ 48.2572639, -18.9467167, 982.8 ], [ 48.2569474, -18.9466457, 982.5 ], [ 48.2567221, -18.946595, 982.2 ], [ 48.2565638, -18.946595, 982.0 ], [ 48.2563895, -18.9466558, 981.2 ], [ 48.2551154, -18.9474423, 971.0 ], [ 48.2549304, -18.9474955, 969.8 ], [ 48.2547614, -18.947526, 969.5 ], [ 48.2546058, -18.9475108, 968.5 ], [ 48.2544717, -18.9474753, 967.0 ], [ 48.2539165, -18.9473281, 960.8 ], [ 48.2537743, -18.947285, 959.2 ], [ 48.2532406, -18.9471175, 953.5 ], [ 48.2531226, -18.9470795, 951.8 ], [ 48.2526612, -18.9469349, 945.2 ], [ 48.2526129, -18.9469222, 944.2 ], [ 48.2524574, -18.9469197, 941.8 ], [ 48.2521114, -18.9470135, 936.8 ], [ 48.2519317, -18.9471049, 934.8 ], [ 48.2518673, -18.9471962, 934.5 ], [ 48.2518619, -18.947285, 935.2 ], [ 48.2519504, -18.9474905, 938.2 ], [ 48.2521114, -18.9476224, 942.0 ], [ 48.25257, -18.9478862, 949.8 ], [ 48.2526773, -18.9479496, 951.0 ], [ 48.2528597, -18.9481095, 952.5 ], [ 48.2529429, -18.9483327, 951.2 ], [ 48.2528946, -18.9485788, 949.2 ], [ 48.2527953, -18.9487234, 948.5 ], [ 48.2526129, -18.9488274, 946.8 ], [ 48.2524413, -18.9488223, 944.5 ], [ 48.2523528, -18.9487995, 943.5 ], [ 48.2509017, -18.9482186, 924.2 ], [ 48.2506201, -18.9481095, 921.5 ], [ 48.2503814, -18.9480587, 920.9 ], [ 48.2501936, -18.9480334, 920.5 ], [ 48.2499281, -18.9480638, 921.0 ], [ 48.2494882, -18.9481627, 922.0 ], [ 48.2493863, -18.9481906, 922.5 ], [ 48.2485977, -18.9484139, 928.5 ], [ 48.2484126, -18.9484596, 929.5 ], [ 48.2481524, -18.9485052, 929.9 ], [ 48.2480451, -18.9485179, 930.0 ], [ 48.2478762, -18.9485128, 930.8 ], [ 48.2476294, -18.9484646, 932.0 ], [ 48.2469562, -18.9483175, 935.0 ], [ 48.2465217, -18.9482414, 934.5 ], [ 48.2462105, -18.9482236, 932.8 ], [ 48.2454434, -18.9482008, 928.2 ], [ 48.2440594, -18.9481526, 923.8 ], [ 48.2434988, -18.9481095, 920.5 ], [ 48.2428792, -18.9480587, 918.7 ], [ 48.2425734, -18.9480384, 917.8 ], [ 48.2421657, -18.9480105, 918.2 ], [ 48.2419887, -18.9479953, 919.0 ], [ 48.2414335, -18.9479573, 919.2 ], [ 48.2412511, -18.947937, 919.0 ], [ 48.2409909, -18.9478989, 918.5 ], [ 48.2406986, -18.9478152, 918.0 ], [ 48.2404599, -18.9477213, 917.8 ], [ 48.2401755, -18.9475945, 917.9 ], [ 48.2400951, -18.947559, 918.0 ], [ 48.2394594, -18.9472748, 919.1 ], [ 48.2389256, -18.947082, 920.0 ], [ 48.2384616, -18.9469121, 917.8 ], [ 48.2382712, -18.9468537, 916.8 ], [ 48.2381076, -18.9468106, 916.2 ], [ 48.2379359, -18.9467928, 916.0 ], [ 48.2376918, -18.9468004, 916.2 ], [ 48.2365465, -18.9468309, 917.0 ], [ 48.2363883, -18.9467928, 917.1 ], [ 48.236281, -18.9467142, 917.2 ], [ 48.2358384, -18.9464199, 918.5 ], [ 48.2356694, -18.9463184, 919.0 ], [ 48.2355997, -18.9462931, 919.1 ], [ 48.2355139, -18.946288, 919.2 ], [ 48.2353556, -18.9463134, 919.1 ], [ 48.2351464, -18.9463895, 919.0 ], [ 48.2347494, -18.9465645, 921.0 ], [ 48.2346904, -18.9465924, 921.2 ], [ 48.2346019, -18.9466482, 922.0 ], [ 48.2345778, -18.9466685, 922.2 ], [ 48.234441, -18.9467903, 923.2 ], [ 48.2343766, -18.9468765, 924.0 ], [ 48.2343391, -18.9469831, 924.8 ], [ 48.2342264, -18.9476528, 925.0 ], [ 48.2341969, -18.9477061, 925.0 ], [ 48.2341245, -18.947767, 925.0 ], [ 48.2337677, -18.9477442, 924.8 ], [ 48.2334083, -18.9477416, 923.2 ], [ 48.2328933, -18.9477036, 921.8 ], [ 48.2327726, -18.9476858, 921.2 ], [ 48.2326493, -18.9476681, 920.5 ], [ 48.2325688, -18.9476503, 920.2 ], [ 48.2322013, -18.9475666, 919.0 ], [ 48.2317507, -18.9474372, 917.5 ], [ 48.2314155, -18.9473332, 916.2 ], [ 48.230989, -18.9472089, 914.2 ], [ 48.2304794, -18.9470389, 913.2 ], [ 48.2302916, -18.9469932, 913.4 ], [ 48.229959, -18.9469045, 913.5 ], [ 48.2295567, -18.9467954, 913.8 ], [ 48.2292107, -18.9467218, 914.0 ], [ 48.2286286, -18.9466254, 914.1 ], [ 48.2284516, -18.9465975, 914.2 ], [ 48.2281163, -18.9465468, 914.2 ], [ 48.227773, -18.9464909, 913.2 ], [ 48.2271588, -18.9463945, 912.0 ], [ 48.22644, -18.9462347, 910.8 ], [ 48.2242808, -18.9455624, 908.2 ], [ 48.2236451, -18.9453493, 909.0 ], [ 48.2234305, -18.9452758, 909.2 ], [ 48.2226554, -18.945017, 909.4 ], [ 48.2223335, -18.9449181, 909.5 ], [ 48.2218024, -18.9447354, 909.1 ], [ 48.2217005, -18.944705, 909.0 ], [ 48.2210621, -18.9444969, 908.8 ], [ 48.2203647, -18.9442229, 908.5 ], [ 48.2203165, -18.9442026, 908.5 ], [ 48.2201475, -18.9441316, 908.0 ], [ 48.2195815, -18.9438881, 907.0 ], [ 48.2185462, -18.9434466, 905.0 ], [ 48.2181868, -18.9432944, 904.2 ], [ 48.2175967, -18.9430407, 903.8 ], [ 48.2170227, -18.9427972, 904.0 ], [ 48.216733, -18.9426729, 903.5 ], [ 48.215518, -18.9421553, 903.0 ], [ 48.2154536, -18.9421274, 903.0 ], [ 48.215408, -18.9421097, 903.0 ], [ 48.2149896, -18.941927, 903.1 ], [ 48.2148662, -18.9418737, 903.1 ], [ 48.214649, -18.9417799, 903.2 ], [ 48.2145229, -18.9417266, 903.2 ], [ 48.2144666, -18.9417012, 903.2 ], [ 48.2141447, -18.9415642, 903.2 ], [ 48.2131791, -18.9411456, 902.2 ], [ 48.2101858, -18.9398568, 897.8 ], [ 48.2098424, -18.9397097, 897.0 ], [ 48.2087052, -18.9392226, 893.2 ], [ 48.2080963, -18.9389689, 892.8 ], [ 48.2080507, -18.9389511, 893.1 ], [ 48.2079273, -18.9389004, 894.0 ], [ 48.2078683, -18.9388725, 894.5 ], [ 48.2077637, -18.9388243, 895.5 ], [ 48.2076162, -18.938738, 896.2 ], [ 48.2073668, -18.9385427, 898.0 ], [ 48.2069832, -18.9382357, 899.0 ], [ 48.2063743, -18.9377917, 899.8 ], [ 48.2046121, -18.9363938, 898.7 ], [ 48.2033569, -18.9354399, 898.0 ], [ 48.202807, -18.9351126, 898.8 ], [ 48.2026112, -18.9350035, 898.8 ], [ 48.2023484, -18.9348563, 899.0 ], [ 48.2022357, -18.9348081, 899.0 ], [ 48.2017422, -18.9346255, 898.2 ], [ 48.2016161, -18.9345798, 898.0 ], [ 48.2010689, -18.9343768, 898.1 ], [ 48.2009268, -18.9343236, 898.2 ], [ 48.2004145, -18.9341333, 898.3 ], [ 48.2003421, -18.9341079, 898.3 ], [ 48.2001945, -18.9340546, 898.3 ], [ 48.1997466, -18.9338821, 898.4 ], [ 48.1995991, -18.9338238, 898.5 ], [ 48.1991404, -18.9336487, 898.6 ], [ 48.1989875, -18.933598, 898.6 ], [ 48.1977671, -18.9331261, 898.9 ], [ 48.1971797, -18.9328977, 899.0 ], [ 48.1963831, -18.9325501, 898.8 ], [ 48.1959942, -18.932403, 898.2 ], [ 48.1956053, -18.932233, 897.2 ], [ 48.1950876, -18.9319615, 896.2 ], [ 48.1945887, -18.931723, 895.2 ], [ 48.1944573, -18.931652, 895.8 ], [ 48.1943017, -18.931553, 896.2 ], [ 48.1941354, -18.9314186, 896.8 ], [ 48.1940603, -18.9313247, 897.0 ], [ 48.1936982, -18.9307488, 898.0 ], [ 48.1930518, -18.9297644, 903.8 ], [ 48.1928265, -18.9294066, 904.8 ], [ 48.1925958, -18.9292011, 904.5 ], [ 48.1925127, -18.9291529, 904.2 ], [ 48.1924161, -18.9291022, 904.0 ], [ 48.1919092, -18.9288713, 904.2 ], [ 48.191759, -18.9288028, 904.0 ], [ 48.1916463, -18.928752, 904.0 ], [ 48.191134, -18.9285237, 903.8 ], [ 48.1906727, -18.9283156, 903.5 ], [ 48.1905225, -18.9282471, 903.0 ], [ 48.189919, -18.9279833, 901.0 ], [ 48.1894737, -18.9277778, 900.0 ], [ 48.1893289, -18.9277093, 899.8 ], [ 48.1888998, -18.9275139, 900.0 ], [ 48.1881997, -18.9271942, 899.8 ], [ 48.1880602, -18.9271308, 899.8 ], [ 48.1873682, -18.9268136, 899.0 ], [ 48.1868157, -18.9265447, 897.8 ], [ 48.1866789, -18.9264737, 897.0 ], [ 48.1861103, -18.9262047, 895.8 ], [ 48.1859654, -18.9261413, 895.5 ], [ 48.184737, -18.9255882, 892.8 ], [ 48.1844741, -18.9255044, 892.0 ], [ 48.1839725, -18.9252964, 890.8 ], [ 48.1838599, -18.9252406, 890.5 ], [ 48.1833476, -18.9249615, 889.5 ], [ 48.1832644, -18.9249057, 889.2 ], [ 48.1828246, -18.9246012, 889.1 ], [ 48.1827682, -18.9245606, 889.1 ], [ 48.1826153, -18.9244591, 889.0 ], [ 48.1823257, -18.9242688, 889.0 ], [ 48.1819475, -18.9240227, 891.6 ], [ 48.1818831, -18.923977, 892.0 ], [ 48.1809068, -18.9233047, 894.5 ], [ 48.1807968, -18.9232285, 895.0 ], [ 48.1803221, -18.9229596, 896.5 ], [ 48.1801745, -18.9228632, 897.0 ], [ 48.1797266, -18.9225511, 899.0 ], [ 48.1796005, -18.9224547, 899.8 ], [ 48.1792116, -18.9221172, 900.4 ], [ 48.1788468, -18.921762, 901.0 ], [ 48.1787208, -18.9216453, 901.8 ], [ 48.1786108, -18.9215387, 902.0 ], [ 48.1783104, -18.9212368, 903.0 ], [ 48.1778947, -18.9208334, 903.2 ], [ 48.1777927, -18.920737, 903.2 ], [ 48.1774306, -18.9203792, 903.1 ], [ 48.1773233, -18.9202752, 903.1 ], [ 48.1769773, -18.9199377, 903.0 ], [ 48.176752, -18.9197195, 903.5 ], [ 48.1765375, -18.9195089, 903.6 ], [ 48.1760734, -18.9190623, 903.9 ], [ 48.1759688, -18.9189659, 903.9 ], [ 48.175604, -18.9186158, 904.1 ], [ 48.1755129, -18.9185219, 904.2 ], [ 48.1754217, -18.9184229, 904.2 ], [ 48.1751508, -18.9181286, 903.0 ], [ 48.1750515, -18.9180347, 902.8 ], [ 48.1746385, -18.9176414, 902.4 ], [ 48.1745338, -18.9175374, 902.3 ], [ 48.1741959, -18.9172126, 902.0 ], [ 48.1740779, -18.917101, 901.8 ], [ 48.1737158, -18.9167483, 900.2 ], [ 48.1735897, -18.9166316, 899.8 ], [ 48.1731927, -18.916289, 899.0 ], [ 48.1730479, -18.9161774, 898.8 ], [ 48.1726241, -18.9158399, 898.0 ], [ 48.1719884, -18.915335, 901.5 ], [ 48.1718785, -18.9152462, 902.2 ], [ 48.1715593, -18.9150077, 904.0 ], [ 48.171452, -18.914929, 904.5 ], [ 48.1713501, -18.914858, 904.8 ], [ 48.1708163, -18.914452, 905.5 ], [ 48.170363, -18.914112, 907.2 ], [ 48.1702718, -18.9140359, 907.5 ], [ 48.1698695, -18.9137339, 908.0 ], [ 48.1697729, -18.9136552, 908.2 ], [ 48.1693867, -18.9133279, 909.2 ], [ 48.1692955, -18.9132442, 909.0 ], [ 48.168928, -18.9129042, 908.5 ], [ 48.1684211, -18.9124525, 909.5 ], [ 48.1683058, -18.9123586, 909.8 ], [ 48.1678444, -18.9119856, 910.2 ], [ 48.1677318, -18.9118943, 910.2 ], [ 48.1672651, -18.9115593, 909.7 ], [ 48.167147, -18.9114756, 909.5 ], [ 48.1666803, -18.9111407, 909.0 ], [ 48.1665677, -18.9110569, 908.8 ], [ 48.1662726, -18.9108387, 908.5 ], [ 48.166109, -18.9107169, 907.8 ], [ 48.1655645, -18.9103363, 907.6 ], [ 48.1653795, -18.910212, 907.5 ], [ 48.1643414, -18.909471, 909.8 ], [ 48.1630594, -18.9085423, 913.0 ], [ 48.1620321, -18.9077633, 917.0 ], [ 48.1608814, -18.9069031, 918.0 ], [ 48.1596127, -18.9059718, 918.8 ], [ 48.1587625, -18.905373, 920.0 ], [ 48.1581187, -18.9048934, 921.8 ], [ 48.1575796, -18.9044798, 923.8 ], [ 48.15718, -18.9042007, 924.5 ], [ 48.1570458, -18.9041042, 925.0 ], [ 48.1566381, -18.9038175, 927.0 ], [ 48.156504, -18.9037185, 927.5 ], [ 48.1559703, -18.9033176, 929.8 ], [ 48.1555894, -18.9030156, 930.2 ], [ 48.155466, -18.9029217, 930.5 ], [ 48.1550583, -18.9026071, 931.2 ], [ 48.1548893, -18.9024041, 930.8 ], [ 48.1546882, -18.9020996, 929.8 ], [ 48.1545165, -18.901691, 928.5 ], [ 48.1545004, -18.9012165, 928.8 ], [ 48.154538, -18.9009323, 929.5 ], [ 48.1548142, -18.8998817, 931.2 ], [ 48.1548598, -18.8995848, 931.0 ], [ 48.1548518, -18.8993158, 929.0 ], [ 48.1547606, -18.8989149, 926.2 ], [ 48.1547043, -18.898788, 925.2 ], [ 48.1544682, -18.8984607, 923.2 ], [ 48.1543717, -18.8983668, 922.5 ], [ 48.1540337, -18.8981638, 921.2 ], [ 48.1539452, -18.8981105, 921.0 ], [ 48.1538191, -18.8980648, 920.5 ], [ 48.1536314, -18.8980191, 920.2 ], [ 48.1533122, -18.897943, 919.8 ], [ 48.1531861, -18.8979201, 919.5 ], [ 48.1526819, -18.8978415, 919.8 ], [ 48.1525531, -18.8978212, 919.8 ], [ 48.1520328, -18.8977349, 920.1 ], [ 48.151904, -18.8977146, 920.2 ], [ 48.151719, -18.8976816, 920.3 ], [ 48.151373, -18.8976232, 920.5 ], [ 48.1512335, -18.8975979, 920.8 ], [ 48.1506595, -18.8974913, 923.0 ], [ 48.1499729, -18.8973999, 924.7 ], [ 48.1496644, -18.8973416, 925.5 ], [ 48.1493613, -18.8972807, 926.5 ], [ 48.1490448, -18.8971741, 927.2 ], [ 48.1486988, -18.8970548, 928.1 ], [ 48.148562, -18.8969888, 928.5 ], [ 48.1482187, -18.8968264, 929.8 ], [ 48.1470653, -18.8962656, 933.8 ], [ 48.1469339, -18.8962022, 933.5 ], [ 48.146494, -18.8959966, 932.7 ], [ 48.1463492, -18.8959306, 932.5 ], [ 48.1458986, -18.8957251, 931.5 ], [ 48.145279, -18.895451, 930.5 ], [ 48.1449223, -18.8952962, 930.8 ], [ 48.1447077, -18.8952201, 931.0 ], [ 48.1444797, -18.8951693, 931.8 ], [ 48.1440961, -18.895111, 932.5 ], [ 48.141371, -18.8947963, 931.8 ], [ 48.1410465, -18.8947608, 929.5 ], [ 48.1407407, -18.8946821, 927.0 ], [ 48.1402981, -18.8945298, 922.2 ], [ 48.1400111, -18.8944359, 919.5 ], [ 48.1397, -18.8943167, 917.0 ], [ 48.1394747, -18.8942101, 916.5 ], [ 48.1392735, -18.8940654, 917.0 ], [ 48.1391045, -18.8938294, 917.8 ], [ 48.1390187, -18.8936315, 917.9 ], [ 48.1389678, -18.893365, 918.1 ], [ 48.1389758, -18.8932077, 918.2 ], [ 48.1390053, -18.8929235, 917.5 ], [ 48.1393272, -18.8913704, 916.6 ], [ 48.1396142, -18.889863, 915.8 ], [ 48.1397644, -18.8891625, 914.8 ], [ 48.1398529, -18.8887286, 913.8 ], [ 48.1398958, -18.8885129, 913.7 ], [ 48.1400004, -18.8880789, 913.5 ], [ 48.1400299, -18.887919, 913.0 ], [ 48.1401023, -18.8874546, 911.2 ], [ 48.1401157, -18.8872897, 910.8 ], [ 48.140097, -18.8869877, 909.2 ], [ 48.1400567, -18.886843, 908.5 ], [ 48.1399494, -18.8866248, 907.8 ], [ 48.1397912, -18.886442, 907.2 ], [ 48.1395364, -18.8862492, 906.2 ], [ 48.1393728, -18.8861654, 905.8 ], [ 48.1381792, -18.8859522, 903.2 ], [ 48.1372216, -18.8857137, 899.0 ], [ 48.1352904, -18.8852848, 910.0 ], [ 48.1343168, -18.8850412, 911.8 ], [ 48.1333995, -18.8848635, 913.5 ], [ 48.1317875, -18.8845767, 916.5 ], [ 48.1314844, -18.884559, 917.0 ], [ 48.131184, -18.8845945, 918.0 ], [ 48.131125, -18.8846123, 918.5 ], [ 48.1306905, -18.8847519, 920.2 ], [ 48.1285232, -18.8854574, 925.0 ], [ 48.1279492, -18.8857315, 923.0 ], [ 48.1269729, -18.8862289, 913.2 ], [ 48.126635, -18.8863431, 910.2 ], [ 48.1264794, -18.8863735, 909.5 ], [ 48.1261575, -18.8863862, 907.8 ], [ 48.1259939, -18.8863684, 906.8 ], [ 48.1256264, -18.8862796, 906.7 ], [ 48.1253368, -18.8861121, 906.6 ], [ 48.1251034, -18.8859573, 906.5 ], [ 48.1249559, -18.8858355, 906.2 ], [ 48.1246662, -18.8854092, 905.2 ], [ 48.1245831, -18.8852594, 904.8 ], [ 48.1243309, -18.8848128, 902.2 ], [ 48.1242478, -18.8846681, 901.2 ], [ 48.1240118, -18.8842392, 901.0 ], [ 48.1236979, -18.8836936, 902.5 ], [ 48.1236255, -18.8835616, 902.8 ], [ 48.1233439, -18.883049, 902.0 ], [ 48.1232741, -18.8829246, 901.8 ], [ 48.1230488, -18.8823993, 900.9 ], [ 48.1230032, -18.8822698, 900.8 ], [ 48.122845, -18.8817851, 900.3 ], [ 48.1228316, -18.881747, 900.3 ], [ 48.1228048, -18.881676, 900.2 ], [ 48.1226251, -18.8812826, 898.0 ], [ 48.1224373, -18.8810187, 894.0 ], [ 48.1221557, -18.8807674, 890.0 ], [ 48.1218338, -18.8805568, 887.5 ], [ 48.1215388, -18.8803918, 885.2 ], [ 48.1212732, -18.8803131, 884.2 ], [ 48.1207287, -18.8801609, 881.8 ], [ 48.1204632, -18.8800923, 880.2 ], [ 48.1201708, -18.8799401, 877.5 ], [ 48.1200743, -18.8798512, 875.5 ], [ 48.1200475, -18.8798259, 875.0 ], [ 48.1196585, -18.8794553, 868.2 ], [ 48.1195593, -18.8793563, 867.0 ], [ 48.1191596, -18.8789477, 861.8 ], [ 48.119055, -18.8788462, 861.0 ], [ 48.118583, -18.8784706, 859.0 ], [ 48.1182986, -18.8783336, 858.7 ], [ 48.118127, -18.8782879, 858.5 ], [ 48.1179044, -18.87826, 858.2 ], [ 48.1176549, -18.8782676, 858.2 ], [ 48.1174162, -18.878298, 858.1 ], [ 48.1169415, -18.8783869, 858.0 ], [ 48.1162441, -18.8784884, 857.8 ], [ 48.115882, -18.8785493, 857.5 ], [ 48.1155869, -18.8786533, 857.8 ], [ 48.1151605, -18.8788082, 857.5 ], [ 48.1149432, -18.878897, 857.0 ], [ 48.1146535, -18.8790569, 856.8 ], [ 48.1144711, -18.8792117, 856.6 ], [ 48.1143531, -18.879397, 856.5 ], [ 48.114152, -18.8797929, 857.8 ], [ 48.1140178, -18.8800517, 858.4 ], [ 48.1137952, -18.8803385, 859.2 ], [ 48.1136182, -18.8804629, 859.0 ], [ 48.1134224, -18.8805492, 858.2 ], [ 48.1131461, -18.8805974, 857.5 ], [ 48.1129342, -18.8805948, 856.8 ], [ 48.1125909, -18.8805542, 855.2 ], [ 48.112312, -18.8805314, 855.0 ], [ 48.1120706, -18.8805314, 855.2 ], [ 48.1117728, -18.8805745, 855.8 ], [ 48.111451, -18.8806126, 856.0 ], [ 48.1109977, -18.8806177, 856.2 ], [ 48.1107134, -18.8805771, 855.8 ], [ 48.1103781, -18.8805136, 856.0 ], [ 48.1099516, -18.8803867, 857.5 ], [ 48.1096458, -18.8802268, 858.0 ], [ 48.1094259, -18.8800137, 858.5 ], [ 48.1090638, -18.8793868, 856.2 ], [ 48.1088787, -18.8790797, 855.8 ], [ 48.1087875, -18.8789274, 855.5 ], [ 48.1084925, -18.8783818, 855.8 ], [ 48.1082967, -18.8780874, 855.4 ], [ 48.108125, -18.8779579, 855.2 ], [ 48.1079453, -18.8778869, 855.0 ], [ 48.1075189, -18.8777346, 855.5 ], [ 48.1073579, -18.8776204, 855.4 ], [ 48.1072158, -18.8774834, 855.2 ], [ 48.1070897, -18.8773285, 854.8 ], [ 48.1070334, -18.8772169, 853.5 ], [ 48.1069797, -18.8770544, 851.8 ], [ 48.1069341, -18.8768692, 850.8 ], [ 48.1069207, -18.8766052, 851.3 ], [ 48.106961, -18.875854, 853.0 ], [ 48.1069905, -18.8755418, 855.5 ], [ 48.1070012, -18.8753109, 857.2 ], [ 48.1069824, -18.8750495, 858.5 ], [ 48.1068805, -18.8747246, 859.2 ], [ 48.1067598, -18.8745292, 860.0 ], [ 48.1066257, -18.8743972, 860.2 ], [ 48.1064433, -18.8742804, 860.1 ], [ 48.1062394, -18.8741916, 860.0 ], [ 48.1059524, -18.8741231, 860.2 ], [ 48.1050271, -18.8740038, 867.0 ], [ 48.1046301, -18.8739581, 872.0 ], [ 48.1041875, -18.8738997, 876.5 ], [ 48.103568, -18.8738921, 878.5 ], [ 48.1027794, -18.8739607, 876.2 ], [ 48.10242, -18.8739937, 875.2 ], [ 48.1021973, -18.8740165, 875.0 ], [ 48.1019774, -18.8740013, 874.8 ], [ 48.1016287, -18.8739226, 875.2 ], [ 48.1011969, -18.8737881, 876.5 ], [ 48.1003734, -18.873514, 882.2 ], [ 48.0997753, -18.8733211, 885.0 ], [ 48.0996412, -18.8732652, 885.2 ], [ 48.0992925, -18.8731942, 887.5 ], [ 48.0989224, -18.8731434, 890.2 ], [ 48.0983779, -18.8730977, 893.2 ], [ 48.0977583, -18.8730368, 893.6 ], [ 48.0974901, -18.8729911, 893.8 ], [ 48.0970797, -18.872882, 894.5 ], [ 48.0967873, -18.8727551, 896.2 ], [ 48.096149, -18.8724861, 898.2 ], [ 48.0956125, -18.8722399, 899.2 ], [ 48.0949661, -18.8719683, 900.5 ], [ 48.09484, -18.8719074, 900.8 ], [ 48.0943733, -18.8716993, 899.8 ], [ 48.0942634, -18.8716511, 899.2 ], [ 48.0937269, -18.8714176, 898.9 ], [ 48.0935124, -18.8713338, 898.8 ], [ 48.0934078, -18.8712957, 898.8 ], [ 48.0933005, -18.8712653, 898.7 ], [ 48.0929437, -18.8711714, 898.5 ], [ 48.0928606, -18.8711587, 898.2 ], [ 48.0926514, -18.8711257, 897.2 ], [ 48.0924368, -18.8711257, 896.2 ], [ 48.0921149, -18.871146, 895.0 ], [ 48.0918521, -18.8711866, 893.5 ], [ 48.0910099, -18.871349, 892.8 ], [ 48.0905753, -18.8713693, 891.8 ], [ 48.0903715, -18.8713592, 891.0 ], [ 48.0900711, -18.871278, 888.8 ], [ 48.0896419, -18.8711155, 884.8 ], [ 48.0894542, -18.8710902, 883.2 ], [ 48.0891806, -18.8711054, 880.8 ], [ 48.0887729, -18.871278, 876.5 ], [ 48.0882901, -18.8715825, 872.5 ], [ 48.088164, -18.8716282, 871.5 ], [ 48.0878878, -18.8716333, 869.2 ], [ 48.0876249, -18.8715089, 868.2 ], [ 48.0875605, -18.8713287, 869.8 ], [ 48.0875391, -18.8711511, 871.8 ], [ 48.087582, -18.8707551, 873.0 ], [ 48.0876222, -18.870613, 873.4 ], [ 48.0877107, -18.8702577, 874.5 ], [ 48.0877107, -18.8700699, 875.2 ], [ 48.0876625, -18.8697145, 877.2 ], [ 48.0875552, -18.8694861, 878.5 ], [ 48.0874935, -18.8693744, 878.8 ], [ 48.0870804, -18.8691003, 880.2 ], [ 48.0869624, -18.8690572, 880.0 ], [ 48.0868444, -18.8690267, 879.8 ], [ 48.0863187, -18.8689988, 880.2 ], [ 48.0861765, -18.869009, 881.2 ], [ 48.0856079, -18.8690369, 885.2 ], [ 48.0854657, -18.8690318, 885.8 ], [ 48.0850875, -18.8689074, 886.2 ], [ 48.084189, -18.8687374, 890.8 ], [ 48.0839556, -18.8686968, 892.0 ], [ 48.0827004, -18.8685293, 899.5 ], [ 48.0766252, -18.8677069, 899.0 ], [ 48.0763355, -18.8676815, 897.5 ], [ 48.0761075, -18.8676993, 895.2 ], [ 48.0758741, -18.8677501, 894.0 ], [ 48.0756354, -18.8678364, 893.5 ], [ 48.075445, -18.8679455, 893.0 ], [ 48.0753189, -18.8680369, 893.2 ], [ 48.0752036, -18.868146, 893.5 ], [ 48.074466, -18.869042, 896.8 ], [ 48.0742005, -18.8693592, 895.8 ], [ 48.0739912, -18.8695064, 895.0 ], [ 48.0737284, -18.8696435, 894.2 ], [ 48.0734307, -18.8697425, 892.8 ], [ 48.072854, -18.8698947, 888.5 ], [ 48.072508, -18.8700216, 887.0 ], [ 48.0721432, -18.8700978, 884.8 ], [ 48.0717999, -18.8700623, 882.8 ], [ 48.0715853, -18.869943, 880.2 ], [ 48.0713975, -18.8697323, 878.0 ], [ 48.0713251, -18.8696079, 877.5 ], [ 48.0710971, -18.8690724, 877.2 ], [ 48.0710194, -18.8689506, 878.0 ], [ 48.0707431, -18.8686257, 879.5 ], [ 48.0706385, -18.8685267, 880.0 ], [ 48.0702013, -18.8681384, 876.5 ], [ 48.0700859, -18.8680369, 875.5 ], [ 48.0698419, -18.8678338, 873.0 ], [ 48.0697078, -18.8677348, 872.2 ], [ 48.0692974, -18.8674734, 870.5 ], [ 48.0691552, -18.8673947, 870.4 ], [ 48.0685866, -18.86708, 870.0 ], [ 48.068144, -18.866849, 871.5 ], [ 48.0679965, -18.866778, 872.8 ], [ 48.0675378, -18.8665851, 876.8 ], [ 48.067385, -18.8665267, 878.2 ], [ 48.0669317, -18.8663541, 881.8 ], [ 48.0667815, -18.8663034, 882.8 ], [ 48.0662289, -18.8661561, 884.8 ], [ 48.0660948, -18.8661181, 884.2 ], [ 48.0655664, -18.8658896, 879.8 ], [ 48.0649737, -18.8654404, 873.0 ], [ 48.0648369, -18.865382, 872.5 ], [ 48.064692, -18.8653389, 872.0 ], [ 48.06319, -18.8651307, 873.8 ], [ 48.0624309, -18.865047, 871.0 ], [ 48.0620876, -18.8650343, 869.8 ], [ 48.0616611, -18.8650876, 868.8 ], [ 48.060033, -18.8654328, 868.0 ], [ 48.0597675, -18.8654988, 868.8 ], [ 48.0595851, -18.8656384, 869.5 ], [ 48.05951, -18.8657069, 870.0 ], [ 48.059451, -18.8658186, 870.5 ], [ 48.0594, -18.8659328, 871.0 ], [ 48.0593893, -18.866047, 871.8 ], [ 48.0593732, -18.866212, 873.2 ], [ 48.0593517, -18.8663389, 874.5 ], [ 48.0592927, -18.8664963, 875.2 ], [ 48.059231, -18.8665978, 875.0 ], [ 48.0591533, -18.8666968, 874.5 ], [ 48.0590513, -18.8667907, 873.5 ], [ 48.0589414, -18.8668643, 872.8 ], [ 48.0587751, -18.866948, 872.4 ], [ 48.0586115, -18.8669963, 872.0 ], [ 48.0584264, -18.8670445, 872.5 ], [ 48.0582145, -18.86708, 873.2 ], [ 48.0577961, -18.8671232, 875.0 ], [ 48.0575117, -18.867146, 874.5 ], [ 48.0571899, -18.8671587, 873.5 ], [ 48.0569404, -18.8671688, 872.8 ], [ 48.0567983, -18.8671942, 872.5 ], [ 48.0566481, -18.8672475, 872.2 ], [ 48.0563343, -18.8674227, 873.5 ], [ 48.0560687, -18.8675978, 875.2 ], [ 48.0556986, -18.8678694, 877.5 ], [ 48.055028, -18.8682628, 879.8 ], [ 48.0545238, -18.8685445, 882.0 ], [ 48.054336, -18.8686663, 883.0 ], [ 48.0541804, -18.868811, 884.2 ], [ 48.0537406, -18.8692298, 885.5 ], [ 48.0532873, -18.8695521, 884.2 ], [ 48.0530915, -18.869778, 883.9 ], [ 48.0529681, -18.8700496, 883.5 ], [ 48.0529574, -18.8702653, 883.2 ], [ 48.0529627, -18.8704633, 883.1 ], [ 48.0530298, -18.8706511, 883.0 ], [ 48.0531746, -18.8710496, 880.2 ], [ 48.0532604, -18.8712526, 878.8 ], [ 48.0533195, -18.8714404, 878.5 ], [ 48.0533087, -18.8716257, 877.8 ], [ 48.0532175, -18.8718059, 877.4 ], [ 48.0530003, -18.8720039, 877.0 ], [ 48.0526865, -18.8721206, 878.2 ], [ 48.052319, -18.872245, 880.5 ], [ 48.0520669, -18.8723744, 883.0 ], [ 48.0517906, -18.8726257, 886.8 ], [ 48.0515224, -18.8727475, 887.5 ], [ 48.0513105, -18.8727754, 886.5 ], [ 48.050817, -18.8727323, 881.5 ], [ 48.0505595, -18.8726866, 879.8 ], [ 48.0502403, -18.8726688, 878.2 ], [ 48.0499586, -18.8727323, 878.0 ], [ 48.0497199, -18.8728592, 877.2 ], [ 48.0495483, -18.8730343, 877.4 ], [ 48.049382, -18.8732627, 877.6 ], [ 48.0492076, -18.8734759, 877.8 ], [ 48.0490521, -18.8736333, 877.2 ], [ 48.0489072, -18.8737297, 877.0 ], [ 48.0484486, -18.8739023, 875.8 ], [ 48.0481616, -18.8740013, 875.0 ], [ 48.0479309, -18.874151, 875.8 ], [ 48.0477592, -18.8743084, 876.0 ], [ 48.0476251, -18.8745622, 877.0 ], [ 48.047365, -18.8754403, 883.5 ], [ 48.0473274, -18.8755824, 884.5 ], [ 48.0471638, -18.8761484, 887.8 ], [ 48.0470458, -18.8764225, 888.2 ], [ 48.0469573, -18.8765519, 887.2 ], [ 48.0465147, -18.8770494, 882.2 ], [ 48.046394, -18.8771712, 880.8 ], [ 48.0460426, -18.8775392, 877.2 ], [ 48.0459434, -18.8776712, 876.8 ], [ 48.045702, -18.8780975, 877.0 ], [ 48.045643, -18.8782397, 877.2 ], [ 48.0455115, -18.8786939, 879.0 ], [ 48.0454847, -18.8788513, 879.8 ], [ 48.0454096, -18.8793284, 882.0 ], [ 48.0453774, -18.8794858, 883.0 ], [ 48.0452755, -18.8799502, 883.2 ], [ 48.0452245, -18.8800974, 883.0 ], [ 48.0451038, -18.8803817, 881.5 ], [ 48.0450287, -18.8805212, 880.5 ], [ 48.0447015, -18.8810973, 876.0 ], [ 48.044436, -18.8815364, 874.0 ], [ 48.0443394, -18.8816734, 873.5 ], [ 48.0440471, -18.8819069, 872.5 ], [ 48.0438727, -18.8820414, 871.8 ], [ 48.043465, -18.8822698, 870.5 ], [ 48.0429983, -18.8825262, 871.2 ], [ 48.0426335, -18.8826835, 872.5 ], [ 48.04214, -18.8828561, 873.3 ], [ 48.0413595, -18.8831378, 874.5 ], [ 48.041102, -18.8832317, 875.2 ], [ 48.040756, -18.8833586, 875.3 ], [ 48.0400291, -18.8836504, 875.4 ], [ 48.0396026, -18.8838154, 875.5 ], [ 48.0390099, -18.884026, 877.0 ], [ 48.0385029, -18.8841885, 877.5 ], [ 48.0381972, -18.8842621, 877.8 ], [ 48.0379021, -18.8843179, 878.0 ], [ 48.0375266, -18.8843788, 878.2 ], [ 48.0371028, -18.8844625, 878.8 ], [ 48.0368614, -18.8845463, 879.0 ], [ 48.0366361, -18.8846351, 879.5 ], [ 48.0364564, -18.8847544, 880.2 ], [ 48.0360782, -18.8850488, 881.2 ], [ 48.035633, -18.8854396, 879.8 ], [ 48.0354264, -18.8855589, 878.5 ], [ 48.0351877, -18.8856502, 877.0 ], [ 48.0349731, -18.8856959, 875.5 ], [ 48.0347425, -18.8857264, 874.0 ], [ 48.0341819, -18.885734, 873.5 ], [ 48.0337232, -18.8857112, 873.0 ], [ 48.0333772, -18.8856502, 874.2 ], [ 48.0330715, -18.8855589, 874.5 ], [ 48.0327496, -18.885432, 875.5 ], [ 48.032299, -18.885196, 876.3 ], [ 48.0321917, -18.8851224, 876.5 ], [ 48.0317545, -18.8848128, 877.1 ], [ 48.0316499, -18.8847366, 877.2 ], [ 48.03121, -18.8844219, 877.5 ], [ 48.0310947, -18.8843433, 877.8 ], [ 48.0307433, -18.8841072, 878.5 ], [ 48.0304965, -18.8840032, 879.0 ], [ 48.0300996, -18.8839981, 880.2 ], [ 48.028627, -18.8840387, 886.2 ], [ 48.0282488, -18.8840717, 887.2 ], [ 48.0279511, -18.8841428, 887.8 ], [ 48.0274978, -18.8843077, 889.5 ], [ 48.0270982, -18.8844219, 891.2 ], [ 48.0265537, -18.8844752, 891.9 ], [ 48.0258402, -18.8844981, 892.8 ], [ 48.0254593, -18.8845361, 893.0 ], [ 48.0251428, -18.8846503, 892.8 ], [ 48.0246654, -18.8848026, 891.2 ], [ 48.024314, -18.8849117, 889.0 ], [ 48.0240592, -18.8849549, 887.8 ], [ 48.0236864, -18.8849523, 884.0 ], [ 48.0231044, -18.8849346, 879.5 ], [ 48.0225411, -18.8849067, 877.2 ], [ 48.0222702, -18.8848991, 876.2 ], [ 48.0219188, -18.8848762, 876.1 ], [ 48.0216399, -18.8848813, 876.0 ], [ 48.0213368, -18.8849422, 876.2 ], [ 48.0210793, -18.8850209, 877.8 ], [ 48.0208138, -18.8851351, 879.0 ], [ 48.0205831, -18.8852823, 880.0 ], [ 48.0204061, -18.8854269, 881.2 ], [ 48.0201352, -18.8856985, 882.2 ], [ 48.0199903, -18.8858076, 882.0 ], [ 48.019537, -18.88614, 878.9 ], [ 48.0192527, -18.8863558, 877.0 ], [ 48.0188343, -18.8866527, 875.0 ], [ 48.0181208, -18.8871526, 874.8 ], [ 48.0178338, -18.8874318, 874.7 ], [ 48.0177131, -18.8875409, 874.6 ], [ 48.0173483, -18.8878835, 874.5 ], [ 48.0172223, -18.8879977, 875.0 ], [ 48.0168414, -18.8883327, 877.0 ], [ 48.0167073, -18.8884342, 877.8 ], [ 48.0164176, -18.8885992, 878.5 ], [ 48.0161333, -18.8886651, 880.0 ], [ 48.0157819, -18.8887464, 882.2 ], [ 48.0151328, -18.8888428, 884.0 ], [ 48.0148619, -18.8888961, 885.0 ], [ 48.0144569, -18.8889849, 887.5 ], [ 48.0142879, -18.8890103, 888.5 ], [ 48.013663, -18.8891194, 889.2 ], [ 48.013553, -18.8891854, 889.5 ], [ 48.0133224, -18.8893605, 889.6 ], [ 48.0131561, -18.8895635, 889.8 ], [ 48.0128986, -18.8898934, 890.0 ], [ 48.0127215, -18.890132, 889.2 ], [ 48.0125177, -18.8903578, 889.1 ], [ 48.0123916, -18.8904441, 889.0 ], [ 48.0118364, -18.8906624, 893.8 ], [ 48.0116916, -18.8907055, 895.0 ], [ 48.0111042, -18.8909009, 898.5 ], [ 48.0109647, -18.8909618, 899.2 ], [ 48.010852, -18.891043, 899.8 ], [ 48.0104443, -18.8914643, 900.5 ], [ 48.0103478, -18.891581, 900.8 ], [ 48.0099803, -18.892048, 901.4 ], [ 48.0098838, -18.8921495, 901.5 ], [ 48.0096477, -18.8923601, 901.2 ], [ 48.0094895, -18.8924768, 901.8 ], [ 48.008422, -18.8931113, 901.3 ], [ 48.0081403, -18.8932407, 901.2 ], [ 48.0077621, -18.8933447, 900.5 ], [ 48.007459, -18.8934006, 899.8 ], [ 48.0070353, -18.8934386, 898.9 ], [ 48.0068019, -18.8934259, 898.5 ], [ 48.0064613, -18.8933701, 899.5 ], [ 48.0059946, -18.8932534, 899.8 ], [ 48.0056351, -18.8931087, 900.2 ], [ 48.0052301, -18.892959, 899.5 ], [ 48.0049807, -18.8928397, 899.2 ], [ 48.0046695, -18.8926291, 898.5 ], [ 48.0036128, -18.8918196, 899.2 ], [ 48.0033419, -18.8916597, 899.5 ], [ 48.003028, -18.8915658, 899.8 ], [ 48.0026901, -18.8915353, 898.0 ], [ 48.0023119, -18.8915683, 896.2 ], [ 48.0018505, -18.8916394, 895.5 ], [ 48.001518, -18.8916571, 894.2 ], [ 48.001247, -18.8916445, 893.5 ], [ 47.999973, -18.8914313, 889.8 ], [ 47.9994929, -18.891378, 890.8 ], [ 47.9991093, -18.8914161, 889.2 ], [ 47.9985917, -18.8915277, 887.0 ], [ 47.998133, -18.891614, 885.0 ], [ 47.9978299, -18.8916216, 885.2 ], [ 47.9974893, -18.8915328, 886.0 ], [ 47.9973042, -18.8914008, 886.1 ], [ 47.9971245, -18.8912257, 886.2 ], [ 47.9969877, -18.8909593, 886.8 ], [ 47.9969153, -18.8908172, 887.2 ], [ 47.9967302, -18.8901294, 888.5 ], [ 47.9965854, -18.889627, 886.8 ], [ 47.9964915, -18.889358, 885.2 ], [ 47.9963037, -18.8889824, 884.5 ], [ 47.9962072, -18.8888758, 884.2 ], [ 47.995888, -18.8886144, 884.4 ], [ 47.9957646, -18.8885459, 884.5 ], [ 47.9954615, -18.8883987, 885.2 ], [ 47.9951477, -18.8883378, 886.5 ], [ 47.9947856, -18.8882997, 887.2 ], [ 47.9941177, -18.888353, 891.2 ], [ 47.993407, -18.8884063, 893.5 ], [ 47.9930207, -18.888353, 892.6 ], [ 47.9927793, -18.8882515, 892.0 ], [ 47.992495, -18.8880561, 892.5 ], [ 47.9919639, -18.8875308, 896.5 ], [ 47.9912236, -18.8867999, 903.0 ], [ 47.99106, -18.8864446, 900.8 ], [ 47.990883, -18.8861933, 898.8 ], [ 47.9907113, -18.8860461, 898.2 ], [ 47.990478, -18.8859421, 898.0 ], [ 47.9901561, -18.8859294, 897.0 ], [ 47.9898879, -18.8859954, 895.5 ], [ 47.9896465, -18.8861603, 894.8 ], [ 47.9895231, -18.8863583, 894.2 ], [ 47.9894695, -18.8865309, 895.0 ], [ 47.9894319, -18.8867999, 895.8 ], [ 47.9894158, -18.8870486, 895.9 ], [ 47.98933, -18.8872516, 896.0 ], [ 47.9890564, -18.8875688, 895.7 ], [ 47.9877663, -18.8889215, 894.2 ], [ 47.9872486, -18.8894519, 894.5 ], [ 47.9869938, -18.8896244, 894.8 ], [ 47.9867497, -18.8897107, 895.2 ], [ 47.9864681, -18.8897741, 896.5 ], [ 47.9862481, -18.8897741, 897.2 ], [ 47.9860362, -18.8897564, 896.8 ], [ 47.9858083, -18.8897031, 895.8 ], [ 47.9856527, -18.889632, 895.0 ], [ 47.9854703, -18.8895457, 893.8 ], [ 47.9853335, -18.8894772, 892.8 ], [ 47.9852048, -18.8894087, 892.0 ], [ 47.9849875, -18.889297, 891.5 ], [ 47.9847273, -18.8891803, 890.2 ], [ 47.9846013, -18.8891372, 889.2 ], [ 47.9844108, -18.889089, 887.5 ], [ 47.9841828, -18.8890813, 885.2 ], [ 47.984089, -18.8890788, 884.5 ], [ 47.9839656, -18.8890915, 883.5 ], [ 47.9838154, -18.8891143, 882.2 ], [ 47.9836249, -18.8891828, 881.0 ], [ 47.9832923, -18.8893174, 879.8 ], [ 47.9830295, -18.8894366, 880.0 ], [ 47.9825574, -18.8896549, 881.5 ], [ 47.9822946, -18.8897412, 883.0 ], [ 47.9819459, -18.8898833, 885.0 ], [ 47.9814094, -18.8900939, 885.8 ], [ 47.9811627, -18.8902487, 886.2 ], [ 47.9809669, -18.890434, 886.0 ], [ 47.9808033, -18.89067, 886.8 ], [ 47.980594, -18.891005, 887.0 ], [ 47.9802561, -18.8915252, 886.0 ], [ 47.9801407, -18.8917282, 885.5 ], [ 47.9800576, -18.8919058, 885.3 ], [ 47.9799798, -18.8922992, 885.0 ], [ 47.9799208, -18.8925352, 885.2 ], [ 47.9798377, -18.8927864, 884.2 ], [ 47.9796606, -18.8930351, 883.0 ], [ 47.9794407, -18.893299, 883.2 ], [ 47.9793441, -18.893431, 883.8 ], [ 47.978923, -18.8939665, 885.2 ], [ 47.9787782, -18.8941771, 886.2 ], [ 47.978628, -18.8944461, 886.6 ], [ 47.9784966, -18.8947176, 887.0 ], [ 47.9783598, -18.895012, 886.0 ], [ 47.9782042, -18.8953444, 884.8 ], [ 47.9781371, -18.8954358, 884.5 ], [ 47.9781049, -18.8954764, 884.2 ], [ 47.9779494, -18.8957022, 883.8 ], [ 47.9778287, -18.8958443, 883.7 ], [ 47.9772064, -18.8964153, 883.2 ], [ 47.9771554, -18.8964559, 883.5 ], [ 47.9767075, -18.8968239, 885.8 ], [ 47.976281, -18.8972299, 885.5 ], [ 47.9759672, -18.897509, 885.0 ], [ 47.97575, -18.8977298, 884.6 ], [ 47.9755595, -18.8979785, 884.2 ], [ 47.975471, -18.8981511, 884.0 ], [ 47.9754227, -18.8983211, 884.2 ], [ 47.9754066, -18.8985672, 884.5 ], [ 47.9754657, -18.8991966, 886.2 ], [ 47.9754925, -18.8993742, 886.6 ], [ 47.9754576, -18.8996051, 887.0 ], [ 47.9754254, -18.8997574, 886.5 ], [ 47.9753476, -18.8999198, 886.3 ], [ 47.9752243, -18.9001253, 886.0 ], [ 47.9746127, -18.9012266, 885.5 ], [ 47.9743177, -18.9016225, 884.8 ], [ 47.9740199, -18.9020361, 885.5 ], [ 47.9738429, -18.9022366, 886.2 ], [ 47.9735988, -18.90247, 886.8 ], [ 47.9733896, -18.9026248, 887.5 ], [ 47.973108, -18.9027746, 888.0 ], [ 47.9727593, -18.9029065, 888.2 ], [ 47.9722926, -18.9030486, 888.5 ], [ 47.9714128, -18.9032491, 886.5 ], [ 47.9711688, -18.9033328, 885.8 ], [ 47.9709086, -18.9034825, 885.0 ], [ 47.9707825, -18.9035993, 884.8 ], [ 47.9706645, -18.9037515, 884.5 ], [ 47.9705143, -18.9039368, 884.7 ], [ 47.9704794, -18.9039799, 884.7 ], [ 47.9704446, -18.9040306, 884.8 ], [ 47.9697284, -18.9050254, 883.0 ], [ 47.9693019, -18.9056141, 883.5 ], [ 47.9689908, -18.9060023, 883.7 ], [ 47.9688406, -18.9061317, 883.8 ], [ 47.9687306, -18.9062231, 883.6 ], [ 47.9686126, -18.9062814, 883.5 ], [ 47.9684839, -18.9063474, 883.6 ], [ 47.9683524, -18.9063956, 883.6 ], [ 47.9680976, -18.9065047, 883.7 ], [ 47.9679662, -18.9065631, 883.8 ], [ 47.9677302, -18.9066494, 884.5 ], [ 47.967588, -18.9067128, 885.0 ], [ 47.9674593, -18.9067813, 885.5 ], [ 47.9673359, -18.9068625, 886.0 ], [ 47.967242, -18.9069361, 886.2 ], [ 47.9671481, -18.9070376, 886.5 ], [ 47.9670274, -18.9071898, 887.5 ], [ 47.9669738, -18.9072533, 888.0 ], [ 47.9669335, -18.9073243, 888.2 ], [ 47.9668611, -18.9074487, 888.5 ], [ 47.9667726, -18.907573, 888.6 ], [ 47.966609, -18.9078318, 888.8 ], [ 47.9665312, -18.9079612, 889.0 ], [ 47.9664776, -18.9080374, 889.1 ], [ 47.9662979, -18.9082911, 889.2 ], [ 47.9654905, -18.9095066, 894.8 ], [ 47.9653215, -18.9097705, 895.0 ], [ 47.965107, -18.9102348, 895.5 ], [ 47.9648817, -18.9111204, 893.5 ], [ 47.9648387, -18.9112346, 893.4 ], [ 47.9647824, -18.9113564, 893.3 ], [ 47.9647315, -18.9114629, 893.2 ], [ 47.9646698, -18.9115644, 893.5 ], [ 47.9646268, -18.9116202, 893.8 ], [ 47.9645732, -18.911671, 893.8 ], [ 47.9644686, -18.9117623, 894.0 ], [ 47.9633769, -18.9124906, 894.5 ], [ 47.9630497, -18.9127367, 893.5 ], [ 47.9628512, -18.9129067, 892.5 ], [ 47.9626501, -18.9130742, 891.8 ], [ 47.9625481, -18.9131909, 891.0 ], [ 47.9624221, -18.9133355, 889.8 ], [ 47.9623121, -18.9135131, 889.5 ], [ 47.9622129, -18.9136882, 890.0 ], [ 47.962127, -18.9138633, 890.2 ], [ 47.9620412, -18.9141221, 891.5 ], [ 47.9619527, -18.9143962, 892.2 ], [ 47.9618964, -18.9146068, 892.5 ], [ 47.96184, -18.9148554, 892.8 ], [ 47.9617569, -18.9151117, 893.5 ], [ 47.9616603, -18.9153908, 894.2 ], [ 47.9615986, -18.915505, 895.0 ], [ 47.9615155, -18.9156268, 896.2 ], [ 47.9614243, -18.9157207, 897.5 ], [ 47.9613197, -18.9157892, 898.5 ], [ 47.9611909, -18.9158577, 898.8 ], [ 47.9610702, -18.9159034, 899.0 ], [ 47.9609174, -18.9159465, 898.8 ], [ 47.9608127, -18.9159668, 898.5 ], [ 47.9606813, -18.9159947, 898.0 ], [ 47.9604989, -18.9160429, 897.5 ], [ 47.9603246, -18.9161114, 897.0 ], [ 47.9601824, -18.916185, 896.2 ], [ 47.9600993, -18.9162383, 896.2 ], [ 47.9600108, -18.9163068, 896.2 ], [ 47.9598418, -18.9164514, 896.1 ], [ 47.9597265, -18.9165453, 896.0 ], [ 47.959359, -18.9168422, 894.8 ], [ 47.9592276, -18.9169462, 894.0 ], [ 47.9588628, -18.9172558, 891.5 ], [ 47.9587394, -18.9173649, 890.8 ], [ 47.9583934, -18.9176567, 888.8 ], [ 47.9582512, -18.9177759, 888.0 ], [ 47.9581225, -18.9178698, 887.8 ], [ 47.9580072, -18.917984, 887.2 ], [ 47.9578167, -18.9181489, 887.0 ], [ 47.9576451, -18.9183265, 887.5 ], [ 47.9575726, -18.9184179, 887.8 ], [ 47.9575002, -18.9185244, 888.0 ], [ 47.9573876, -18.9187477, 888.5 ], [ 47.9573312, -18.918872, 888.7 ], [ 47.9573098, -18.9189228, 888.8 ], [ 47.9572937, -18.9189913, 888.9 ], [ 47.9572722, -18.9190598, 889.0 ], [ 47.9572642, -18.919141, 889.2 ], [ 47.957232, -18.9193896, 890.0 ], [ 47.9572132, -18.9195292, 890.1 ], [ 47.9571918, -18.9196764, 890.2 ], [ 47.9571703, -18.9198489, 890.2 ], [ 47.9571354, -18.9201255, 891.2 ], [ 47.9571193, -18.920194, 891.5 ], [ 47.9570952, -18.9202828, 891.8 ], [ 47.9569128, -18.9206989, 892.6 ], [ 47.9568404, -18.9208283, 892.9 ], [ 47.9567572, -18.9210059, 893.2 ], [ 47.9566473, -18.9212419, 892.8 ], [ 47.9565883, -18.9213662, 892.5 ], [ 47.9564327, -18.9216707, 891.8 ], [ 47.9562905, -18.9219574, 890.8 ], [ 47.9561993, -18.9221781, 890.2 ], [ 47.9561672, -18.9222822, 890.0 ], [ 47.9561511, -18.9223278, 889.8 ], [ 47.9561323, -18.9223811, 889.6 ], [ 47.9561216, -18.9224293, 889.5 ], [ 47.9561055, -18.9224978, 889.4 ], [ 47.9561001, -18.9225689, 889.4 ], [ 47.9560947, -18.9226374, 889.3 ], [ 47.9560921, -18.9226932, 889.3 ], [ 47.9560921, -18.9227465, 889.2 ], [ 47.9560974, -18.9227947, 889.5 ], [ 47.9561028, -18.922848, 889.8 ], [ 47.956135, -18.9230763, 890.8 ], [ 47.956143, -18.9232133, 891.2 ], [ 47.9561511, -18.9233681, 892.0 ], [ 47.9561698, -18.9234721, 892.5 ], [ 47.9561752, -18.9235229, 892.8 ], [ 47.9561725, -18.9235914, 892.8 ], [ 47.9561457, -18.9236954, 893.0 ], [ 47.9561135, -18.9238096, 892.8 ], [ 47.9560652, -18.9239314, 892.6 ], [ 47.9560089, -18.9240811, 892.5 ], [ 47.9558828, -18.9243449, 892.8 ], [ 47.9557729, -18.9245682, 892.6 ], [ 47.9556522, -18.9247889, 892.5 ], [ 47.9555905, -18.9248955, 892.8 ], [ 47.9555073, -18.9250351, 892.9 ], [ 47.9554054, -18.9251721, 893.0 ], [ 47.9553249, -18.9252533, 893.2 ], [ 47.9552525, -18.9253142, 893.4 ], [ 47.9551747, -18.9253725, 893.5 ], [ 47.9549628, -18.9254943, 893.8 ], [ 47.9548582, -18.9255374, 894.0 ], [ 47.9544452, -18.9257277, 893.2 ], [ 47.9543111, -18.9258064, 893.5 ], [ 47.9539222, -18.9260652, 893.8 ], [ 47.953839, -18.9261261, 894.0 ], [ 47.9534876, -18.9263975, 894.8 ], [ 47.9533991, -18.9264762, 894.8 ], [ 47.9529968, -18.9267781, 895.0 ], [ 47.952911, -18.9268517, 894.8 ], [ 47.9527473, -18.9269811, 895.0 ], [ 47.9525837, -18.9271105, 895.3 ], [ 47.952522, -18.9271562, 895.4 ], [ 47.9524523, -18.927212, 895.5 ], [ 47.9523477, -18.9273185, 896.0 ], [ 47.9522753, -18.9274099, 896.8 ], [ 47.9521841, -18.9275241, 897.5 ], [ 47.9520768, -18.9277169, 898.5 ], [ 47.9520178, -18.9278361, 899.2 ], [ 47.951932, -18.9280087, 900.8 ], [ 47.9518515, -18.9282015, 902.8 ], [ 47.9517683, -18.9284121, 904.8 ], [ 47.9515859, -18.9286455, 906.2 ], [ 47.9513794, -18.9288865, 907.5 ], [ 47.9510844, -18.9292417, 908.5 ], [ 47.9509583, -18.9293711, 908.6 ], [ 47.9508322, -18.9295081, 908.8 ], [ 47.9507437, -18.9296299, 909.2 ], [ 47.9506311, -18.9297771, 909.8 ], [ 47.9505506, -18.9299115, 910.5 ], [ 47.9504246, -18.9301145, 911.5 ], [ 47.9502878, -18.9303403, 911.8 ], [ 47.9502046, -18.9304773, 912.5 ], [ 47.9500812, -18.9306422, 913.8 ], [ 47.9500115, -18.9307234, 914.2 ], [ 47.9499659, -18.930764, 914.5 ], [ 47.9499149, -18.930797, 914.8 ], [ 47.9498747, -18.9308224, 915.0 ], [ 47.9498264, -18.930835, 915.2 ], [ 47.9497272, -18.9308629, 915.8 ], [ 47.9494616, -18.9308985, 917.5 ], [ 47.9493704, -18.9309061, 918.5 ], [ 47.9493007, -18.9308985, 919.2 ], [ 47.9492256, -18.9308858, 920.0 ], [ 47.9491639, -18.9308604, 920.5 ], [ 47.9491076, -18.9308122, 920.8 ], [ 47.9490513, -18.9307488, 920.9 ], [ 47.9490003, -18.9306752, 921.0 ], [ 47.9489869, -18.9306397, 920.8 ], [ 47.9489788, -18.9305915, 920.2 ], [ 47.9489842, -18.9305179, 919.5 ], [ 47.9490003, -18.9304418, 918.5 ], [ 47.9490352, -18.9303073, 916.5 ], [ 47.9490674, -18.9300866, 914.0 ], [ 47.94907, -18.9300105, 913.2 ], [ 47.949062, -18.9299344, 912.5 ], [ 47.9490432, -18.9298988, 912.2 ], [ 47.9490218, -18.9298608, 912.1 ], [ 47.9489923, -18.9298405, 912.0 ], [ 47.948952, -18.929805, 912.2 ], [ 47.9489172, -18.9297872, 912.5 ], [ 47.9488796, -18.9297847, 913.0 ], [ 47.948834, -18.9297796, 913.5 ], [ 47.9487804, -18.9297847, 914.2 ], [ 47.9486543, -18.9298126, 916.8 ], [ 47.9485577, -18.9298456, 918.8 ], [ 47.9484665, -18.9298532, 920.5 ], [ 47.9483727, -18.9298456, 922.0 ], [ 47.9483002, -18.9298075, 922.8 ], [ 47.9482466, -18.9297644, 923.0 ], [ 47.9481608, -18.9296832, 923.5 ], [ 47.947973, -18.9294904, 925.0 ], [ 47.9479167, -18.9294396, 925.5 ], [ 47.9477289, -18.9292595, 925.7 ], [ 47.9476351, -18.9291783, 925.8 ], [ 47.9475358, -18.9291123, 925.9 ], [ 47.9474822, -18.9290743, 926.0 ], [ 47.9473883, -18.929021, 926.2 ], [ 47.9472327, -18.9289728, 927.2 ], [ 47.9470611, -18.9289347, 928.2 ], [ 47.946986, -18.9289144, 928.5 ], [ 47.9468706, -18.9288764, 928.8 ], [ 47.9467633, -18.9288535, 929.0 ], [ 47.9465407, -18.9288002, 928.4 ], [ 47.9464817, -18.9287901, 928.2 ], [ 47.946412, -18.9287901, 928.5 ], [ 47.9463342, -18.9288028, 929.0 ], [ 47.9462135, -18.9288282, 930.0 ], [ 47.9460713, -18.9288611, 931.8 ], [ 47.9458192, -18.9289576, 936.0 ], [ 47.9457656, -18.928988, 937.2 ], [ 47.94572, -18.9290235, 938.5 ], [ 47.9455966, -18.9291453, 943.0 ], [ 47.945492, -18.9292595, 947.2 ], [ 47.9454544, -18.9292848, 948.5 ], [ 47.9454169, -18.9293001, 949.5 ], [ 47.945374, -18.9293153, 950.8 ], [ 47.9453364, -18.929328, 951.8 ], [ 47.9452586, -18.9293381, 953.5 ], [ 47.9451942, -18.9293407, 954.8 ], [ 47.9451138, -18.9293331, 956.0 ], [ 47.945036, -18.9293204, 956.8 ], [ 47.9449046, -18.9292823, 957.5 ], [ 47.9448161, -18.9292392, 957.8 ], [ 47.9447356, -18.9291884, 957.9 ], [ 47.9446551, -18.9291377, 958.0 ], [ 47.9445907, -18.9290768, 957.2 ], [ 47.9444647, -18.9289271, 954.8 ], [ 47.9442877, -18.9287673, 953.5 ], [ 47.9441911, -18.9287241, 952.9 ], [ 47.9441133, -18.9286962, 952.5 ], [ 47.9439524, -18.9286835, 953.5 ], [ 47.9437271, -18.9286734, 954.8 ], [ 47.9435205, -18.9286632, 955.0 ], [ 47.9434374, -18.9286632, 955.2 ], [ 47.9433274, -18.9286785, 956.2 ], [ 47.9429787, -18.9288028, 962.5 ], [ 47.9428098, -18.9288485, 964.8 ], [ 47.9426488, -18.9288992, 966.8 ], [ 47.9424584, -18.9289347, 968.2 ], [ 47.9423109, -18.9289449, 968.8 ], [ 47.9421633, -18.9289753, 970.2 ], [ 47.9420963, -18.9289931, 971.0 ], [ 47.9420319, -18.9290362, 972.0 ], [ 47.9419729, -18.9290819, 972.8 ], [ 47.9419166, -18.9291478, 973.5 ], [ 47.9417932, -18.9293457, 974.8 ], [ 47.941584, -18.9296654, 976.5 ], [ 47.9413185, -18.930117, 982.5 ], [ 47.9412755, -18.9302008, 984.2 ], [ 47.9412514, -18.9302439, 985.0 ], [ 47.9412058, -18.930287, 985.5 ], [ 47.9410046, -18.9304342, 986.0 ], [ 47.9406399, -18.9307031, 988.0 ], [ 47.9405352, -18.930797, 988.8 ], [ 47.9404172, -18.9309188, 989.5 ], [ 47.9403421, -18.9310253, 990.5 ], [ 47.940208, -18.9312689, 992.5 ], [ 47.9401544, -18.9313425, 993.0 ], [ 47.940098, -18.9313957, 993.2 ], [ 47.9399747, -18.9314998, 993.8 ], [ 47.9398486, -18.9315962, 994.5 ], [ 47.9393256, -18.9318676, 1000.0 ], [ 47.9392397, -18.9319108, 1001.2 ], [ 47.939221, -18.9319209, 1001.5 ], [ 47.9391888, -18.9319285, 1001.8 ], [ 47.9391378, -18.9319311, 1002.0 ], [ 47.9390413, -18.9319235, 1002.8 ], [ 47.9388857, -18.9319057, 1004.2 ], [ 47.938655, -18.9318803, 1007.8 ], [ 47.9384941, -18.93186, 1010.8 ], [ 47.9383573, -18.9318651, 1014.0 ], [ 47.9383197, -18.9318727, 1015.0 ], [ 47.9382902, -18.9318905, 1015.8 ], [ 47.9382607, -18.9319184, 1016.5 ], [ 47.9382393, -18.9319387, 1017.0 ], [ 47.9382259, -18.9319717, 1017.1 ], [ 47.9382178, -18.9319996, 1017.2 ], [ 47.9382151, -18.9320326, 1017.2 ], [ 47.9382232, -18.9320858, 1017.0 ], [ 47.9382554, -18.9321721, 1016.0 ], [ 47.9383036, -18.932271, 1015.5 ], [ 47.9383278, -18.9323243, 1015.2 ], [ 47.9383224, -18.9324131, 1016.0 ], [ 47.9382902, -18.9324791, 1016.8 ], [ 47.9382446, -18.9325273, 1017.5 ], [ 47.9382098, -18.9325476, 1018.0 ], [ 47.9381561, -18.9325679, 1018.8 ], [ 47.9380998, -18.9325654, 1019.5 ], [ 47.9380515, -18.9325425, 1020.2 ], [ 47.9379764, -18.9324816, 1021.8 ], [ 47.9378745, -18.9323396, 1025.0 ], [ 47.9377753, -18.9321772, 1030.8 ], [ 47.9376921, -18.9319438, 1038.0 ], [ 47.937668, -18.9318575, 1040.5 ], [ 47.9376733, -18.9317586, 1042.0 ], [ 47.9376921, -18.9316215, 1043.8 ], [ 47.9377592, -18.9315226, 1042.8 ], [ 47.9378369, -18.9314465, 1041.0 ], [ 47.9379255, -18.9313856, 1038.2 ], [ 47.9380435, -18.9313222, 1034.0 ], [ 47.9381239, -18.9312816, 1031.0 ], [ 47.938199, -18.9312258, 1029.0 ], [ 47.9383036, -18.931142, 1026.8 ], [ 47.9383332, -18.9310862, 1027.0 ], [ 47.9383385, -18.9310532, 1027.8 ], [ 47.9383305, -18.9310279, 1028.8 ], [ 47.9383197, -18.9309594, 1031.2 ], [ 47.9383036, -18.9308604, 1035.2 ], [ 47.9382715, -18.930764, 1040.0 ], [ 47.9382661, -18.9306524, 1044.8 ], [ 47.9382688, -18.9306118, 1046.2 ], [ 47.9382822, -18.9305864, 1047.0 ], [ 47.9383519, -18.930523, 1046.8 ], [ 47.9384941, -18.9304443, 1044.0 ], [ 47.9385719, -18.9304012, 1042.2 ], [ 47.9386577, -18.930353, 1041.5 ], [ 47.9387087, -18.9302921, 1040.9 ], [ 47.9387623, -18.9302236, 1040.2 ], [ 47.938816, -18.9301399, 1040.8 ], [ 47.9388803, -18.9300308, 1041.5 ], [ 47.9389769, -18.92981, 1044.8 ], [ 47.9389983, -18.9296705, 1050.0 ], [ 47.9390091, -18.9295715, 1054.2 ], [ 47.9390064, -18.9295081, 1057.5 ], [ 47.9390118, -18.9294117, 1061.5 ], [ 47.9390198, -18.929361, 1063.5 ], [ 47.939052, -18.9292747, 1066.2 ], [ 47.9391029, -18.929191, 1067.2 ], [ 47.9391459, -18.9291504, 1067.8 ], [ 47.9391888, -18.9291225, 1066.8 ], [ 47.9393497, -18.9290717, 1061.5 ], [ 47.9394731, -18.9290514, 1057.0 ], [ 47.9395723, -18.9290362, 1053.0 ], [ 47.9396501, -18.9290007, 1050.2 ], [ 47.9397091, -18.9289626, 1048.8 ], [ 47.9397681, -18.9289119, 1048.0 ], [ 47.939795, -18.9288738, 1048.2 ], [ 47.9398084, -18.9288383, 1049.2 ], [ 47.9398406, -18.9285947, 1059.0 ], [ 47.9398915, -18.9284298, 1064.0 ], [ 47.9399264, -18.9283334, 1066.8 ], [ 47.9399505, -18.9282776, 1068.0 ], [ 47.9399881, -18.9282294, 1068.2 ], [ 47.9400659, -18.9281533, 1067.8 ], [ 47.9401276, -18.9281152, 1066.5 ], [ 47.9401973, -18.9280721, 1065.0 ], [ 47.9402617, -18.9280442, 1063.0 ], [ 47.9404011, -18.9280036, 1057.8 ], [ 47.9405513, -18.9279351, 1052.2 ], [ 47.9409966, -18.9276154, 1034.8 ], [ 47.941061, -18.9275367, 1031.8 ], [ 47.9410905, -18.9274758, 1030.2 ], [ 47.9410931, -18.9274099, 1029.8 ], [ 47.9410878, -18.9273287, 1029.2 ], [ 47.941002, -18.9271866, 1031.8 ], [ 47.9408678, -18.927042, 1035.5 ], [ 47.9407847, -18.9269633, 1037.2 ], [ 47.9407015, -18.9269126, 1039.8 ], [ 47.9406238, -18.9268669, 1042.5 ], [ 47.9404789, -18.9268035, 1049.0 ], [ 47.9402268, -18.9267096, 1063.8 ], [ 47.9401249, -18.9266639, 1070.2 ], [ 47.9396608, -18.9265472, 1112.0 ], [ 47.9394329, -18.9264711, 1130.5 ], [ 47.939339, -18.9260931, 1108.8 ], [ 47.9393068, -18.9260322, 1106.5 ], [ 47.9392987, -18.925918, 1098.5 ], [ 47.9393148, -18.9258216, 1090.8 ], [ 47.9393175, -18.9257582, 1086.8 ], [ 47.9393095, -18.9256947, 1083.8 ], [ 47.9392746, -18.9256059, 1081.8 ], [ 47.9391915, -18.9254512, 1081.0 ], [ 47.9391056, -18.925337, 1082.8 ], [ 47.9390439, -18.9252253, 1082.8 ], [ 47.9388079, -18.9248473, 1083.0 ], [ 47.938655, -18.9246621, 1081.8 ], [ 47.9384646, -18.9244896, 1080.8 ], [ 47.9382339, -18.9243043, 1080.4 ], [ 47.9381427, -18.9242485, 1080.2 ], [ 47.9380703, -18.9242054, 1080.8 ], [ 47.938014, -18.9241851, 1081.0 ], [ 47.937955, -18.9241825, 1081.2 ], [ 47.9378852, -18.9241978, 1081.8 ], [ 47.9378101, -18.9242333, 1082.2 ], [ 47.9377162, -18.9243069, 1083.2 ], [ 47.9376519, -18.92435, 1084.2 ], [ 47.9375848, -18.9244109, 1085.8 ], [ 47.9374722, -18.9245581, 1090.5 ], [ 47.9373971, -18.9246037, 1093.2 ], [ 47.9373166, -18.9246316, 1095.5 ], [ 47.9371798, -18.9246342, 1099.0 ], [ 47.9370537, -18.9245885, 1101.2 ], [ 47.9368982, -18.9244819, 1102.8 ], [ 47.9368177, -18.9243881, 1103.0 ], [ 47.9367426, -18.9242739, 1103.2 ], [ 47.936697, -18.9241521, 1102.8 ], [ 47.936689, -18.9240405, 1101.2 ], [ 47.9367077, -18.9239085, 1098.8 ], [ 47.9367372, -18.9237893, 1096.5 ], [ 47.936748, -18.9237309, 1096.1 ], [ 47.9367372, -18.9236827, 1095.8 ], [ 47.9367024, -18.9236167, 1096.2 ], [ 47.9366568, -18.9235711, 1097.0 ], [ 47.9365897, -18.9235356, 1098.2 ], [ 47.9365093, -18.9235026, 1099.8 ], [ 47.9363698, -18.9234062, 1101.5 ], [ 47.9363161, -18.9233478, 1101.6 ], [ 47.9362813, -18.9232793, 1101.8 ], [ 47.9362652, -18.9231778, 1101.2 ], [ 47.9362544, -18.9230687, 1101.1 ], [ 47.9362518, -18.9229824, 1101.0 ], [ 47.9362169, -18.9229114, 1101.5 ], [ 47.9361793, -18.922853, 1102.2 ], [ 47.9361016, -18.9227972, 1103.5 ], [ 47.9360399, -18.9227718, 1104.5 ], [ 47.9359648, -18.9227617, 1105.5 ], [ 47.9358763, -18.922782, 1106.2 ], [ 47.9357851, -18.9228403, 1106.5 ], [ 47.9357126, -18.922886, 1106.8 ], [ 47.9356295, -18.9229596, 1107.5 ], [ 47.9355088, -18.9230712, 1108.5 ], [ 47.9354444, -18.9231296, 1109.0 ], [ 47.9353505, -18.923188, 1109.8 ], [ 47.9352191, -18.9232285, 1110.5 ], [ 47.9351118, -18.9232285, 1111.0 ], [ 47.9349884, -18.9232463, 1111.5 ], [ 47.9349455, -18.9232565, 1111.6 ], [ 47.9349107, -18.9232717, 1111.7 ], [ 47.9348758, -18.9232971, 1111.8 ], [ 47.9347953, -18.9234391, 1111.6 ], [ 47.9347497, -18.9235685, 1111.5 ], [ 47.9345942, -18.9238832, 1113.8 ], [ 47.934503, -18.9240405, 1114.8 ], [ 47.9344735, -18.9241318, 1116.0 ], [ 47.9344359, -18.9241851, 1116.5 ], [ 47.9343984, -18.9242257, 1117.0 ], [ 47.9343581, -18.9242688, 1117.5 ], [ 47.9343125, -18.9243119, 1117.7 ], [ 47.9342508, -18.9243322, 1118.0 ], [ 47.9341274, -18.92435, 1117.8 ], [ 47.9340148, -18.9243272, 1117.0 ], [ 47.9338807, -18.924279, 1115.5 ], [ 47.9337546, -18.9242536, 1114.8 ], [ 47.933642, -18.9242181, 1114.4 ], [ 47.9335293, -18.9242155, 1114.0 ], [ 47.9333603, -18.9242054, 1113.8 ], [ 47.9332182, -18.924213, 1113.6 ], [ 47.933068, -18.9242181, 1113.5 ], [ 47.9329097, -18.924246, 1113.8 ], [ 47.9328346, -18.9242688, 1113.5 ], [ 47.9327488, -18.924284, 1113.2 ], [ 47.9326683, -18.9243069, 1112.8 ], [ 47.9325745, -18.9243728, 1112.2 ], [ 47.9325235, -18.9244261, 1112.0 ], [ 47.9324698, -18.9244794, 1111.8 ], [ 47.9324001, -18.9245987, 1111.2 ], [ 47.9323384, -18.9246951, 1111.0 ], [ 47.9321614, -18.9249615, 1111.5 ], [ 47.9320648, -18.9250782, 1112.2 ], [ 47.9319414, -18.9252, 1113.2 ], [ 47.9317564, -18.9253268, 1114.5 ], [ 47.9316437, -18.9253776, 1115.2 ], [ 47.931574, -18.9253903, 1115.3 ], [ 47.9315123, -18.9253877, 1115.4 ], [ 47.9314747, -18.9253776, 1115.5 ], [ 47.9314399, -18.9253573, 1115.5 ], [ 47.9313862, -18.9253116, 1115.2 ], [ 47.931346, -18.9252634, 1115.0 ], [ 47.9313192, -18.9252152, 1114.5 ], [ 47.9312924, -18.9251289, 1113.8 ], [ 47.9312629, -18.9250224, 1113.0 ], [ 47.9312038, -18.9245149, 1112.7 ], [ 47.9311904, -18.9244236, 1112.6 ], [ 47.9311663, -18.9243246, 1112.5 ], [ 47.9311529, -18.9242967, 1112.5 ], [ 47.9311368, -18.9242688, 1112.5 ], [ 47.9310992, -18.9242358, 1112.8 ], [ 47.9310483, -18.9241952, 1113.0 ], [ 47.9310107, -18.9241699, 1113.2 ], [ 47.9309061, -18.9241242, 1113.8 ], [ 47.9307345, -18.9240506, 1114.8 ], [ 47.9306138, -18.9239923, 1115.8 ], [ 47.9304716, -18.923939, 1117.8 ], [ 47.9304448, -18.9239288, 1118.0 ], [ 47.9304045, -18.9239238, 1118.5 ], [ 47.9303509, -18.9239238, 1119.5 ], [ 47.9303107, -18.9239314, 1120.2 ], [ 47.9302838, -18.923944, 1120.8 ], [ 47.9302517, -18.9239669, 1121.8 ], [ 47.9302382, -18.9239872, 1122.2 ], [ 47.9302275, -18.9240151, 1123.0 ], [ 47.9302248, -18.9240379, 1123.5 ], [ 47.9302275, -18.9240684, 1124.0 ], [ 47.9302356, -18.9241115, 1124.3 ], [ 47.9302624, -18.9241394, 1124.5 ], [ 47.9302865, -18.9241623, 1124.2 ], [ 47.9303214, -18.9241775, 1123.8 ], [ 47.9304528, -18.9241902, 1121.0 ], [ 47.9305279, -18.9242003, 1119.5 ], [ 47.9306003, -18.924213, 1118.2 ], [ 47.9306433, -18.9242231, 1117.5 ], [ 47.9306835, -18.9242333, 1117.0 ], [ 47.9307184, -18.9242536, 1116.5 ], [ 47.9307559, -18.924284, 1116.3 ], [ 47.9307666, -18.9243069, 1116.2 ], [ 47.9307693, -18.9243348, 1116.5 ], [ 47.9307693, -18.9243678, 1116.8 ], [ 47.9307586, -18.9244033, 1117.2 ], [ 47.9307398, -18.9244413, 1118.0 ], [ 47.9307237, -18.9244616, 1118.5 ], [ 47.9307076, -18.9244794, 1119.0 ], [ 47.9306781, -18.9244972, 1119.8 ], [ 47.9306433, -18.9244997, 1120.8 ], [ 47.9305816, -18.9244946, 1122.2 ], [ 47.9305172, -18.9244819, 1123.8 ], [ 47.9303777, -18.9244185, 1126.8 ], [ 47.9302999, -18.9243678, 1127.8 ], [ 47.9302061, -18.9243018, 1128.8 ], [ 47.9300693, -18.9241851, 1129.1 ], [ 47.9298896, -18.9239796, 1129.6 ], [ 47.9298493, -18.9239364, 1129.8 ], [ 47.9298064, -18.9239035, 1130.0 ], [ 47.9297823, -18.9238958, 1130.5 ], [ 47.9297662, -18.9238908, 1130.8 ], [ 47.9297179, -18.9238882, 1132.0 ], [ 47.9296294, -18.9238806, 1134.0 ], [ 47.9294819, -18.923873, 1137.2 ], [ 47.9294309, -18.9238781, 1138.5 ], [ 47.9293692, -18.9238705, 1139.5 ], [ 47.9292861, -18.92384, 1140.2 ], [ 47.929211, -18.923802, 1140.8 ], [ 47.9291466, -18.9237664, 1141.0 ], [ 47.9290983, -18.9237512, 1141.5 ], [ 47.9290581, -18.9237411, 1142.0 ], [ 47.9289964, -18.923736, 1143.0 ], [ 47.9288998, -18.923736, 1145.2 ], [ 47.9288489, -18.923736, 1146.5 ], [ 47.9287979, -18.9237335, 1147.8 ], [ 47.9287657, -18.9237208, 1148.2 ], [ 47.9287389, -18.9237055, 1148.8 ], [ 47.928696, -18.9236726, 1149.2 ], [ 47.9286504, -18.9236167, 1149.5 ], [ 47.9283687, -18.9233275, 1155.0 ], [ 47.928291, -18.9232412, 1157.5 ], [ 47.9282239, -18.9231397, 1160.0 ], [ 47.9282051, -18.9231017, 1160.8 ], [ 47.9281944, -18.9230433, 1161.5 ], [ 47.9281971, -18.9229241, 1162.2 ], [ 47.9282105, -18.9228429, 1162.8 ], [ 47.928232, -18.9227033, 1164.2 ], [ 47.9282615, -18.9225384, 1166.2 ], [ 47.9282963, -18.9224445, 1166.8 ], [ 47.9283285, -18.922376, 1167.0 ], [ 47.9283634, -18.9223354, 1166.8 ], [ 47.9283983, -18.9222999, 1166.5 ], [ 47.9284278, -18.9222796, 1166.0 ], [ 47.9284841, -18.9222568, 1165.0 ], [ 47.928535, -18.9222339, 1164.0 ], [ 47.9286584, -18.9222136, 1161.5 ], [ 47.9287657, -18.9221933, 1159.5 ], [ 47.9288623, -18.922168, 1158.0 ], [ 47.9289347, -18.9221401, 1157.0 ], [ 47.9290152, -18.9220766, 1156.5 ], [ 47.9290742, -18.9220208, 1156.4 ], [ 47.929109, -18.9219675, 1156.2 ], [ 47.9291359, -18.9218787, 1157.0 ], [ 47.9291385, -18.9218153, 1157.8 ], [ 47.9291332, -18.921762, 1158.2 ], [ 47.9291144, -18.9216783, 1159.2 ], [ 47.9290769, -18.9215946, 1160.2 ], [ 47.9289991, -18.9214601, 1162.2 ], [ 47.9288864, -18.9213104, 1163.5 ], [ 47.9288086, -18.9211911, 1163.8 ], [ 47.9287067, -18.921082, 1164.5 ], [ 47.9285672, -18.9209678, 1165.8 ], [ 47.9283527, -18.9208131, 1166.8 ], [ 47.9281488, -18.9207116, 1167.8 ], [ 47.9279101, -18.920605, 1170.2 ], [ 47.9275748, -18.9204528, 1174.2 ], [ 47.9272664, -18.9202828, 1182.0 ], [ 47.9270867, -18.9201737, 1187.5 ], [ 47.9270008, -18.9200925, 1191.0 ], [ 47.9269204, -18.9199961, 1194.8 ], [ 47.9268909, -18.9199377, 1196.5 ], [ 47.9268667, -18.9198692, 1198.2 ], [ 47.9268587, -18.9198337, 1199.0 ], [ 47.926856, -18.9197956, 1199.5 ], [ 47.9268479, -18.9197449, 1200.2 ], [ 47.926856, -18.9197093, 1200.5 ], [ 47.9268828, -18.9196459, 1200.2 ], [ 47.9269257, -18.9195977, 1199.2 ], [ 47.9269606, -18.9195749, 1198.2 ], [ 47.9269981, -18.9195622, 1197.2 ], [ 47.9270464, -18.9195546, 1195.8 ], [ 47.9270947, -18.919552, 1194.2 ], [ 47.9271322, -18.9195622, 1193.0 ], [ 47.9271591, -18.9195774, 1192.0 ], [ 47.9272771, -18.9196155, 1188.2 ], [ 47.9273415, -18.9196332, 1186.2 ], [ 47.9274219, -18.9196434, 1183.8 ], [ 47.9274863, -18.9196256, 1182.0 ], [ 47.9275534, -18.9195952, 1180.2 ], [ 47.9275936, -18.919547, 1179.2 ], [ 47.9276311, -18.9194937, 1178.5 ], [ 47.9276741, -18.9194049, 1177.8 ], [ 47.9277009, -18.9193237, 1177.2 ], [ 47.9277518, -18.9191105, 1175.2 ], [ 47.9278377, -18.9187223, 1170.2 ], [ 47.9278564, -18.9185955, 1168.5 ], [ 47.9278886, -18.9184382, 1166.2 ], [ 47.9278833, -18.918357, 1165.5 ], [ 47.9278725, -18.9183037, 1165.0 ], [ 47.9278511, -18.9182605, 1164.8 ], [ 47.9278189, -18.9182073, 1164.7 ], [ 47.9277679, -18.9181692, 1164.6 ], [ 47.9277277, -18.9181438, 1164.6 ], [ 47.9276848, -18.9181261, 1164.5 ], [ 47.9275963, -18.9180931, 1164.8 ], [ 47.9271349, -18.9180449, 1168.0 ], [ 47.9268694, -18.9180246, 1170.0 ], [ 47.9266977, -18.9179814, 1171.0 ], [ 47.9265288, -18.9179002, 1171.5 ], [ 47.9258233, -18.9174105, 1174.5 ], [ 47.9257026, -18.9172913, 1175.8 ], [ 47.9256678, -18.9171771, 1175.5 ], [ 47.9256704, -18.9169944, 1173.8 ], [ 47.9256973, -18.9168295, 1172.8 ], [ 47.925657, -18.916695, 1172.0 ], [ 47.9255873, -18.9165935, 1172.5 ], [ 47.9254264, -18.9164895, 1174.8 ], [ 47.9251984, -18.9164134, 1177.5 ], [ 47.9246324, -18.9162586, 1181.0 ], [ 47.9244795, -18.9161875, 1180.2 ], [ 47.9242972, -18.9159795, 1177.0 ], [ 47.924096, -18.9158399, 1175.2 ], [ 47.9235595, -18.9155608, 1174.2 ], [ 47.9233959, -18.9155101, 1175.5 ], [ 47.9232135, -18.9154923, 1178.0 ], [ 47.9229882, -18.915472, 1182.5 ], [ 47.9229158, -18.9154416, 1184.0 ], [ 47.9228407, -18.915401, 1185.5 ], [ 47.9227844, -18.9153654, 1186.8 ], [ 47.9227173, -18.9152995, 1188.0 ], [ 47.9226476, -18.915231, 1189.2 ], [ 47.9225886, -18.9151371, 1190.0 ], [ 47.922551, -18.9150457, 1190.1 ], [ 47.9225242, -18.9149214, 1190.1 ], [ 47.9224813, -18.9147108, 1190.2 ], [ 47.9223472, -18.9143759, 1192.8 ], [ 47.9222587, -18.9141957, 1194.8 ], [ 47.9221782, -18.9140181, 1196.2 ], [ 47.9221219, -18.9138455, 1197.0 ], [ 47.92202, -18.9135994, 1198.5 ], [ 47.9219583, -18.913404, 1198.8 ], [ 47.9218832, -18.9133178, 1199.8 ], [ 47.9217598, -18.9131528, 1201.5 ], [ 47.9214621, -18.9127443, 1206.0 ], [ 47.9213199, -18.9125286, 1206.8 ], [ 47.9212153, -18.9124018, 1207.2 ], [ 47.9211053, -18.9123206, 1207.8 ], [ 47.9207245, -18.9121328, 1208.5 ], [ 47.9205796, -18.9120415, 1207.5 ], [ 47.920408, -18.9118029, 1206.4 ], [ 47.9203248, -18.9116583, 1205.8 ], [ 47.920239, -18.9115974, 1205.5 ], [ 47.9201129, -18.911572, 1204.5 ], [ 47.919952, -18.9117091, 1202.0 ], [ 47.9194772, -18.9118689, 1198.5 ], [ 47.9192626, -18.91194, 1197.5 ], [ 47.9190722, -18.9120059, 1197.2 ], [ 47.9188657, -18.9119755, 1196.5 ], [ 47.9186699, -18.9120415, 1197.5 ], [ 47.9184231, -18.9122673, 1203.2 ], [ 47.9181924, -18.9123485, 1208.5 ], [ 47.9179671, -18.9122216, 1209.5 ], [ 47.9178894, -18.9121835, 1210.0 ], [ 47.9173368, -18.9118816, 1211.2 ], [ 47.9172832, -18.9118486, 1211.3 ], [ 47.9172537, -18.9118359, 1211.4 ], [ 47.9172161, -18.9118258, 1211.4 ], [ 47.9171839, -18.9118182, 1211.5 ], [ 47.9171491, -18.9118131, 1211.6 ], [ 47.9171169, -18.9118131, 1211.6 ], [ 47.9170901, -18.9118156, 1211.7 ], [ 47.9170445, -18.9118232, 1211.8 ], [ 47.9166341, -18.9119704, 1213.5 ], [ 47.9165429, -18.911978, 1214.0 ], [ 47.9164383, -18.9119425, 1214.1 ], [ 47.9163498, -18.9118867, 1214.2 ], [ 47.9162854, -18.9117877, 1214.0 ], [ 47.9161003, -18.911534, 1214.2 ], [ 47.9160172, -18.9114477, 1215.0 ], [ 47.9159474, -18.9113919, 1215.8 ], [ 47.9158428, -18.9113716, 1216.5 ], [ 47.9156336, -18.9114578, 1217.5 ], [ 47.915183, -18.9118892, 1218.2 ], [ 47.9148048, -18.9120871, 1220.8 ], [ 47.9145634, -18.9123764, 1227.2 ], [ 47.9142094, -18.9123789, 1231.2 ], [ 47.9140913, -18.9123662, 1232.8 ], [ 47.9139653, -18.9123028, 1233.5 ], [ 47.9138473, -18.9122013, 1234.0 ], [ 47.9137024, -18.912044, 1234.8 ], [ 47.9135495, -18.9118486, 1235.8 ], [ 47.913394, -18.9116076, 1237.2 ], [ 47.9133081, -18.9114604, 1238.2 ], [ 47.9132169, -18.9111813, 1238.0 ], [ 47.9131767, -18.9109605, 1237.0 ], [ 47.9131526, -18.9107169, 1235.8 ], [ 47.9131499, -18.9105596, 1234.8 ], [ 47.9131365, -18.9104759, 1234.5 ], [ 47.9131097, -18.9104099, 1234.4 ], [ 47.9130909, -18.9103718, 1234.2 ], [ 47.9130641, -18.910316, 1234.5 ], [ 47.9130131, -18.910245, 1235.0 ], [ 47.9129326, -18.9100623, 1235.5 ], [ 47.9127851, -18.9097908, 1236.5 ], [ 47.9127315, -18.9096816, 1236.6 ], [ 47.9126671, -18.9095522, 1236.8 ], [ 47.9125652, -18.9093771, 1237.8 ], [ 47.9123238, -18.9091082, 1242.2 ], [ 47.9122755, -18.9088494, 1242.8 ], [ 47.9123479, -18.908654, 1240.8 ], [ 47.9126188, -18.9082683, 1238.9 ], [ 47.9126993, -18.9079968, 1237.8 ], [ 47.9126349, -18.9076415, 1237.5 ], [ 47.9125679, -18.9072609, 1236.5 ], [ 47.9125518, -18.9070021, 1235.8 ], [ 47.9125223, -18.9067407, 1236.2 ], [ 47.9124311, -18.9065555, 1238.0 ], [ 47.9123908, -18.9065301, 1238.8 ], [ 47.912254, -18.9065631, 1241.0 ], [ 47.912187, -18.9067331, 1241.2 ], [ 47.9120851, -18.9069539, 1241.7 ], [ 47.9120421, -18.9071315, 1242.0 ], [ 47.9119483, -18.907403, 1243.0 ], [ 47.9117873, -18.9077354, 1245.5 ], [ 47.9117095, -18.9078191, 1247.0 ], [ 47.9116398, -18.9078674, 1248.2 ], [ 47.9115728, -18.907908, 1249.5 ], [ 47.9114869, -18.9079486, 1251.2 ], [ 47.9114199, -18.9079689, 1252.5 ], [ 47.9113528, -18.9079841, 1253.8 ], [ 47.9112187, -18.9080044, 1255.8 ], [ 47.9109854, -18.9080247, 1257.8 ], [ 47.9108378, -18.9080424, 1258.8 ], [ 47.9106045, -18.9080602, 1259.1 ], [ 47.9103309, -18.9080805, 1259.5 ], [ 47.9101512, -18.9081008, 1259.2 ], [ 47.9100251, -18.908116, 1259.0 ], [ 47.9098937, -18.9081617, 1259.2 ], [ 47.9096469, -18.908248, 1261.5 ], [ 47.9095075, -18.9082759, 1263.0 ], [ 47.9094511, -18.9082911, 1264.0 ], [ 47.9093921, -18.9083013, 1265.0 ], [ 47.9093036, -18.9083013, 1266.2 ], [ 47.9092017, -18.9083038, 1268.0 ], [ 47.9091024, -18.9082911, 1269.5 ], [ 47.9090381, -18.9082759, 1270.5 ], [ 47.9089764, -18.9082581, 1271.2 ], [ 47.9089227, -18.9082353, 1272.0 ], [ 47.908853, -18.9081998, 1272.8 ], [ 47.908794, -18.9081668, 1273.5 ], [ 47.9087618, -18.9081516, 1274.0 ], [ 47.9087296, -18.9081236, 1274.2 ], [ 47.908676, -18.9080678, 1274.5 ], [ 47.9086116, -18.9079942, 1274.8 ], [ 47.9083756, -18.907672, 1273.9 ], [ 47.9083058, -18.9075984, 1273.7 ], [ 47.9082468, -18.9075426, 1273.5 ], [ 47.9081476, -18.907474, 1273.8 ], [ 47.9079571, -18.9073472, 1274.0 ], [ 47.9077747, -18.907233, 1274.2 ], [ 47.9076192, -18.9071416, 1274.5 ], [ 47.9074931, -18.907063, 1275.2 ], [ 47.9073966, -18.9070224, 1276.8 ], [ 47.9073429, -18.9070021, 1277.8 ], [ 47.9072759, -18.906997, 1279.5 ], [ 47.9072115, -18.9070376, 1281.5 ], [ 47.9071954, -18.9070706, 1282.2 ], [ 47.9071712, -18.9071366, 1283.8 ], [ 47.9071283, -18.9072533, 1286.2 ], [ 47.907013, -18.9074639, 1291.5 ], [ 47.9068252, -18.9074918, 1294.5 ], [ 47.9067528, -18.9074233, 1295.5 ], [ 47.906718, -18.9071163, 1294.5 ], [ 47.9067367, -18.9070148, 1293.5 ], [ 47.9067501, -18.9069158, 1293.2 ], [ 47.9067931, -18.9067813, 1292.0 ], [ 47.9068628, -18.9065326, 1288.2 ], [ 47.9069191, -18.9063804, 1284.8 ], [ 47.9069486, -18.9062459, 1281.8 ], [ 47.9069433, -18.9060074, 1278.2 ], [ 47.9069138, -18.9059236, 1278.0 ], [ 47.9068762, -18.9058602, 1277.8 ], [ 47.9067904, -18.9057587, 1278.0 ], [ 47.9067421, -18.905713, 1278.2 ], [ 47.9067099, -18.9056902, 1278.5 ], [ 47.906675, -18.9056699, 1278.8 ], [ 47.9066429, -18.9056572, 1279.0 ], [ 47.9065946, -18.905642, 1279.8 ], [ 47.9065114, -18.9056293, 1281.2 ], [ 47.9064202, -18.9056242, 1283.2 ], [ 47.9063532, -18.9056217, 1284.8 ], [ 47.9062486, -18.9056344, 1287.2 ], [ 47.9061171, -18.9056699, 1290.8 ], [ 47.9059589, -18.9057282, 1295.5 ], [ 47.9056397, -18.9057815, 1302.8 ], [ 47.9053742, -18.9056673, 1304.2 ], [ 47.9052213, -18.9056394, 1305.8 ], [ 47.9050255, -18.9055988, 1307.2 ], [ 47.904835, -18.905543, 1308.5 ], [ 47.9045695, -18.9054669, 1311.0 ], [ 47.9043013, -18.905038, 1308.2 ], [ 47.9041645, -18.9049467, 1308.5 ], [ 47.9040357, -18.9049746, 1308.8 ], [ 47.9039875, -18.9050812, 1309.8 ], [ 47.9039633, -18.9051979, 1310.8 ], [ 47.9039526, -18.9052918, 1311.8 ], [ 47.9037917, -18.9056699, 1320.2 ], [ 47.903671, -18.905812, 1325.5 ], [ 47.9032633, -18.9060607, 1338.5 ], [ 47.9031238, -18.9060657, 1340.5 ], [ 47.9027778, -18.9060074, 1344.2 ], [ 47.9023781, -18.9059262, 1349.0 ], [ 47.9020938, -18.9057866, 1351.2 ], [ 47.901611, -18.9052842, 1348.8 ], [ 47.9013965, -18.905137, 1351.5 ], [ 47.9011497, -18.9050837, 1356.5 ], [ 47.9009619, -18.9051066, 1359.5 ], [ 47.9007339, -18.9051522, 1363.0 ], [ 47.9004845, -18.9050939, 1364.0 ], [ 47.9003128, -18.9049721, 1364.8 ], [ 47.900278, -18.90483, 1363.8 ], [ 47.9001734, -18.9047462, 1364.0 ], [ 47.9000124, -18.9046193, 1364.5 ], [ 47.8998193, -18.9045026, 1366.0 ], [ 47.8997147, -18.9044544, 1366.8 ], [ 47.8996021, -18.9044087, 1367.5 ], [ 47.8995511, -18.9043986, 1367.8 ], [ 47.8994921, -18.9043884, 1368.0 ], [ 47.8993902, -18.9043884, 1368.2 ], [ 47.8993043, -18.9043935, 1368.5 ], [ 47.8992185, -18.9044037, 1368.8 ], [ 47.8991166, -18.9044163, 1369.2 ], [ 47.8989878, -18.9044443, 1370.2 ], [ 47.8987706, -18.9045052, 1371.5 ], [ 47.898615, -18.9045483, 1372.5 ], [ 47.8985372, -18.9045711, 1373.2 ], [ 47.8984997, -18.9045737, 1373.5 ], [ 47.8984648, -18.9045737, 1373.8 ], [ 47.8984326, -18.9045711, 1374.0 ], [ 47.8984004, -18.9045635, 1374.2 ], [ 47.8983414, -18.9045458, 1374.8 ], [ 47.8982717, -18.9045204, 1375.2 ], [ 47.898218, -18.9044874, 1375.5 ], [ 47.8981698, -18.9044493, 1375.6 ], [ 47.8981403, -18.9044138, 1375.6 ], [ 47.8981081, -18.9043757, 1375.7 ], [ 47.8980759, -18.9043351, 1375.8 ], [ 47.8980517, -18.9042819, 1376.0 ], [ 47.897982, -18.9041296, 1376.8 ], [ 47.897872, -18.9038911, 1379.0 ], [ 47.8978345, -18.9038327, 1379.8 ], [ 47.8977942, -18.903782, 1380.2 ], [ 47.8977567, -18.9037388, 1380.8 ], [ 47.8977111, -18.9037109, 1381.0 ], [ 47.8976735, -18.9036855, 1381.1 ], [ 47.8976306, -18.9036678, 1381.2 ], [ 47.8975475, -18.9036348, 1381.5 ], [ 47.8974804, -18.9036196, 1381.6 ], [ 47.8974187, -18.903617, 1381.6 ], [ 47.8973436, -18.9036196, 1381.7 ], [ 47.897298, -18.9036221, 1381.8 ], [ 47.897239, -18.9036348, 1381.5 ], [ 47.8971371, -18.9036703, 1381.0 ], [ 47.8969306, -18.9037515, 1379.5 ], [ 47.8967911, -18.9038073, 1378.2 ], [ 47.8966543, -18.9038733, 1377.2 ], [ 47.8965497, -18.9039469, 1376.5 ], [ 47.8964505, -18.904018, 1376.0 ], [ 47.8964049, -18.9040586, 1375.8 ], [ 47.8963485, -18.9041093, 1375.6 ], [ 47.896319, -18.9041347, 1375.5 ], [ 47.8962895, -18.9041727, 1375.2 ], [ 47.896252, -18.9042362, 1375.0 ], [ 47.8961313, -18.9043986, 1374.2 ], [ 47.8959703, -18.9045381, 1374.3 ], [ 47.8959194, -18.9045762, 1374.4 ], [ 47.8958523, -18.9046168, 1374.4 ], [ 47.8957263, -18.9046701, 1374.5 ], [ 47.8956297, -18.9047082, 1374.5 ], [ 47.8954956, -18.9047437, 1374.8 ], [ 47.8952649, -18.9048147, 1375.0 ], [ 47.8950879, -18.904868, 1375.2 ], [ 47.8948921, -18.904934, 1374.5 ], [ 47.8946668, -18.9049949, 1373.8 ], [ 47.8945112, -18.9050406, 1373.2 ], [ 47.894353, -18.9050812, 1372.2 ], [ 47.8943074, -18.9050888, 1372.0 ], [ 47.8942698, -18.9050863, 1371.8 ], [ 47.8942028, -18.9050812, 1371.5 ], [ 47.8940552, -18.9050837, 1371.0 ], [ 47.8938782, -18.9050786, 1370.5 ], [ 47.8937656, -18.9050863, 1370.0 ], [ 47.8937119, -18.9050888, 1369.8 ], [ 47.8936395, -18.9051066, 1369.0 ], [ 47.893602, -18.9051116, 1368.8 ], [ 47.8935698, -18.9051294, 1368.2 ], [ 47.8935322, -18.9051497, 1367.8 ], [ 47.8934759, -18.9052004, 1366.8 ], [ 47.8934169, -18.905274, 1365.5 ], [ 47.8933311, -18.9053984, 1363.5 ], [ 47.8931835, -18.9055811, 1360.5 ], [ 47.8930146, -18.9057739, 1357.8 ], [ 47.8928804, -18.9059363, 1356.8 ], [ 47.8928134, -18.9060632, 1356.5 ], [ 47.8927892, -18.9062028, 1357.0 ], [ 47.8927892, -18.9063829, 1358.2 ], [ 47.8928563, -18.9066037, 1359.2 ], [ 47.8930306, -18.9070249, 1361.0 ], [ 47.8930977, -18.9071645, 1361.2 ], [ 47.8931111, -18.907266, 1361.5 ], [ 47.8930923, -18.9073573, 1361.8 ], [ 47.8929716, -18.9077075, 1362.8 ], [ 47.8929743, -18.9078369, 1362.8 ], [ 47.8929716, -18.9079739, 1362.9 ], [ 47.8929931, -18.9081338, 1363.0 ], [ 47.8929824, -18.9083013, 1363.2 ], [ 47.8929475, -18.9083875, 1363.2 ], [ 47.8928483, -18.908451, 1362.5 ], [ 47.89269, -18.9084916, 1361.0 ], [ 47.8925693, -18.9085271, 1359.8 ], [ 47.8925022, -18.9085753, 1358.8 ], [ 47.8924137, -18.9086438, 1357.5 ], [ 47.8923279, -18.9087225, 1356.2 ], [ 47.8922367, -18.9088341, 1354.8 ], [ 47.8919363, -18.9092528, 1352.0 ], [ 47.8918505, -18.9094, 1351.9 ], [ 47.8918236, -18.9094685, 1351.9 ], [ 47.8918102, -18.9095015, 1351.8 ], [ 47.8918049, -18.9095294, 1351.8 ], [ 47.8918022, -18.9095675, 1351.8 ], [ 47.8918183, -18.9096385, 1351.8 ], [ 47.8918371, -18.9097045, 1352.0 ], [ 47.89188, -18.909773, 1352.1 ], [ 47.8919283, -18.9098314, 1352.1 ], [ 47.8919739, -18.909877, 1352.2 ], [ 47.8920275, -18.9099151, 1352.2 ], [ 47.8921375, -18.9099734, 1352.5 ], [ 47.8923252, -18.9100521, 1353.2 ], [ 47.8924888, -18.9101308, 1355.2 ], [ 47.8925398, -18.9101612, 1355.8 ], [ 47.8925774, -18.9102018, 1356.2 ], [ 47.8926229, -18.9102576, 1356.3 ], [ 47.8926337, -18.9102779, 1356.3 ], [ 47.8926525, -18.9103693, 1356.4 ], [ 47.8926551, -18.9104784, 1356.5 ], [ 47.8926471, -18.9106941, 1356.5 ], [ 47.8926042, -18.9111229, 1356.4 ], [ 47.8925774, -18.9112041, 1356.4 ], [ 47.8925639, -18.9112878, 1356.4 ], [ 47.8925505, -18.9113716, 1356.4 ], [ 47.8925478, -18.911468, 1356.3 ], [ 47.8925639, -18.9115492, 1356.3 ], [ 47.8925934, -18.9116304, 1356.3 ], [ 47.8926203, -18.9116964, 1356.3 ], [ 47.8926551, -18.9117674, 1356.3 ], [ 47.8927571, -18.91194, 1356.2 ], [ 47.8930333, -18.9124551, 1354.8 ], [ 47.8932157, -18.9127291, 1354.3 ], [ 47.8933793, -18.9129346, 1354.0 ], [ 47.8934142, -18.9129803, 1354.2 ], [ 47.8935805, -18.9132213, 1355.5 ], [ 47.8936154, -18.9132721, 1355.6 ], [ 47.8936315, -18.9133051, 1355.6 ], [ 47.8936395, -18.9133457, 1355.7 ], [ 47.8936476, -18.9133812, 1355.7 ], [ 47.8936476, -18.9134193, 1355.8 ], [ 47.8936422, -18.9134649, 1356.0 ], [ 47.8936341, -18.9135005, 1356.1 ], [ 47.893618, -18.9135334, 1356.2 ], [ 47.8935564, -18.9136349, 1356.3 ], [ 47.8935161, -18.9136832, 1356.3 ], [ 47.8934786, -18.9137161, 1356.4 ], [ 47.8934491, -18.9137339, 1356.4 ], [ 47.8934088, -18.9137542, 1356.4 ], [ 47.8933471, -18.9137694, 1356.4 ], [ 47.8933015, -18.9137694, 1356.4 ], [ 47.893264, -18.9137669, 1356.4 ], [ 47.8931433, -18.9137339, 1356.5 ], [ 47.8929958, -18.9136654, 1356.8 ], [ 47.8927839, -18.9135563, 1357.8 ], [ 47.8926766, -18.913503, 1358.5 ], [ 47.8925747, -18.9134675, 1359.5 ], [ 47.8924862, -18.9134599, 1361.0 ], [ 47.8924593, -18.9134649, 1361.5 ], [ 47.8924352, -18.9134726, 1362.0 ], [ 47.8924111, -18.9134802, 1362.5 ], [ 47.8923815, -18.9134954, 1363.0 ], [ 47.8923467, -18.9135208, 1363.8 ], [ 47.8923091, -18.9135512, 1364.5 ], [ 47.8922635, -18.9135918, 1365.2 ], [ 47.8921884, -18.9136984, 1366.5 ], [ 47.8921375, -18.9137923, 1367.2 ], [ 47.8920999, -18.913876, 1367.8 ], [ 47.8920677, -18.913975, 1368.0 ], [ 47.8920463, -18.9140942, 1368.2 ], [ 47.8920329, -18.9142972, 1367.5 ], [ 47.8920382, -18.9144012, 1366.8 ], [ 47.8920543, -18.914518, 1365.8 ], [ 47.8920892, -18.9146169, 1364.8 ], [ 47.8921965, -18.9148123, 1363.2 ], [ 47.8922555, -18.9149214, 1363.1 ], [ 47.8923038, -18.9150204, 1363.0 ], [ 47.892344, -18.915099, 1363.2 ], [ 47.8923494, -18.915165, 1363.5 ], [ 47.8923413, -18.915236, 1364.0 ], [ 47.8923199, -18.9153147, 1364.8 ], [ 47.892293, -18.9153756, 1365.2 ], [ 47.8922716, -18.9154086, 1365.5 ], [ 47.8922394, -18.9154466, 1366.0 ], [ 47.892167, -18.9155126, 1366.8 ], [ 47.8921241, -18.9155405, 1367.0 ], [ 47.8920624, -18.9155634, 1367.1 ], [ 47.891998, -18.915571, 1367.2 ], [ 47.8918612, -18.9155862, 1366.8 ], [ 47.8916922, -18.9155913, 1366.0 ], [ 47.8915232, -18.9155836, 1365.5 ], [ 47.8914294, -18.9155887, 1365.0 ], [ 47.8913328, -18.915609, 1364.2 ], [ 47.8912684, -18.9156344, 1363.8 ], [ 47.8912121, -18.9156851, 1363.7 ], [ 47.8911772, -18.9157257, 1363.6 ], [ 47.891137, -18.9157943, 1363.5 ], [ 47.8910834, -18.9159643, 1363.8 ], [ 47.891019, -18.916185, 1363.5 ], [ 47.8909707, -18.9164058, 1363.8 ], [ 47.8909546, -18.9164895, 1364.0 ], [ 47.8909492, -18.9165884, 1364.2 ], [ 47.8909707, -18.9167559, 1364.4 ], [ 47.8909707, -18.9168498, 1364.5 ], [ 47.8909653, -18.9169513, 1364.7 ], [ 47.8909546, -18.9169944, 1364.7 ], [ 47.8909466, -18.9170401, 1364.8 ], [ 47.8909251, -18.9170807, 1364.5 ], [ 47.890901, -18.9171162, 1364.2 ], [ 47.8908715, -18.9171593, 1364.0 ], [ 47.8908232, -18.9171949, 1363.8 ], [ 47.8907883, -18.9172152, 1363.5 ], [ 47.8907374, -18.9172279, 1363.4 ], [ 47.8906354, -18.9172583, 1363.2 ], [ 47.890512, -18.9172938, 1363.5 ], [ 47.8904182, -18.9173141, 1364.0 ], [ 47.8903806, -18.9173344, 1364.2 ], [ 47.8903431, -18.9173598, 1364.5 ], [ 47.8902894, -18.9174182, 1364.8 ], [ 47.8902411, -18.9174765, 1365.0 ], [ 47.8901714, -18.9175729, 1365.2 ], [ 47.89004, -18.917748, 1365.8 ], [ 47.8898764, -18.9179688, 1366.8 ], [ 47.889753, -18.9181388, 1368.2 ], [ 47.8896484, -18.918291, 1369.5 ], [ 47.8895625, -18.9184255, 1370.2 ], [ 47.8895169, -18.918494, 1370.4 ], [ 47.8894767, -18.9186056, 1370.5 ], [ 47.889466, -18.9186716, 1370.2 ], [ 47.8894687, -18.9187807, 1369.8 ], [ 47.8894714, -18.9188746, 1369.2 ], [ 47.8894848, -18.9189761, 1368.8 ], [ 47.8895169, -18.9191816, 1368.6 ], [ 47.8895357, -18.9192526, 1368.5 ], [ 47.8895518, -18.9193313, 1368.2 ], [ 47.8895599, -18.9194049, 1368.0 ], [ 47.8895625, -18.9194404, 1367.8 ], [ 47.8895652, -18.9194835, 1367.5 ], [ 47.8895599, -18.9195343, 1367.2 ], [ 47.8895572, -18.9195926, 1367.0 ], [ 47.8895465, -18.9196561, 1366.9 ], [ 47.8895196, -18.9197271, 1366.8 ], [ 47.8894633, -18.9198514, 1366.5 ], [ 47.8894016, -18.9199758, 1366.0 ], [ 47.8893185, -18.9201255, 1365.5 ], [ 47.8891897, -18.9203284, 1365.4 ], [ 47.8889912, -18.9206278, 1365.3 ], [ 47.8889269, -18.9207319, 1365.3 ], [ 47.8888625, -18.9208511, 1365.2 ], [ 47.8887901, -18.9209856, 1365.8 ], [ 47.8887284, -18.9211378, 1366.0 ], [ 47.8886613, -18.9213028, 1366.1 ], [ 47.8886211, -18.9214855, 1366.1 ], [ 47.8885916, -18.9217163, 1366.2 ], [ 47.8885809, -18.9217722, 1366.2 ], [ 47.8885594, -18.9218407, 1366.5 ], [ 47.8885058, -18.9219751, 1367.0 ], [ 47.8884548, -18.9221172, 1367.5 ], [ 47.8883502, -18.922338, 1367.8 ], [ 47.8882053, -18.9226729, 1367.5 ], [ 47.8881705, -18.922749, 1368.0 ], [ 47.8881463, -18.9228124, 1368.2 ], [ 47.8881329, -18.9228886, 1368.5 ], [ 47.8881142, -18.9230002, 1368.2 ], [ 47.8881088, -18.923056, 1368.0 ], [ 47.8881034, -18.9231448, 1367.9 ], [ 47.8881142, -18.9232514, 1367.8 ], [ 47.8881329, -18.9233478, 1367.8 ], [ 47.8881973, -18.9235787, 1367.0 ], [ 47.8882322, -18.9236827, 1366.5 ], [ 47.8882509, -18.9238096, 1366.0 ], [ 47.8882617, -18.9238578, 1365.8 ], [ 47.8882617, -18.9239238, 1365.5 ], [ 47.8882429, -18.9240684, 1365.4 ], [ 47.8882241, -18.92418, 1365.3 ], [ 47.8881893, -18.9243069, 1365.2 ], [ 47.8880873, -18.9245936, 1365.5 ], [ 47.8879908, -18.9248524, 1366.8 ], [ 47.8878996, -18.9250985, 1367.5 ], [ 47.8878111, -18.925337, 1368.2 ], [ 47.8877494, -18.9254512, 1368.8 ], [ 47.8877199, -18.9254994, 1369.0 ], [ 47.8876984, -18.9255222, 1369.2 ], [ 47.8876743, -18.9255374, 1369.5 ], [ 47.8876126, -18.9255806, 1370.0 ], [ 47.8875563, -18.925611, 1370.2 ], [ 47.8874463, -18.9256668, 1371.2 ], [ 47.8873041, -18.9257201, 1372.8 ], [ 47.8871512, -18.9257683, 1374.0 ], [ 47.8870064, -18.9258368, 1375.0 ], [ 47.8868482, -18.9259307, 1376.5 ], [ 47.8867918, -18.9259688, 1376.7 ], [ 47.8867704, -18.9259865, 1376.8 ], [ 47.8867435, -18.9260246, 1377.0 ], [ 47.886714, -18.9260829, 1376.8 ], [ 47.8866926, -18.9261387, 1376.5 ], [ 47.8866765, -18.926192, 1376.2 ], [ 47.8866524, -18.9262681, 1376.0 ], [ 47.8866363, -18.9263544, 1375.5 ], [ 47.8865799, -18.9266005, 1374.7 ], [ 47.8865397, -18.9267274, 1374.2 ], [ 47.8864914, -18.9268162, 1374.3 ], [ 47.8864485, -18.9268821, 1374.4 ], [ 47.886427, -18.9269151, 1374.5 ], [ 47.8863975, -18.9269506, 1374.5 ], [ 47.8863144, -18.9270192, 1375.0 ], [ 47.8862125, -18.9270902, 1375.5 ], [ 47.8860757, -18.9271663, 1375.8 ], [ 47.8859577, -18.927245, 1375.5 ], [ 47.8858182, -18.9273287, 1375.2 ], [ 47.8857404, -18.9273769, 1375.0 ], [ 47.8856975, -18.927415, 1374.8 ], [ 47.8856626, -18.9274505, 1374.5 ], [ 47.8856331, -18.9274784, 1374.2 ], [ 47.8856009, -18.927519, 1374.0 ], [ 47.8855339, -18.9276103, 1373.5 ], [ 47.8854105, -18.9277575, 1373.1 ], [ 47.8852978, -18.9279122, 1372.8 ], [ 47.8851718, -18.9280645, 1373.2 ], [ 47.8850994, -18.9281406, 1373.8 ], [ 47.8850189, -18.9282142, 1374.0 ], [ 47.8848687, -18.9283182, 1373.5 ], [ 47.8846836, -18.9284298, 1372.8 ], [ 47.88452, -18.9285161, 1372.2 ], [ 47.8844127, -18.9285694, 1371.5 ], [ 47.884284, -18.9286226, 1370.5 ], [ 47.8841659, -18.9286658, 1369.8 ], [ 47.8840345, -18.9287216, 1369.0 ], [ 47.8839594, -18.9287241, 1368.5 ], [ 47.8838655, -18.9287419, 1367.7 ], [ 47.883777, -18.9287495, 1367.0 ], [ 47.8837287, -18.928752, 1366.8 ], [ 47.8835517, -18.9287419, 1366.5 ], [ 47.8833184, -18.9287267, 1367.0 ], [ 47.8831547, -18.9286835, 1367.8 ], [ 47.8829965, -18.9286379, 1368.2 ], [ 47.8828275, -18.9285846, 1369.2 ], [ 47.8827471, -18.9285643, 1369.8 ], [ 47.8827122, -18.9285618, 1370.0 ], [ 47.8826559, -18.9285643, 1370.2 ], [ 47.8825754, -18.9285643, 1370.8 ], [ 47.8824949, -18.9285846, 1371.2 ], [ 47.882342, -18.9286176, 1372.2 ], [ 47.8822508, -18.9286328, 1372.8 ], [ 47.8822026, -18.9286379, 1373.0 ], [ 47.882157, -18.9286429, 1373.2 ], [ 47.882098, -18.9286328, 1373.5 ], [ 47.8820255, -18.9286226, 1373.8 ], [ 47.8819156, -18.9285947, 1374.0 ], [ 47.8818324, -18.9285719, 1374.2 ], [ 47.8817439, -18.9285415, 1374.5 ], [ 47.8815669, -18.928473, 1375.0 ], [ 47.8814355, -18.9284222, 1375.2 ], [ 47.8814113, -18.9284146, 1375.5 ], [ 47.8813791, -18.9284146, 1375.8 ], [ 47.8813255, -18.9284171, 1376.2 ], [ 47.8812236, -18.9284197, 1377.0 ], [ 47.8810707, -18.9284146, 1377.8 ], [ 47.88095, -18.928407, 1377.8 ], [ 47.8808105, -18.9283867, 1377.9 ], [ 47.8806791, -18.9283765, 1378.0 ], [ 47.8805396, -18.9283588, 1377.8 ], [ 47.8804028, -18.9283436, 1377.6 ], [ 47.8803411, -18.9283334, 1377.6 ], [ 47.8802741, -18.9283309, 1377.5 ], [ 47.880207, -18.9283156, 1377.2 ], [ 47.880148, -18.9282979, 1377.0 ], [ 47.8800675, -18.9282751, 1376.5 ], [ 47.8799924, -18.9282446, 1376.0 ], [ 47.8799146, -18.9282167, 1375.8 ], [ 47.8796947, -18.9281228, 1375.0 ], [ 47.8792897, -18.9279554, 1375.5 ], [ 47.8788847, -18.9277803, 1379.0 ], [ 47.8787076, -18.9277194, 1381.5 ], [ 47.8785548, -18.9276408, 1382.1 ], [ 47.8784233, -18.927415, 1383.0 ], [ 47.878359, -18.9272881, 1382.8 ], [ 47.8782919, -18.9271511, 1382.5 ], [ 47.8782222, -18.9270445, 1382.4 ], [ 47.8781685, -18.9269811, 1382.4 ], [ 47.8781068, -18.9269202, 1382.3 ], [ 47.8780425, -18.9268771, 1382.2 ], [ 47.8779486, -18.9268314, 1382.5 ], [ 47.8778923, -18.9268086, 1382.8 ], [ 47.8778332, -18.9267883, 1382.9 ], [ 47.877793, -18.926773, 1383.0 ], [ 47.8777179, -18.9267604, 1383.2 ], [ 47.8776374, -18.9267477, 1383.5 ], [ 47.8775355, -18.926735, 1384.0 ], [ 47.8774202, -18.9267198, 1384.5 ], [ 47.8772914, -18.9267096, 1385.2 ], [ 47.8771949, -18.9267045, 1386.2 ], [ 47.8770849, -18.926702, 1387.5 ], [ 47.8769106, -18.9267045, 1389.2 ], [ 47.8767255, -18.9267096, 1390.5 ], [ 47.8765833, -18.9267172, 1391.2 ], [ 47.8764224, -18.9267274, 1392.0 ], [ 47.8762186, -18.9267426, 1393.0 ], [ 47.876012, -18.9267553, 1394.0 ], [ 47.8758886, -18.9267629, 1394.3 ], [ 47.8758082, -18.9267832, 1394.5 ], [ 47.8757411, -18.926806, 1394.8 ], [ 47.8756955, -18.9268289, 1395.0 ], [ 47.8756177, -18.9268745, 1395.8 ], [ 47.8754836, -18.9269557, 1397.5 ], [ 47.8753763, -18.9270293, 1399.2 ], [ 47.8752905, -18.9270877, 1400.5 ], [ 47.8752396, -18.9271105, 1401.0 ], [ 47.8751886, -18.9271308, 1401.5 ], [ 47.8751403, -18.9271359, 1401.8 ], [ 47.8750893, -18.9271435, 1401.9 ], [ 47.8750545, -18.9271409, 1401.9 ], [ 47.8750196, -18.9271435, 1402.0 ], [ 47.8746146, -18.9271511, 1403.2 ], [ 47.8744724, -18.9271511, 1403.8 ], [ 47.8739521, -18.9271562, 1405.4 ], [ 47.8738287, -18.9271562, 1405.8 ], [ 47.8735739, -18.9271587, 1406.0 ], [ 47.8732815, -18.9271562, 1407.2 ], [ 47.8731152, -18.9271638, 1408.0 ], [ 47.8728873, -18.9271714, 1408.5 ], [ 47.8728148, -18.9271841, 1409.0 ], [ 47.8727424, -18.9272094, 1409.8 ], [ 47.8726995, -18.9272272, 1410.2 ], [ 47.8726646, -18.92725, 1411.0 ], [ 47.872619, -18.927283, 1412.0 ], [ 47.8725547, -18.9273414, 1413.5 ], [ 47.8724849, -18.9273947, 1414.5 ], [ 47.8724152, -18.9274429, 1415.5 ], [ 47.8723723, -18.9274657, 1416.0 ], [ 47.8723294, -18.9274784, 1416.2 ], [ 47.8722596, -18.9274911, 1416.3 ], [ 47.8721952, -18.9274936, 1416.3 ], [ 47.872147, -18.9274936, 1416.4 ], [ 47.872096, -18.9274911, 1416.4 ], [ 47.8720102, -18.9274758, 1416.4 ], [ 47.8719243, -18.9274505, 1416.5 ], [ 47.8718117, -18.9274124, 1416.8 ], [ 47.8715596, -18.9273084, 1416.2 ], [ 47.8714979, -18.927283, 1416.0 ], [ 47.8714442, -18.9272576, 1415.9 ], [ 47.8713799, -18.9272348, 1415.8 ], [ 47.8713021, -18.9272247, 1416.0 ], [ 47.8712162, -18.9272247, 1416.8 ], [ 47.8711277, -18.9272323, 1417.8 ], [ 47.8710151, -18.9272399, 1419.0 ], [ 47.870881, -18.9272576, 1420.2 ], [ 47.8705135, -18.9272779, 1421.5 ], [ 47.8702345, -18.9273135, 1421.8 ], [ 47.8698778, -18.9273338, 1421.0 ], [ 47.8695264, -18.9272475, 1419.0 ], [ 47.8694192, -18.9271815, 1418.2 ], [ 47.8690115, -18.9269278, 1415.0 ], [ 47.8685474, -18.9267096, 1411.8 ], [ 47.8680459, -18.9265422, 1410.2 ], [ 47.8676006, -18.9265016, 1412.5 ], [ 47.8674504, -18.9264889, 1414.0 ], [ 47.867083, -18.9264534, 1417.8 ], [ 47.8668818, -18.9264381, 1419.0 ], [ 47.8666833, -18.9264051, 1420.0 ], [ 47.8665251, -18.9263874, 1420.1 ], [ 47.86645, -18.9263849, 1420.2 ], [ 47.8663588, -18.9263722, 1420.2 ], [ 47.8662783, -18.9263544, 1420.3 ], [ 47.86623, -18.9263366, 1420.3 ], [ 47.8661817, -18.926324, 1420.4 ], [ 47.8661066, -18.9262834, 1420.4 ], [ 47.8660557, -18.926258, 1420.5 ], [ 47.8660074, -18.926225, 1420.5 ], [ 47.8659591, -18.926187, 1420.8 ], [ 47.8659081, -18.9261489, 1421.0 ], [ 47.8658706, -18.9261058, 1421.5 ], [ 47.865833, -18.9260626, 1422.0 ], [ 47.8657982, -18.926017, 1422.5 ], [ 47.8657231, -18.925918, 1423.2 ], [ 47.865656, -18.9258191, 1424.0 ], [ 47.8655863, -18.9257074, 1424.8 ], [ 47.8654602, -18.9255197, 1425.5 ], [ 47.8653261, -18.9253243, 1425.8 ], [ 47.8652403, -18.9252101, 1426.0 ], [ 47.8651625, -18.9250833, 1426.5 ], [ 47.865082, -18.9249589, 1426.8 ], [ 47.865015, -18.92486, 1426.7 ], [ 47.8649479, -18.9247585, 1426.6 ], [ 47.8648862, -18.9246595, 1426.5 ], [ 47.8648272, -18.9245403, 1426.6 ], [ 47.8647682, -18.9244261, 1426.7 ], [ 47.8647146, -18.9243043, 1426.8 ], [ 47.864669, -18.9241927, 1427.0 ], [ 47.8645751, -18.9239542, 1428.0 ], [ 47.8645429, -18.9238705, 1428.1 ], [ 47.8645241, -18.9238147, 1428.1 ], [ 47.8644758, -18.9237233, 1428.2 ], [ 47.8644276, -18.923632, 1428.5 ], [ 47.8643686, -18.9235432, 1428.6 ], [ 47.8643095, -18.9234747, 1428.8 ], [ 47.8642237, -18.9233833, 1428.5 ], [ 47.8641272, -18.9232945, 1428.4 ], [ 47.8640547, -18.9232336, 1428.2 ], [ 47.8639501, -18.9231702, 1428.3 ], [ 47.8638723, -18.9231347, 1428.3 ], [ 47.8638026, -18.9230966, 1428.3 ], [ 47.8637087, -18.9230611, 1428.3 ], [ 47.8635827, -18.923023, 1428.3 ], [ 47.8634673, -18.9230002, 1428.3 ], [ 47.8633869, -18.92299, 1428.4 ], [ 47.8632313, -18.9229824, 1428.4 ], [ 47.8631482, -18.922985, 1428.4 ], [ 47.8630248, -18.9229977, 1428.4 ], [ 47.8629389, -18.9230154, 1428.4 ], [ 47.8628477, -18.9230433, 1428.4 ], [ 47.862719, -18.9230839, 1428.5 ], [ 47.8626037, -18.923122, 1428.5 ], [ 47.8624159, -18.923193, 1428.5 ], [ 47.8621933, -18.9232717, 1428.8 ], [ 47.8620592, -18.9233224, 1428.5 ], [ 47.8619331, -18.9233656, 1428.4 ], [ 47.8617856, -18.9234112, 1428.4 ], [ 47.8615952, -18.9234823, 1428.2 ], [ 47.8615227, -18.9235127, 1428.0 ], [ 47.861461, -18.9235432, 1427.8 ], [ 47.8613806, -18.9235888, 1427.2 ], [ 47.8613189, -18.9236396, 1427.0 ], [ 47.8612357, -18.9237055, 1426.8 ], [ 47.8611419, -18.9237867, 1426.5 ], [ 47.8610694, -18.9238654, 1426.4 ], [ 47.8610051, -18.9239517, 1426.2 ], [ 47.8608629, -18.924114, 1426.0 ], [ 47.8607637, -18.9242206, 1426.2 ], [ 47.8606725, -18.9242993, 1426.5 ], [ 47.8605571, -18.9243703, 1426.2 ], [ 47.860423, -18.9244439, 1425.8 ], [ 47.8602836, -18.9245099, 1424.8 ], [ 47.8602031, -18.9245378, 1423.8 ], [ 47.8601199, -18.9245581, 1422.8 ], [ 47.8599697, -18.9245936, 1420.8 ], [ 47.8597847, -18.924624, 1418.0 ], [ 47.8596023, -18.9246494, 1415.8 ], [ 47.8594413, -18.9246697, 1414.2 ], [ 47.8593287, -18.9246773, 1413.5 ], [ 47.8591812, -18.9246849, 1412.2 ], [ 47.8590041, -18.9246976, 1410.8 ], [ 47.858685, -18.9247154, 1409.9 ], [ 47.8585562, -18.9247179, 1409.5 ], [ 47.8583792, -18.9247154, 1409.2 ], [ 47.858229, -18.9247078, 1408.8 ], [ 47.8580761, -18.9246875, 1408.2 ], [ 47.85795, -18.9246672, 1408.0 ], [ 47.8578508, -18.9246443, 1407.8 ], [ 47.8577515, -18.924619, 1407.2 ], [ 47.8574216, -18.9245479, 1406.2 ], [ 47.857309, -18.9245378, 1405.8 ], [ 47.8572017, -18.9245327, 1404.8 ], [ 47.857089, -18.9245378, 1403.5 ], [ 47.8569952, -18.9245479, 1402.5 ], [ 47.8568879, -18.9245707, 1401.5 ], [ 47.8567699, -18.9246012, 1400.8 ], [ 47.8566384, -18.9246469, 1400.0 ], [ 47.8564185, -18.9247255, 1399.0 ], [ 47.8560135, -18.9248828, 1398.8 ], [ 47.8558686, -18.9249488, 1399.5 ], [ 47.8558016, -18.9249843, 1399.8 ], [ 47.8557265, -18.92503, 1400.0 ], [ 47.8556594, -18.9250706, 1400.2 ], [ 47.8555897, -18.9251213, 1400.5 ], [ 47.855477, -18.9252101, 1400.8 ], [ 47.8551713, -18.9253522, 1401.8 ], [ 47.8549084, -18.9253725, 1402.2 ], [ 47.8547931, -18.9253446, 1402.0 ], [ 47.8546643, -18.9252888, 1401.9 ], [ 47.8546053, -18.9252431, 1401.8 ], [ 47.8545624, -18.9252127, 1401.8 ], [ 47.8545222, -18.9251721, 1401.8 ], [ 47.8544471, -18.9250883, 1401.2 ], [ 47.8543586, -18.9249767, 1400.2 ], [ 47.85427, -18.9248701, 1399.5 ], [ 47.854203, -18.9247966, 1398.8 ], [ 47.854144, -18.9247484, 1398.0 ], [ 47.8540555, -18.9246951, 1397.0 ], [ 47.8540152, -18.9246697, 1396.5 ], [ 47.8539589, -18.9246418, 1396.0 ], [ 47.8538489, -18.9246063, 1395.2 ], [ 47.8537604, -18.9245885, 1394.8 ], [ 47.8537148, -18.9245834, 1394.5 ], [ 47.8536612, -18.924586, 1394.2 ], [ 47.8535593, -18.9245987, 1394.0 ], [ 47.8534546, -18.924624, 1393.8 ], [ 47.8533608, -18.9246443, 1393.6 ], [ 47.8532803, -18.9246722, 1393.5 ], [ 47.8531972, -18.9247027, 1393.2 ], [ 47.8530684, -18.9247585, 1392.8 ], [ 47.8529102, -18.9248245, 1392.2 ], [ 47.8527626, -18.9248904, 1391.5 ], [ 47.8524917, -18.9250021, 1389.5 ], [ 47.8522128, -18.9251162, 1388.2 ], [ 47.8521001, -18.9251518, 1387.8 ], [ 47.8520116, -18.9251721, 1388.0 ], [ 47.8519312, -18.9251848, 1388.2 ], [ 47.8518507, -18.9251898, 1388.5 ], [ 47.8517944, -18.9251848, 1388.8 ], [ 47.851738, -18.9251797, 1389.1 ], [ 47.8517032, -18.9251746, 1389.3 ], [ 47.8516656, -18.9251645, 1389.5 ], [ 47.8516281, -18.9251568, 1389.8 ], [ 47.8515932, -18.9251442, 1390.0 ], [ 47.8515583, -18.9251315, 1388.8 ], [ 47.8515261, -18.9251137, 1389.0 ], [ 47.8514698, -18.9250833, 1389.8 ], [ 47.8514162, -18.9250274, 1390.5 ], [ 47.8513652, -18.9249742, 1391.2 ], [ 47.8513357, -18.9249412, 1391.8 ], [ 47.8513062, -18.9249031, 1392.2 ], [ 47.8512606, -18.9248219, 1393.0 ], [ 47.851215, -18.9247382, 1393.8 ], [ 47.8511345, -18.9245834, 1394.1 ], [ 47.8509602, -18.924213, 1395.0 ], [ 47.8509119, -18.9241394, 1395.2 ], [ 47.8508636, -18.924076, 1395.5 ], [ 47.8508073, -18.9240126, 1395.8 ], [ 47.8507563, -18.9239669, 1396.0 ], [ 47.8506947, -18.9239085, 1396.2 ], [ 47.8506249, -18.9238603, 1396.5 ], [ 47.8505284, -18.9238045, 1397.0 ], [ 47.8504479, -18.9237715, 1397.8 ], [ 47.8503674, -18.9237436, 1398.5 ], [ 47.8503084, -18.9237284, 1399.0 ], [ 47.8502226, -18.9237157, 1399.8 ], [ 47.8501394, -18.9237005, 1400.2 ], [ 47.8500509, -18.9236878, 1401.0 ], [ 47.8498927, -18.923665, 1402.8 ], [ 47.8495976, -18.9236091, 1405.2 ], [ 47.8494662, -18.9235863, 1406.0 ], [ 47.8493294, -18.9235508, 1406.2 ], [ 47.8490156, -18.9234747, 1406.8 ], [ 47.8487447, -18.9234391, 1406.5 ], [ 47.8486079, -18.9234341, 1406.2 ], [ 47.8484523, -18.9234417, 1405.8 ], [ 47.8483263, -18.9234645, 1405.5 ], [ 47.848227, -18.9234924, 1405.2 ], [ 47.8481412, -18.9235356, 1405.1 ], [ 47.8480527, -18.9235838, 1405.0 ], [ 47.8479615, -18.9236421, 1405.2 ], [ 47.8478488, -18.9237157, 1405.3 ], [ 47.8476664, -18.9238933, 1405.5 ], [ 47.8474787, -18.9240887, 1406.0 ], [ 47.8472883, -18.9242384, 1406.2 ], [ 47.8472024, -18.9242891, 1406.0 ], [ 47.8471085, -18.9243348, 1405.5 ], [ 47.8470173, -18.9243703, 1405.0 ], [ 47.8469288, -18.9243957, 1404.9 ], [ 47.8468511, -18.9244033, 1404.9 ], [ 47.8467706, -18.9244058, 1404.8 ], [ 47.8467196, -18.9243982, 1404.8 ], [ 47.8466552, -18.924383, 1404.5 ], [ 47.8465641, -18.9243551, 1404.0 ], [ 47.8464809, -18.9243272, 1403.8 ], [ 47.8463978, -18.9242942, 1403.7 ], [ 47.8462744, -18.9242434, 1403.6 ], [ 47.846151, -18.9241927, 1403.5 ], [ 47.8456709, -18.923977, 1405.2 ], [ 47.8455529, -18.9239212, 1406.2 ], [ 47.8453732, -18.9238476, 1407.5 ], [ 47.8450915, -18.9237208, 1409.5 ], [ 47.8448126, -18.9235939, 1411.2 ], [ 47.8447348, -18.9235432, 1412.0 ], [ 47.8446624, -18.9234797, 1413.0 ], [ 47.8446221, -18.923429, 1413.8 ], [ 47.8445953, -18.9233782, 1414.5 ], [ 47.8445524, -18.9232666, 1415.8 ], [ 47.84448, -18.9230712, 1417.5 ], [ 47.8444424, -18.9229723, 1418.2 ], [ 47.8443915, -18.9228657, 1418.5 ], [ 47.8443217, -18.9227541, 1418.8 ], [ 47.84426, -18.9226805, 1418.5 ], [ 47.8442064, -18.9226323, 1418.2 ], [ 47.8441367, -18.9225866, 1418.0 ], [ 47.8440642, -18.9225587, 1417.8 ], [ 47.8439891, -18.9225283, 1417.6 ], [ 47.8438979, -18.9225029, 1417.5 ], [ 47.8438228, -18.9224978, 1417.8 ], [ 47.8437397, -18.9225004, 1418.2 ], [ 47.8436512, -18.922513, 1418.8 ], [ 47.8435063, -18.9225511, 1419.8 ], [ 47.8434339, -18.9225613, 1420.5 ], [ 47.8433239, -18.9225613, 1421.5 ], [ 47.8432542, -18.9225917, 1422.5 ], [ 47.843222, -18.9225587, 1422.8 ], [ 47.8431255, -18.922541, 1424.2 ], [ 47.8430396, -18.9225105, 1426.0 ], [ 47.8428894, -18.9224598, 1429.5 ], [ 47.8427097, -18.9223887, 1434.2 ], [ 47.8425676, -18.922338, 1438.5 ], [ 47.84242, -18.9223025, 1443.5 ], [ 47.8423101, -18.9222796, 1447.2 ], [ 47.8422001, -18.9222568, 1451.5 ], [ 47.8420499, -18.9222162, 1457.2 ], [ 47.8420043, -18.9221933, 1458.8 ], [ 47.8419399, -18.9221528, 1460.5 ], [ 47.8418943, -18.9221071, 1461.8 ], [ 47.8418729, -18.9220563, 1462.0 ], [ 47.8418595, -18.9220056, 1462.2 ], [ 47.8418487, -18.9219295, 1462.0 ], [ 47.8418595, -18.9218635, 1461.2 ], [ 47.8418729, -18.9218128, 1460.5 ], [ 47.8418943, -18.9217519, 1459.2 ], [ 47.8419131, -18.9217189, 1458.5 ], [ 47.8419292, -18.9216834, 1457.8 ], [ 47.8419399, -18.9216478, 1457.0 ], [ 47.8419694, -18.9215971, 1455.5 ], [ 47.8420365, -18.9214677, 1452.0 ], [ 47.842133, -18.9212596, 1447.5 ], [ 47.8421572, -18.9211962, 1446.2 ], [ 47.842176, -18.9211201, 1445.2 ], [ 47.8421786, -18.9210668, 1445.0 ], [ 47.8421706, -18.9210237, 1445.2 ], [ 47.842133, -18.9209349, 1446.8 ], [ 47.8421009, -18.920879, 1448.0 ], [ 47.8420338, -18.9207852, 1450.8 ], [ 47.8419775, -18.9207243, 1453.0 ], [ 47.8419185, -18.9206684, 1455.2 ], [ 47.8418595, -18.9205999, 1457.5 ], [ 47.8418192, -18.920539, 1459.2 ], [ 47.8417736, -18.9204756, 1461.2 ], [ 47.8417361, -18.9203944, 1463.2 ], [ 47.8416878, -18.9202879, 1465.5 ], [ 47.8416342, -18.9201305, 1468.0 ], [ 47.8416154, -18.9200265, 1469.0 ], [ 47.8416073, -18.9199428, 1469.3 ], [ 47.8416127, -18.919892, 1469.5 ], [ 47.8416207, -18.919854, 1469.2 ], [ 47.8416315, -18.9198235, 1469.0 ], [ 47.8416449, -18.9197905, 1468.8 ], [ 47.8416583, -18.9197677, 1468.2 ], [ 47.8416824, -18.9197296, 1467.8 ], [ 47.8417119, -18.9196916, 1467.0 ], [ 47.8417709, -18.9196205, 1465.5 ], [ 47.8418273, -18.9195596, 1464.2 ], [ 47.8419319, -18.9194455, 1462.0 ], [ 47.8420392, -18.9193135, 1460.0 ], [ 47.8421545, -18.9191435, 1458.8 ], [ 47.8422001, -18.9190649, 1458.5 ], [ 47.8422403, -18.9189761, 1458.2 ], [ 47.8422886, -18.918867, 1458.2 ], [ 47.8423047, -18.9188289, 1458.2 ], [ 47.8423208, -18.9187934, 1458.1 ], [ 47.8423423, -18.9187097, 1458.1 ], [ 47.8423476, -18.918664, 1458.1 ], [ 47.8423476, -18.918631, 1458.0 ], [ 47.8423423, -18.9185447, 1458.0 ], [ 47.8422645, -18.9183595, 1457.0 ], [ 47.8420714, -18.9182326, 1454.2 ], [ 47.8418434, -18.9181844, 1450.5 ], [ 47.8413793, -18.9182149, 1445.0 ], [ 47.8412077, -18.9182859, 1444.8 ], [ 47.8410012, -18.9185422, 1451.2 ], [ 47.8407437, -18.9187401, 1453.8 ], [ 47.8405881, -18.9187553, 1452.0 ], [ 47.8402555, -18.9186919, 1445.0 ], [ 47.8401348, -18.9187401, 1445.5 ], [ 47.839821, -18.9191334, 1457.8 ], [ 47.8396279, -18.9192146, 1459.0 ], [ 47.8394911, -18.9191943, 1457.5 ], [ 47.8393006, -18.9189786, 1451.0 ], [ 47.83907, -18.9186107, 1441.8 ], [ 47.8387696, -18.9184077, 1439.8 ], [ 47.8384531, -18.9181032, 1436.0 ], [ 47.838378, -18.9178013, 1431.0 ], [ 47.8384638, -18.9175044, 1425.0 ], [ 47.8384396, -18.9171593, 1418.5 ], [ 47.8383404, -18.9170198, 1416.5 ], [ 47.8379086, -18.9166519, 1410.8 ], [ 47.8377959, -18.9163677, 1407.8 ], [ 47.8378522, -18.9153908, 1406.5 ], [ 47.8379434, -18.9151904, 1406.0 ], [ 47.8382868, -18.9147209, 1400.8 ], [ 47.8383029, -18.9145129, 1399.8 ], [ 47.8382009, -18.9142947, 1398.8 ], [ 47.8380695, -18.9141932, 1399.0 ], [ 47.8377637, -18.9140714, 1398.0 ], [ 47.8375545, -18.9140409, 1397.2 ], [ 47.8373748, -18.9140714, 1396.5 ], [ 47.8370422, -18.9142566, 1395.2 ], [ 47.8369081, -18.9143682, 1395.0 ], [ 47.8365058, -18.9146981, 1394.0 ], [ 47.8359291, -18.9150635, 1390.2 ], [ 47.8356743, -18.915236, 1389.5 ], [ 47.8348401, -18.9162408, 1388.0 ], [ 47.8345156, -18.9166925, 1386.2 ], [ 47.8342581, -18.9171771, 1386.8 ], [ 47.8337726, -18.9181565, 1387.8 ], [ 47.8335553, -18.9186995, 1387.0 ], [ 47.8335205, -18.9197905, 1385.2 ], [ 47.8333113, -18.9203437, 1385.0 ], [ 47.8332469, -18.9209653, 1385.2 ], [ 47.8329894, -18.921559, 1385.8 ], [ 47.8327855, -18.9220005, 1386.5 ], [ 47.8326005, -18.9222644, 1386.8 ], [ 47.8320935, -18.922579, 1388.2 ], [ 47.8318924, -18.9228327, 1389.2 ], [ 47.8316858, -18.9236726, 1387.8 ], [ 47.8317502, -18.9240633, 1386.8 ], [ 47.8322572, -18.9253776, 1391.8 ], [ 47.832225, -18.9257049, 1392.0 ], [ 47.8321096, -18.9258825, 1393.0 ], [ 47.8310904, -18.9266107, 1401.8 ], [ 47.8307685, -18.9267274, 1404.8 ], [ 47.8304332, -18.9267629, 1409.5 ], [ 47.8303286, -18.9268238, 1410.2 ], [ 47.8302187, -18.9269811, 1409.0 ], [ 47.8299585, -18.9273388, 1407.5 ], [ 47.8298056, -18.927387, 1408.8 ], [ 47.829347, -18.9274124, 1411.8 ], [ 47.8288481, -18.9276737, 1410.2 ], [ 47.8286013, -18.9277346, 1409.8 ], [ 47.8282312, -18.9277448, 1409.0 ], [ 47.8275043, -18.927519, 1404.8 ], [ 47.8272387, -18.9275799, 1404.5 ], [ 47.8263026, -18.9279427, 1403.5 ], [ 47.8256723, -18.928237, 1399.5 ], [ 47.8254148, -18.9282674, 1399.0 ], [ 47.8247765, -18.9282421, 1400.8 ], [ 47.8244627, -18.9282979, 1402.5 ], [ 47.8241864, -18.9284273, 1403.2 ], [ 47.8237599, -18.9287571, 1404.2 ], [ 47.8234032, -18.9289525, 1403.0 ], [ 47.8230572, -18.9289271, 1400.8 ], [ 47.8225824, -18.9289804, 1397.2 ], [ 47.8218234, -18.929328, 1391.0 ], [ 47.8215364, -18.9294244, 1390.5 ], [ 47.8211743, -18.9294345, 1392.2 ], [ 47.8203696, -18.9292443, 1394.8 ], [ 47.8200665, -18.9291149, 1393.2 ], [ 47.8198573, -18.928917, 1391.8 ], [ 47.819455, -18.928374, 1390.5 ], [ 47.8191036, -18.9279021, 1390.8 ], [ 47.8188515, -18.9276331, 1391.0 ], [ 47.8181756, -18.9271841, 1389.8 ], [ 47.8179851, -18.9270115, 1389.6 ], [ 47.8178215, -18.9267807, 1389.5 ], [ 47.8177357, -18.9265092, 1389.2 ], [ 47.8177169, -18.9263569, 1389.0 ], [ 47.8174058, -18.9246621, 1386.8 ], [ 47.817328, -18.9243957, 1386.0 ], [ 47.8171268, -18.9241546, 1385.0 ], [ 47.8169927, -18.9240684, 1384.0 ], [ 47.8167218, -18.9239897, 1382.8 ], [ 47.8163946, -18.9240354, 1383.0 ], [ 47.8160807, -18.9241825, 1384.0 ], [ 47.815032, -18.9249539, 1388.0 ], [ 47.8144768, -18.9252939, 1387.8 ], [ 47.8140879, -18.9254613, 1386.2 ], [ 47.813597, -18.9255298, 1382.5 ], [ 47.8128728, -18.9259002, 1381.0 ], [ 47.8123954, -18.9261819, 1381.7 ], [ 47.8121325, -18.9263087, 1382.0 ], [ 47.811918, -18.9263519, 1381.5 ], [ 47.8117329, -18.9263493, 1380.8 ], [ 47.8115612, -18.9262884, 1380.0 ], [ 47.8113091, -18.9261362, 1379.5 ], [ 47.8110865, -18.9258038, 1379.8 ], [ 47.8104186, -18.9244616, 1382.0 ], [ 47.8103676, -18.9241978, 1382.2 ], [ 47.8103328, -18.9236954, 1381.8 ], [ 47.8103086, -18.9233859, 1381.5 ], [ 47.8102174, -18.9218026, 1382.0 ], [ 47.8102013, -18.9211277, 1381.5 ], [ 47.8104025, -18.9203843, 1379.8 ], [ 47.8104374, -18.9202777, 1379.5 ], [ 47.8107083, -18.919278, 1379.2 ], [ 47.8110141, -18.9181946, 1382.5 ], [ 47.8110087, -18.9177429, 1381.8 ], [ 47.8107727, -18.9170984, 1378.5 ], [ 47.810145, -18.9158374, 1380.5 ], [ 47.8089461, -18.9134269, 1379.5 ], [ 47.808769, -18.9130412, 1381.8 ], [ 47.8087047, -18.9127849, 1383.2 ], [ 47.8087315, -18.911331, 1388.8 ], [ 47.8086913, -18.9109123, 1389.0 ], [ 47.8082702, -18.9096867, 1387.5 ], [ 47.8075701, -18.907705, 1387.0 ], [ 47.8074038, -18.9072533, 1388.5 ], [ 47.8071517, -18.9068244, 1389.2 ], [ 47.8052098, -18.9046777, 1385.0 ], [ 47.8048423, -18.9041804, 1385.8 ], [ 47.8046733, -18.9037642, 1385.5 ], [ 47.8036889, -18.9025868, 1383.8 ], [ 47.8032464, -18.9021351, 1389.0 ], [ 47.802777, -18.9017849, 1390.0 ], [ 47.8026804, -18.901653, 1390.8 ], [ 47.8022003, -18.9008485, 1397.0 ], [ 47.8021762, -18.90027, 1401.8 ], [ 47.8020743, -18.9000289, 1403.2 ], [ 47.8010818, -18.8991737, 1406.2 ], [ 47.8006554, -18.8987829, 1409.0 ], [ 47.8005186, -18.8985977, 1410.8 ], [ 47.8005105, -18.8983287, 1412.8 ], [ 47.8007117, -18.8979887, 1412.2 ], [ 47.8008512, -18.8978085, 1412.1 ], [ 47.8008646, -18.8976156, 1412.0 ], [ 47.80065, -18.8970929, 1411.8 ], [ 47.80054, -18.8965777, 1412.5 ], [ 47.8004757, -18.8959484, 1413.5 ], [ 47.8004381, -18.89572, 1413.2 ], [ 47.8002772, -18.8939056, 1409.8 ], [ 47.8001699, -18.893634, 1409.2 ], [ 47.8000331, -18.893431, 1408.0 ], [ 47.7998346, -18.8932331, 1407.0 ], [ 47.7992579, -18.8929159, 1405.2 ], [ 47.7987215, -18.8928118, 1404.8 ], [ 47.7982146, -18.8928017, 1403.8 ], [ 47.7980429, -18.8928169, 1404.5 ], [ 47.7979249, -18.8928245, 1405.0 ], [ 47.7973455, -18.8928118, 1406.2 ], [ 47.7969351, -18.8928118, 1407.5 ], [ 47.7967528, -18.8927864, 1407.7 ], [ 47.7965757, -18.892756, 1407.9 ], [ 47.7964228, -18.8927306, 1408.0 ], [ 47.7952695, -18.8926418, 1410.2 ], [ 47.7913722, -18.8923652, 1411.0 ], [ 47.7912891, -18.8923601, 1411.0 ], [ 47.7912542, -18.892355, 1411.0 ], [ 47.7911952, -18.8923474, 1411.0 ], [ 47.7911925, -18.8923474, 1412.2 ], [ 47.7901196, -18.8922383, 1409.5 ], [ 47.7890629, -18.8921698, 1411.0 ], [ 47.7880812, -18.8921089, 1414.2 ], [ 47.7872229, -18.8920429, 1414.5 ], [ 47.7852863, -18.8918906, 1420.0 ], [ 47.7847284, -18.8918475, 1420.2 ], [ 47.7840123, -18.8917637, 1420.5 ], [ 47.7838728, -18.8917485, 1420.5 ], [ 47.7833927, -18.8916927, 1422.2 ], [ 47.7831244, -18.8916597, 1424.2 ], [ 47.7827463, -18.8916191, 1425.8 ], [ 47.7825907, -18.8916115, 1426.2 ], [ 47.7824351, -18.8916521, 1426.8 ], [ 47.7822635, -18.8916952, 1427.5 ], [ 47.7820435, -18.8917739, 1427.8 ], [ 47.7817217, -18.8919135, 1427.2 ], [ 47.7813864, -18.8920708, 1426.5 ], [ 47.7805898, -18.8924286, 1420.0 ], [ 47.779651, -18.8928499, 1410.8 ], [ 47.7793989, -18.8929463, 1410.6 ], [ 47.7792272, -18.8930174, 1410.5 ], [ 47.7790207, -18.8931646, 1410.4 ], [ 47.7788919, -18.8933092, 1410.3 ], [ 47.778841, -18.8934361, 1410.2 ], [ 47.7788249, -18.8935782, 1410.0 ], [ 47.7788061, -18.8939182, 1409.0 ], [ 47.7788249, -18.8941238, 1407.5 ], [ 47.7788141, -18.8943344, 1406.0 ], [ 47.7788034, -18.8944816, 1405.2 ], [ 47.7787605, -18.8946212, 1405.2 ], [ 47.7786317, -18.8948953, 1405.2 ], [ 47.7781436, -18.8956236, 1405.0 ], [ 47.7779371, -18.8959281, 1403.8 ], [ 47.7775159, -18.8965422, 1399.0 ], [ 47.7774301, -18.8966665, 1398.5 ], [ 47.7772504, -18.8969279, 1398.4 ], [ 47.7771029, -18.8970954, 1398.2 ], [ 47.7769795, -18.8971665, 1398.8 ], [ 47.776832, -18.8972477, 1399.5 ], [ 47.7767301, -18.897306, 1400.0 ], [ 47.7761641, -18.897471, 1404.5 ], [ 47.7756384, -18.8975801, 1407.5 ], [ 47.7753729, -18.8976308, 1408.5 ], [ 47.7749947, -18.897674, 1408.2 ], [ 47.7741954, -18.897778, 1407.8 ], [ 47.7729267, -18.8979455, 1406.8 ], [ 47.7725592, -18.8979633, 1404.5 ], [ 47.77235, -18.8979658, 1404.2 ], [ 47.7721033, -18.8979227, 1403.8 ], [ 47.7718216, -18.8979024, 1403.5 ], [ 47.7716607, -18.8979303, 1403.2 ], [ 47.7715319, -18.897981, 1403.5 ], [ 47.7712986, -18.8980825, 1404.2 ], [ 47.7709338, -18.8983515, 1407.0 ], [ 47.7703437, -18.8987677, 1408.2 ], [ 47.7699333, -18.8990519, 1409.0 ], [ 47.7696571, -18.8991966, 1408.5 ], [ 47.7690643, -18.899392, 1407.2 ], [ 47.7687827, -18.8995061, 1407.0 ], [ 47.7684769, -18.8996483, 1407.2 ], [ 47.7683643, -18.8997295, 1407.8 ], [ 47.7682918, -18.8997904, 1407.8 ], [ 47.768198, -18.8998741, 1407.9 ], [ 47.7681014, -18.8999832, 1408.0 ], [ 47.7679431, -18.9002065, 1408.5 ], [ 47.7676642, -18.9006125, 1409.3 ], [ 47.7675945, -18.9007343, 1409.5 ], [ 47.7674764, -18.9008536, 1409.2 ], [ 47.7673799, -18.9009323, 1409.0 ], [ 47.7672806, -18.9009957, 1409.2 ], [ 47.7672002, -18.9010363, 1409.5 ], [ 47.767117, -18.9010744, 1409.8 ], [ 47.7670473, -18.9010947, 1409.9 ], [ 47.7669695, -18.9011023, 1410.0 ], [ 47.7668917, -18.9011048, 1410.1 ], [ 47.7668139, -18.9010972, 1410.2 ], [ 47.7667308, -18.9010795, 1410.2 ], [ 47.7666637, -18.9010566, 1410.0 ], [ 47.7661219, -18.9008435, 1407.8 ], [ 47.7660227, -18.9008206, 1408.0 ], [ 47.7659395, -18.9008155, 1408.2 ], [ 47.7658725, -18.9008181, 1408.5 ], [ 47.7658215, -18.9008232, 1408.8 ], [ 47.7657571, -18.9008358, 1409.0 ], [ 47.7656874, -18.9008587, 1409.2 ], [ 47.7655774, -18.9008765, 1409.5 ], [ 47.7654058, -18.9009805, 1410.5 ], [ 47.7649042, -18.9014398, 1414.2 ], [ 47.764467, -18.9017976, 1418.2 ], [ 47.7643463, -18.9019092, 1418.8 ], [ 47.7642202, -18.901993, 1419.2 ], [ 47.7640486, -18.9020513, 1419.4 ], [ 47.7639547, -18.9020691, 1419.4 ], [ 47.7638823, -18.9020793, 1419.5 ], [ 47.7637964, -18.9020716, 1419.0 ], [ 47.7637187, -18.902064, 1418.5 ], [ 47.7636409, -18.9020488, 1418.0 ], [ 47.7635497, -18.902031, 1417.5 ], [ 47.7634826, -18.9020082, 1417.2 ], [ 47.7634156, -18.9019752, 1416.8 ], [ 47.7632493, -18.9018864, 1415.8 ], [ 47.763024, -18.9017697, 1414.5 ], [ 47.7629408, -18.9017088, 1414.0 ], [ 47.7628496, -18.901592, 1413.7 ], [ 47.7628148, -18.9015261, 1413.5 ], [ 47.7626967, -18.9012672, 1414.5 ], [ 47.7625519, -18.9009526, 1418.8 ], [ 47.7624714, -18.9008435, 1420.5 ], [ 47.7624339, -18.9008155, 1421.0 ], [ 47.7623615, -18.90078, 1421.5 ], [ 47.7621737, -18.900714, 1422.5 ], [ 47.7619672, -18.9006633, 1423.0 ], [ 47.7617607, -18.90061, 1424.0 ], [ 47.761707, -18.9005999, 1424.0 ], [ 47.7616373, -18.9005922, 1424.1 ], [ 47.7615702, -18.9005973, 1424.1 ], [ 47.7615166, -18.9006075, 1424.2 ], [ 47.7614602, -18.9006303, 1424.2 ], [ 47.7614093, -18.9006658, 1424.2 ], [ 47.7612323, -18.9007978, 1425.2 ], [ 47.7610901, -18.9008866, 1426.5 ], [ 47.7610365, -18.900912, 1426.8 ], [ 47.7609828, -18.9009247, 1427.0 ], [ 47.7609345, -18.9009297, 1427.2 ], [ 47.7608916, -18.9009323, 1427.4 ], [ 47.7608514, -18.9009297, 1427.5 ], [ 47.7606046, -18.9008993, 1428.2 ], [ 47.7604651, -18.9008841, 1428.8 ], [ 47.7603069, -18.900879, 1429.2 ], [ 47.7601755, -18.9008866, 1429.8 ], [ 47.7600574, -18.9008993, 1430.2 ], [ 47.7599314, -18.9009171, 1430.8 ], [ 47.7598321, -18.9009374, 1431.2 ], [ 47.7597597, -18.9009627, 1431.8 ], [ 47.7596954, -18.9009957, 1432.2 ], [ 47.7594942, -18.9011226, 1434.8 ], [ 47.7593654, -18.9012165, 1436.8 ], [ 47.759234, -18.9013104, 1439.0 ], [ 47.7589497, -18.9015794, 1448.2 ], [ 47.7587834, -18.9016707, 1453.0 ], [ 47.7586734, -18.9016859, 1455.0 ], [ 47.758491, -18.9016276, 1455.8 ], [ 47.7582738, -18.9013713, 1452.0 ], [ 47.7582067, -18.9012571, 1450.0 ], [ 47.7580914, -18.9010921, 1447.8 ], [ 47.7580109, -18.900983, 1446.2 ], [ 47.7579251, -18.9008942, 1445.0 ], [ 47.7578661, -18.9008485, 1444.5 ], [ 47.7577937, -18.9008105, 1444.4 ], [ 47.75774, -18.9007927, 1444.2 ], [ 47.7576837, -18.90078, 1444.5 ], [ 47.757614, -18.9007775, 1445.0 ], [ 47.7575684, -18.90078, 1445.5 ], [ 47.7574745, -18.9007952, 1446.5 ], [ 47.7571633, -18.9008917, 1450.5 ], [ 47.7569005, -18.9008714, 1449.8 ], [ 47.7567905, -18.9008688, 1449.5 ], [ 47.7567074, -18.9008765, 1449.2 ], [ 47.7565894, -18.9009044, 1449.8 ], [ 47.756364, -18.9010109, 1452.2 ], [ 47.7562004, -18.9010769, 1453.3 ], [ 47.7561146, -18.9010871, 1453.8 ], [ 47.7559885, -18.9011023, 1454.2 ], [ 47.7558652, -18.9011302, 1455.2 ], [ 47.7558008, -18.901153, 1456.0 ], [ 47.7557391, -18.901181, 1457.0 ], [ 47.755664, -18.9012343, 1458.8 ], [ 47.7555218, -18.9013561, 1463.0 ], [ 47.7554226, -18.9014347, 1465.8 ], [ 47.7553475, -18.9014702, 1467.0 ], [ 47.7552697, -18.9014753, 1467.1 ], [ 47.7551946, -18.9014626, 1467.3 ], [ 47.7550927, -18.9014296, 1467.5 ], [ 47.7549961, -18.901384, 1467.4 ], [ 47.7549022, -18.9013256, 1467.2 ], [ 47.7548057, -18.9012419, 1467.0 ], [ 47.7547306, -18.9011657, 1466.8 ], [ 47.7546528, -18.9010541, 1466.0 ], [ 47.7543712, -18.900676, 1465.5 ], [ 47.7543014, -18.9005973, 1465.4 ], [ 47.7542263, -18.9005136, 1465.3 ], [ 47.7541754, -18.9004654, 1465.3 ], [ 47.7541137, -18.9004222, 1465.2 ], [ 47.7540144, -18.9003664, 1465.1 ], [ 47.7539259, -18.9003359, 1465.0 ], [ 47.7538535, -18.9003207, 1465.2 ], [ 47.7537489, -18.9003156, 1465.5 ], [ 47.7536282, -18.9003182, 1465.8 ], [ 47.7535102, -18.9003309, 1466.0 ], [ 47.7534217, -18.9003486, 1466.2 ], [ 47.7533332, -18.900374, 1466.3 ], [ 47.7531052, -18.9004679, 1466.5 ], [ 47.7529737, -18.9006531, 1468.2 ], [ 47.7526894, -18.9013789, 1473.8 ], [ 47.7525795, -18.901653, 1474.8 ], [ 47.7525017, -18.9018001, 1475.5 ], [ 47.7524453, -18.9018534, 1476.0 ], [ 47.7523729, -18.9018991, 1476.8 ], [ 47.7523085, -18.9019321, 1477.5 ], [ 47.7522522, -18.9019524, 1478.2 ], [ 47.7521905, -18.9019625, 1479.2 ], [ 47.7521235, -18.9019625, 1480.2 ], [ 47.7520189, -18.9019575, 1482.0 ], [ 47.7518097, -18.9019651, 1485.8 ], [ 47.7516916, -18.9019575, 1487.8 ], [ 47.7515844, -18.9019575, 1489.8 ], [ 47.7514127, -18.9019701, 1493.0 ], [ 47.7512223, -18.901993, 1496.8 ], [ 47.751115, -18.9019854, 1498.8 ], [ 47.7510372, -18.9019701, 1500.0 ], [ 47.7509701, -18.9019346, 1501.0 ], [ 47.7509192, -18.9018991, 1501.8 ], [ 47.7508789, -18.9018585, 1502.5 ], [ 47.7508307, -18.9017849, 1503.2 ], [ 47.7507851, -18.9017062, 1504.2 ], [ 47.7507743, -18.9016225, 1504.8 ], [ 47.7507743, -18.901554, 1504.9 ], [ 47.7507985, -18.9014728, 1505.0 ], [ 47.750828, -18.9014195, 1504.5 ], [ 47.7509809, -18.9012038, 1501.0 ], [ 47.7511391, -18.9009399, 1497.2 ], [ 47.7511606, -18.9008612, 1497.0 ], [ 47.7511686, -18.9007064, 1497.2 ], [ 47.7511793, -18.9005618, 1497.0 ], [ 47.7511767, -18.9004476, 1496.8 ], [ 47.7511659, -18.9003486, 1496.5 ], [ 47.7511579, -18.9002827, 1496.4 ], [ 47.7511364, -18.9001964, 1496.2 ], [ 47.7511123, -18.9001329, 1496.5 ], [ 47.7510828, -18.9000746, 1496.8 ], [ 47.7510479, -18.9000137, 1497.2 ], [ 47.7510077, -18.8999578, 1497.8 ], [ 47.7509674, -18.8999096, 1498.2 ], [ 47.7509165, -18.8998589, 1499.0 ], [ 47.7508628, -18.8998132, 1499.5 ], [ 47.7507636, -18.8997498, 1500.2 ], [ 47.7506402, -18.8996939, 1501.2 ], [ 47.7505678, -18.8996609, 1501.8 ], [ 47.7504846, -18.899628, 1502.5 ], [ 47.7503291, -18.8995747, 1503.5 ], [ 47.7501306, -18.8995214, 1504.8 ], [ 47.7499831, -18.8994909, 1506.0 ], [ 47.749798, -18.899463, 1507.8 ], [ 47.7495539, -18.8994351, 1510.8 ], [ 47.7493072, -18.8994148, 1513.5 ], [ 47.7491999, -18.8994148, 1514.5 ], [ 47.7491114, -18.8994224, 1515.5 ], [ 47.7488351, -18.8994529, 1519.2 ], [ 47.7486071, -18.8994782, 1521.8 ], [ 47.7485374, -18.8994858, 1522.5 ], [ 47.7484676, -18.8994808, 1523.2 ], [ 47.7483845, -18.8994579, 1523.8 ], [ 47.748296, -18.8994148, 1524.0 ], [ 47.7481779, -18.8993387, 1524.2 ], [ 47.7480868, -18.8992702, 1524.5 ], [ 47.7479768, -18.899156, 1524.8 ], [ 47.7478185, -18.8989656, 1525.5 ], [ 47.7477327, -18.8988743, 1526.0 ], [ 47.7476496, -18.8987982, 1526.8 ], [ 47.747325, -18.898585, 1530.5 ], [ 47.7472365, -18.8985165, 1531.8 ], [ 47.7471212, -18.8983845, 1533.5 ], [ 47.7470407, -18.8982729, 1534.8 ], [ 47.7469817, -18.8981587, 1535.5 ], [ 47.7469414, -18.8980369, 1535.9 ], [ 47.7469361, -18.8979075, 1536.2 ], [ 47.7469629, -18.8977298, 1535.0 ], [ 47.7470058, -18.8974761, 1533.2 ], [ 47.7469978, -18.8973695, 1533.5 ], [ 47.7469388, -18.8972553, 1535.2 ], [ 47.746869, -18.8971588, 1536.8 ], [ 47.746515, -18.8967858, 1543.5 ], [ 47.7461421, -18.8963976, 1547.2 ], [ 47.746008, -18.8962402, 1547.5 ], [ 47.7459678, -18.8961768, 1547.2 ], [ 47.7459329, -18.8961184, 1547.2 ], [ 47.7459088, -18.8960651, 1547.2 ], [ 47.7458954, -18.8960068, 1547.1 ], [ 47.7458793, -18.8959357, 1547.0 ], [ 47.7458766, -18.8958799, 1547.0 ], [ 47.7458712, -18.8957809, 1547.2 ], [ 47.7458659, -18.8956489, 1547.8 ], [ 47.7458417, -18.8954586, 1549.5 ], [ 47.745831, -18.8954028, 1550.2 ], [ 47.7458149, -18.8953444, 1551.0 ], [ 47.7457935, -18.8952886, 1551.8 ], [ 47.7457666, -18.8952429, 1552.2 ], [ 47.7457318, -18.8951719, 1553.0 ], [ 47.7456862, -18.8951059, 1553.8 ], [ 47.7456406, -18.8950424, 1554.5 ], [ 47.7453938, -18.8947531, 1558.0 ], [ 47.7452865, -18.894644, 1559.2 ], [ 47.7451712, -18.8945374, 1560.5 ], [ 47.7447957, -18.8941872, 1564.2 ], [ 47.7447018, -18.8941162, 1565.0 ], [ 47.7446079, -18.8940578, 1565.8 ], [ 47.7445275, -18.8940121, 1566.5 ], [ 47.744447, -18.8939665, 1567.5 ], [ 47.744329, -18.8939182, 1568.8 ], [ 47.7441949, -18.8938802, 1569.8 ], [ 47.7440956, -18.8938548, 1570.2 ], [ 47.743991, -18.8938345, 1570.4 ], [ 47.7439025, -18.8938218, 1570.5 ], [ 47.743763, -18.8938066, 1570.0 ], [ 47.7436316, -18.8937888, 1569.5 ], [ 47.7433982, -18.8937508, 1569.3 ], [ 47.7433044, -18.8937279, 1569.2 ], [ 47.7432346, -18.8937127, 1569.0 ], [ 47.7431354, -18.8936797, 1568.8 ], [ 47.7430415, -18.8936442, 1568.2 ], [ 47.7429557, -18.8936036, 1567.5 ], [ 47.7428323, -18.8935376, 1566.5 ], [ 47.742725, -18.8934691, 1565.8 ], [ 47.7426231, -18.8934006, 1565.2 ], [ 47.742548, -18.8933397, 1565.1 ], [ 47.7424943, -18.8932838, 1565.0 ], [ 47.7424246, -18.8932204, 1564.5 ], [ 47.7423656, -18.8931544, 1564.0 ], [ 47.7423066, -18.8930884, 1563.5 ], [ 47.7422342, -18.8930072, 1562.8 ], [ 47.7421537, -18.8929235, 1562.0 ], [ 47.741982, -18.8927281, 1560.0 ], [ 47.7417862, -18.8925073, 1558.0 ], [ 47.7415985, -18.8923017, 1557.0 ], [ 47.7413759, -18.8920835, 1555.5 ], [ 47.7412605, -18.8919845, 1554.0 ], [ 47.7411908, -18.8919338, 1553.0 ], [ 47.7411398, -18.8918957, 1552.5 ], [ 47.7410647, -18.8918449, 1551.8 ], [ 47.7409869, -18.8918018, 1551.0 ], [ 47.7409092, -18.8917587, 1550.2 ], [ 47.7408341, -18.8917206, 1549.5 ], [ 47.7406758, -18.8916495, 1548.5 ], [ 47.7404827, -18.8915658, 1547.0 ], [ 47.7403888, -18.8915201, 1546.5 ], [ 47.7402949, -18.891482, 1546.2 ], [ 47.7401367, -18.8914288, 1545.5 ], [ 47.7399972, -18.8913755, 1545.0 ], [ 47.7398846, -18.8913374, 1545.0 ], [ 47.7398014, -18.8913069, 1544.9 ], [ 47.7397558, -18.8912943, 1544.9 ], [ 47.7397129, -18.8912866, 1544.9 ], [ 47.739678, -18.891279, 1544.9 ], [ 47.7396378, -18.891274, 1544.9 ], [ 47.7395788, -18.8912689, 1544.9 ], [ 47.7395198, -18.8912663, 1544.9 ], [ 47.7394071, -18.8912638, 1544.8 ], [ 47.7393374, -18.8912663, 1544.8 ], [ 47.7392703, -18.8912714, 1544.8 ], [ 47.7392086, -18.891279, 1544.8 ], [ 47.7391496, -18.8912866, 1544.8 ], [ 47.7390638, -18.891312, 1544.8 ], [ 47.7390182, -18.8913323, 1544.9 ], [ 47.7389699, -18.8913552, 1544.9 ], [ 47.7388948, -18.8913907, 1545.0 ], [ 47.7388546, -18.891411, 1545.0 ], [ 47.7388117, -18.8914389, 1544.8 ], [ 47.7387634, -18.8914694, 1544.5 ], [ 47.7387205, -18.8914973, 1544.2 ], [ 47.7386802, -18.8915277, 1544.0 ], [ 47.7386212, -18.8915734, 1543.5 ], [ 47.7384764, -18.8916698, 1542.8 ], [ 47.7381706, -18.8918906, 1540.5 ], [ 47.7378488, -18.8921216, 1536.8 ], [ 47.7375644, -18.8922611, 1534.0 ], [ 47.7373096, -18.892454, 1531.2 ], [ 47.7372104, -18.8925124, 1530.5 ], [ 47.7370468, -18.8926088, 1529.2 ], [ 47.7366793, -18.8929133, 1530.2 ], [ 47.7364138, -18.8931189, 1534.0 ], [ 47.7363333, -18.893162, 1534.8 ], [ 47.7362582, -18.8932026, 1535.5 ], [ 47.7361616, -18.8932432, 1536.5 ], [ 47.7361026, -18.8932559, 1536.8 ], [ 47.736057, -18.8932711, 1537.0 ], [ 47.7360061, -18.8932838, 1537.2 ], [ 47.7359498, -18.8932965, 1537.3 ], [ 47.7359095, -18.8933016, 1537.4 ], [ 47.7358693, -18.8933041, 1537.4 ], [ 47.7357808, -18.8933067, 1537.5 ], [ 47.7356628, -18.8933041, 1537.2 ], [ 47.7355394, -18.893294, 1537.1 ], [ 47.7354026, -18.8932813, 1537.0 ], [ 47.7352524, -18.8932762, 1537.2 ], [ 47.7351612, -18.8932711, 1537.2 ], [ 47.7350861, -18.8932762, 1537.5 ], [ 47.7350163, -18.8932914, 1538.0 ], [ 47.7349627, -18.8933016, 1538.2 ], [ 47.7348635, -18.8933219, 1538.5 ], [ 47.7347535, -18.8933447, 1539.0 ], [ 47.7346301, -18.8933777, 1539.5 ], [ 47.7345657, -18.8933955, 1539.8 ], [ 47.7343109, -18.8934564, 1539.9 ], [ 47.7341527, -18.893497, 1540.0 ], [ 47.7340668, -18.8935148, 1540.1 ], [ 47.7339703, -18.8935325, 1540.2 ], [ 47.7338845, -18.8935503, 1540.2 ], [ 47.7338415, -18.8935554, 1540.2 ], [ 47.733804, -18.8935554, 1540.0 ], [ 47.7336887, -18.8935604, 1539.8 ], [ 47.7335975, -18.8935655, 1539.7 ], [ 47.7335519, -18.8935706, 1539.6 ], [ 47.7335116, -18.8935706, 1539.6 ], [ 47.7334258, -18.8935731, 1539.5 ], [ 47.7333319, -18.8935757, 1539.2 ], [ 47.7330583, -18.893563, 1538.5 ], [ 47.7326024, -18.8936163, 1537.8 ], [ 47.7325273, -18.8936264, 1537.5 ], [ 47.7324495, -18.8936442, 1537.2 ], [ 47.7323717, -18.8936721, 1536.8 ], [ 47.73231, -18.8936924, 1536.2 ], [ 47.7322295, -18.8937406, 1535.2 ], [ 47.7321866, -18.8937787, 1534.8 ], [ 47.7321249, -18.893837, 1533.8 ], [ 47.7320659, -18.8939056, 1532.8 ], [ 47.732015, -18.8939868, 1531.8 ], [ 47.7319908, -18.8940299, 1531.2 ], [ 47.7319613, -18.8941162, 1530.5 ], [ 47.7319425, -18.8942507, 1529.5 ], [ 47.7319184, -18.8945273, 1527.2 ], [ 47.7318943, -18.8946643, 1526.2 ], [ 47.7318648, -18.8947506, 1525.5 ], [ 47.731846, -18.8948014, 1525.0 ], [ 47.7318138, -18.8948521, 1524.2 ], [ 47.7317655, -18.8949232, 1523.2 ], [ 47.7317038, -18.8949815, 1522.2 ], [ 47.7316636, -18.8950221, 1521.5 ], [ 47.7316207, -18.8950526, 1520.8 ], [ 47.7315429, -18.8951084, 1519.2 ], [ 47.7314839, -18.8951414, 1518.2 ], [ 47.7314276, -18.8951668, 1517.5 ], [ 47.731382, -18.8951871, 1516.8 ], [ 47.7313283, -18.8952023, 1516.2 ], [ 47.7312693, -18.895215, 1515.5 ], [ 47.731213, -18.895215, 1515.0 ], [ 47.7311191, -18.8952074, 1514.2 ], [ 47.7310306, -18.8951998, 1513.8 ], [ 47.7309474, -18.8951846, 1513.5 ], [ 47.7302527, -18.8950475, 1510.8 ], [ 47.7296117, -18.8949232, 1511.0 ], [ 47.7294454, -18.8948902, 1511.5 ], [ 47.7293381, -18.8948648, 1511.2 ], [ 47.7292791, -18.8948445, 1511.0 ], [ 47.729204, -18.8948217, 1510.9 ], [ 47.7291128, -18.8947887, 1510.9 ], [ 47.7290484, -18.8947582, 1510.8 ], [ 47.7289867, -18.8947202, 1510.8 ], [ 47.7288848, -18.8946516, 1510.5 ], [ 47.7286541, -18.8945045, 1510.0 ], [ 47.7283564, -18.8943217, 1509.5 ], [ 47.7280828, -18.8941441, 1510.0 ], [ 47.7279273, -18.8940198, 1510.2 ], [ 47.7278602, -18.8939538, 1510.4 ], [ 47.7277878, -18.8938726, 1510.5 ], [ 47.7277315, -18.8937964, 1510.2 ], [ 47.7276295, -18.8936645, 1510.0 ], [ 47.7276081, -18.8936264, 1509.8 ], [ 47.7275571, -18.8935427, 1509.5 ], [ 47.7274954, -18.8934437, 1509.2 ], [ 47.7270958, -18.8928778, 1506.5 ], [ 47.7268812, -18.8925657, 1504.0 ], [ 47.7268034, -18.8924515, 1502.5 ], [ 47.7267283, -18.8923474, 1501.2 ], [ 47.7266613, -18.8922789, 1500.5 ], [ 47.7265808, -18.8921926, 1499.2 ], [ 47.7265218, -18.8921368, 1498.8 ], [ 47.7264467, -18.8920911, 1498.6 ], [ 47.7264038, -18.8920657, 1498.5 ], [ 47.7263314, -18.8920277, 1498.4 ], [ 47.7262294, -18.8919896, 1498.2 ], [ 47.7261516, -18.8919668, 1498.5 ], [ 47.726047, -18.8919338, 1499.0 ], [ 47.7259612, -18.8919109, 1499.5 ], [ 47.7259102, -18.8918982, 1499.8 ], [ 47.7258646, -18.8918881, 1500.0 ], [ 47.7257976, -18.8918729, 1500.2 ], [ 47.7257654, -18.8918652, 1500.5 ], [ 47.7257091, -18.89185, 1500.8 ], [ 47.7256528, -18.8918348, 1501.0 ], [ 47.7256018, -18.891817, 1501.2 ], [ 47.7255428, -18.8917942, 1501.3 ], [ 47.7254838, -18.8917663, 1501.4 ], [ 47.7254435, -18.8917384, 1501.5 ], [ 47.7254006, -18.8916952, 1501.2 ], [ 47.7253577, -18.8916521, 1501.0 ], [ 47.7253148, -18.8915988, 1500.9 ], [ 47.7251995, -18.8915125, 1500.8 ], [ 47.7251512, -18.8914567, 1500.5 ], [ 47.7251244, -18.891411, 1500.2 ], [ 47.7250868, -18.8913831, 1500.0 ], [ 47.7250251, -18.8913552, 1500.2 ], [ 47.7249822, -18.8913425, 1500.4 ], [ 47.724942, -18.8913146, 1500.5 ], [ 47.7248883, -18.8912943, 1500.8 ], [ 47.7248561, -18.8912917, 1501.0 ], [ 47.7247944, -18.8912866, 1501.2 ], [ 47.7247247, -18.8912689, 1501.5 ], [ 47.7245986, -18.8912613, 1502.2 ], [ 47.7244297, -18.8912308, 1503.0 ], [ 47.7240166, -18.8912181, 1503.8 ], [ 47.7235445, -18.8912613, 1502.0 ], [ 47.7233246, -18.8911648, 1503.0 ], [ 47.7231342, -18.891142, 1502.8 ], [ 47.7230188, -18.8911496, 1502.5 ], [ 47.7228981, -18.891175, 1502.2 ], [ 47.722764, -18.8912232, 1501.8 ], [ 47.7226326, -18.8913044, 1500.5 ], [ 47.7224341, -18.891515, 1496.5 ], [ 47.7222732, -18.8916952, 1492.2 ], [ 47.7220452, -18.8919388, 1488.5 ], [ 47.7218172, -18.8921165, 1485.8 ], [ 47.7212191, -18.8924616, 1478.5 ], [ 47.7209857, -18.892558, 1475.5 ], [ 47.7207845, -18.8926113, 1473.5 ], [ 47.7206048, -18.8926443, 1471.8 ], [ 47.7203661, -18.8926595, 1469.2 ], [ 47.7193978, -18.8926773, 1457.5 ], [ 47.7189124, -18.89269, 1452.0 ], [ 47.7187085, -18.892723, 1449.5 ], [ 47.7185073, -18.8927763, 1447.5 ], [ 47.7183303, -18.8928397, 1446.0 ], [ 47.7178046, -18.892992, 1441.2 ], [ 47.7177402, -18.8929996, 1441.0 ], [ 47.7175793, -18.8929971, 1440.8 ], [ 47.7174398, -18.8929641, 1441.2 ], [ 47.7171636, -18.8928651, 1441.5 ], [ 47.7169892, -18.8928499, 1440.2 ], [ 47.7168283, -18.8928981, 1439.2 ], [ 47.7167478, -18.892959, 1438.5 ], [ 47.7166781, -18.8930275, 1437.5 ], [ 47.7165708, -18.8931519, 1435.2 ], [ 47.7165413, -18.8932102, 1434.2 ], [ 47.7164555, -18.8936518, 1427.5 ], [ 47.7163804, -18.8938269, 1424.8 ], [ 47.716265, -18.8939766, 1422.5 ], [ 47.7159512, -18.8943497, 1417.5 ], [ 47.7158493, -18.8944994, 1416.2 ], [ 47.7158117, -18.8946516, 1415.0 ], [ 47.7157769, -18.8950171, 1413.2 ], [ 47.7157742, -18.8951871, 1412.8 ], [ 47.7157152, -18.8965422, 1408.5 ], [ 47.715691, -18.8969305, 1406.2 ], [ 47.7156401, -18.897202, 1404.2 ], [ 47.7154711, -18.8976791, 1401.8 ], [ 47.7152324, -18.8982729, 1396.8 ], [ 47.7150205, -18.8985444, 1393.8 ], [ 47.7147496, -18.8987677, 1392.0 ], [ 47.7145109, -18.8989758, 1389.8 ], [ 47.7142936, -18.8992803, 1387.0 ], [ 47.7141085, -18.8995721, 1384.8 ], [ 47.7139208, -18.8997041, 1384.2 ], [ 47.7137652, -18.8998056, 1383.8 ], [ 47.7133575, -18.9000111, 1381.0 ], [ 47.7130973, -18.9001152, 1379.5 ], [ 47.7127433, -18.9002294, 1376.8 ], [ 47.7121398, -18.9003258, 1371.0 ], [ 47.7118313, -18.9003943, 1369.0 ], [ 47.7117267, -18.900506, 1369.0 ], [ 47.7116114, -18.9006227, 1368.8 ], [ 47.7115014, -18.9008054, 1368.9 ], [ 47.7114049, -18.9010566, 1369.0 ], [ 47.7112761, -18.9013916, 1369.5 ], [ 47.7112386, -18.9015388, 1369.6 ], [ 47.7112359, -18.9016733, 1369.6 ], [ 47.7112573, -18.9020691, 1369.8 ], [ 47.7112386, -18.9023178, 1368.8 ], [ 47.711134, -18.9027695, 1365.8 ], [ 47.7110642, -18.9029902, 1365.0 ], [ 47.7110159, -18.9030917, 1364.5 ], [ 47.7108926, -18.9032643, 1363.5 ], [ 47.7107343, -18.9034521, 1362.2 ], [ 47.7106619, -18.9035333, 1361.8 ], [ 47.7104741, -18.9036576, 1361.0 ], [ 47.7102381, -18.9037617, 1360.8 ], [ 47.7100933, -18.9037769, 1360.6 ], [ 47.7099323, -18.9037743, 1360.5 ], [ 47.7098089, -18.9037312, 1361.2 ], [ 47.709581, -18.9036348, 1363.2 ], [ 47.709412, -18.9035612, 1365.0 ], [ 47.7092564, -18.9035409, 1366.0 ], [ 47.7091008, -18.9035663, 1366.5 ], [ 47.708964, -18.9036348, 1366.2 ], [ 47.7085859, -18.9039494, 1363.2 ], [ 47.7079153, -18.9044392, 1359.5 ], [ 47.7077571, -18.9045204, 1359.0 ], [ 47.7076364, -18.9045407, 1358.8 ], [ 47.7073789, -18.9045255, 1358.5 ], [ 47.7072501, -18.9045229, 1358.0 ], [ 47.7071401, -18.9045661, 1357.0 ], [ 47.7070543, -18.9046193, 1356.1 ], [ 47.7068585, -18.9047792, 1354.0 ], [ 47.7067861, -18.9048401, 1353.0 ], [ 47.7061531, -18.90534, 1350.5 ], [ 47.7060458, -18.9054694, 1350.2 ], [ 47.7059948, -18.9055963, 1350.0 ], [ 47.705968, -18.9057206, 1350.5 ], [ 47.7060029, -18.9060201, 1351.8 ], [ 47.7059814, -18.9061292, 1352.2 ], [ 47.7059385, -18.9063575, 1352.0 ], [ 47.7058822, -18.9066037, 1351.5 ], [ 47.7058044, -18.9068168, 1351.3 ], [ 47.7057937, -18.9068447, 1351.2 ], [ 47.7053592, -18.9075197, 1349.8 ], [ 47.7053377, -18.9075654, 1349.5 ], [ 47.705209, -18.9079587, 1348.8 ], [ 47.7050883, -18.9083977, 1349.2 ], [ 47.7049971, -18.9087149, 1350.2 ], [ 47.7048817, -18.9089635, 1351.0 ], [ 47.7047744, -18.9093594, 1351.5 ], [ 47.7047154, -18.9094964, 1351.8 ], [ 47.7046216, -18.9096233, 1352.0 ], [ 47.7044901, -18.9097324, 1352.5 ], [ 47.7043453, -18.9098136, 1353.5 ], [ 47.7039912, -18.9099075, 1357.0 ], [ 47.7038169, -18.9099785, 1359.0 ], [ 47.7036801, -18.9100927, 1359.4 ], [ 47.7035943, -18.9102627, 1359.8 ], [ 47.7036452, -18.9104581, 1358.8 ], [ 47.7038008, -18.9106205, 1357.2 ], [ 47.7041548, -18.910859, 1354.2 ], [ 47.7042541, -18.9111559, 1353.8 ], [ 47.7041951, -18.9115543, 1355.8 ], [ 47.7040154, -18.9120009, 1356.7 ], [ 47.703943, -18.9121404, 1357.0 ], [ 47.7037311, -18.9122368, 1360.0 ], [ 47.7035353, -18.9122927, 1362.8 ], [ 47.7030793, -18.9123662, 1369.0 ], [ 47.7020547, -18.9126555, 1375.8 ], [ 47.7017623, -18.9126631, 1377.0 ], [ 47.7016175, -18.9125819, 1377.2 ], [ 47.7014914, -18.9124728, 1377.5 ], [ 47.7014109, -18.9123206, 1376.8 ], [ 47.7013546, -18.9118308, 1376.5 ], [ 47.7012607, -18.9116431, 1375.5 ], [ 47.7010864, -18.9114781, 1373.8 ], [ 47.7005902, -18.9111686, 1370.5 ], [ 47.6991364, -18.9102678, 1365.2 ], [ 47.6981199, -18.9099278, 1363.0 ], [ 47.6977605, -18.9098136, 1362.5 ], [ 47.6973447, -18.9097248, 1363.0 ], [ 47.6969317, -18.9097654, 1360.5 ], [ 47.69665, -18.909773, 1359.2 ], [ 47.6964408, -18.9097603, 1358.0 ], [ 47.6962236, -18.9097451, 1356.8 ], [ 47.696009, -18.9097172, 1356.0 ], [ 47.6958212, -18.9096994, 1355.5 ], [ 47.6955584, -18.9096715, 1354.2 ], [ 47.6949254, -18.9096131, 1349.2 ], [ 47.6947966, -18.9095649, 1348.5 ], [ 47.6947027, -18.9094609, 1348.2 ], [ 47.6946464, -18.9093264, 1348.5 ], [ 47.6946089, -18.9091767, 1348.8 ], [ 47.6945391, -18.9086667, 1349.0 ], [ 47.6944184, -18.9080881, 1348.0 ], [ 47.6943272, -18.9076517, 1346.5 ], [ 47.6943433, -18.9070579, 1346.7 ], [ 47.6943433, -18.9069945, 1346.8 ], [ 47.6941985, -18.9060607, 1344.0 ], [ 47.69411, -18.9055303, 1341.0 ], [ 47.6940644, -18.905373, 1340.2 ], [ 47.6939008, -18.9050533, 1338.5 ], [ 47.6933536, -18.9044823, 1339.2 ], [ 47.69308, -18.9042387, 1341.2 ], [ 47.6927689, -18.903985, 1344.5 ], [ 47.691991, -18.9035561, 1348.8 ], [ 47.6918113, -18.9033582, 1348.2 ], [ 47.6916558, -18.9031831, 1347.0 ], [ 47.6915002, -18.9029243, 1345.8 ], [ 47.6913795, -18.9025995, 1345.9 ], [ 47.6913527, -18.9024853, 1346.0 ], [ 47.6913393, -18.9024041, 1346.0 ], [ 47.6913446, -18.9020513, 1346.0 ], [ 47.6913366, -18.9011277, 1344.8 ], [ 47.6913527, -18.9007191, 1343.8 ], [ 47.6913634, -18.9005034, 1343.2 ], [ 47.6914224, -18.9002598, 1343.3 ], [ 47.691578, -18.8995518, 1343.5 ], [ 47.6916987, -18.8990012, 1345.5 ], [ 47.6917201, -18.8987855, 1347.2 ], [ 47.6916799, -18.8986332, 1347.8 ], [ 47.6915619, -18.8984023, 1348.0 ], [ 47.6914895, -18.8982069, 1349.5 ], [ 47.6914841, -18.8980851, 1350.2 ], [ 47.6915216, -18.8979709, 1350.8 ], [ 47.6915807, -18.8978237, 1351.2 ], [ 47.691806, -18.8975243, 1352.6 ], [ 47.6918891, -18.8973695, 1353.2 ], [ 47.6918998, -18.8972096, 1353.1 ], [ 47.6918918, -18.8970218, 1353.0 ], [ 47.6918516, -18.8966945, 1351.8 ], [ 47.691865, -18.8963747, 1351.2 ], [ 47.6919106, -18.8962174, 1351.5 ], [ 47.6920849, -18.8958088, 1351.0 ], [ 47.6925811, -18.8947455, 1352.2 ], [ 47.6926133, -18.8946034, 1353.2 ], [ 47.692616, -18.8943979, 1354.5 ], [ 47.6925945, -18.8942634, 1355.2 ], [ 47.6925623, -18.8941568, 1355.8 ], [ 47.6925167, -18.8940553, 1356.2 ], [ 47.6924524, -18.8939589, 1356.4 ], [ 47.6923692, -18.8938675, 1356.5 ], [ 47.6922646, -18.8937787, 1356.2 ], [ 47.6921386, -18.8936975, 1356.0 ], [ 47.6918516, -18.8935351, 1355.2 ], [ 47.6917255, -18.893464, 1355.5 ], [ 47.6915833, -18.8933879, 1355.8 ], [ 47.6913688, -18.8932965, 1356.2 ], [ 47.6908457, -18.8931265, 1358.8 ], [ 47.6906177, -18.893025, 1360.2 ], [ 47.6904649, -18.8929311, 1360.8 ], [ 47.6903442, -18.8928423, 1361.2 ], [ 47.6902235, -18.8927408, 1361.5 ], [ 47.6901618, -18.8926266, 1361.8 ], [ 47.6901188, -18.8924997, 1361.5 ], [ 47.6901028, -18.8923601, 1361.4 ], [ 47.6900974, -18.8921723, 1361.2 ], [ 47.6901028, -18.892015, 1361.8 ], [ 47.6900116, -18.8913958, 1362.5 ], [ 47.6899928, -18.8912765, 1362.8 ], [ 47.6899472, -18.8909694, 1363.5 ], [ 47.6899445, -18.8907867, 1363.8 ], [ 47.6899686, -18.890571, 1364.0 ], [ 47.6900116, -18.8903198, 1364.2 ], [ 47.6900625, -18.8900381, 1364.8 ], [ 47.6901269, -18.8898909, 1365.0 ], [ 47.6902154, -18.8896599, 1365.5 ], [ 47.6903978, -18.8892311, 1366.8 ], [ 47.6904514, -18.8890585, 1366.6 ], [ 47.6904944, -18.8888809, 1366.5 ], [ 47.6905185, -18.888721, 1366.8 ], [ 47.6905185, -18.8885814, 1367.2 ], [ 47.6905078, -18.888452, 1367.5 ], [ 47.6904541, -18.8882566, 1367.2 ], [ 47.6903227, -18.8879647, 1367.0 ], [ 47.6902583, -18.887782, 1366.8 ], [ 47.6901269, -18.8873633, 1366.2 ], [ 47.6899284, -18.8865562, 1364.0 ], [ 47.6897863, -18.8858482, 1364.2 ], [ 47.6897246, -18.8856249, 1365.0 ], [ 47.6895502, -18.884828, 1366.8 ], [ 47.6894403, -18.8843458, 1367.0 ], [ 47.6893705, -18.8841174, 1366.5 ], [ 47.6893169, -18.8839626, 1366.4 ], [ 47.6892418, -18.8838154, 1366.2 ], [ 47.689113, -18.8835997, 1366.0 ], [ 47.6883996, -18.8823536, 1367.5 ], [ 47.6882815, -18.882049, 1367.8 ], [ 47.6882815, -18.8819475, 1367.9 ], [ 47.6882923, -18.8818232, 1368.0 ], [ 47.6885149, -18.8811202, 1370.5 ], [ 47.6887268, -18.8804121, 1376.0 ], [ 47.6887643, -18.8802015, 1377.5 ], [ 47.6887348, -18.8800492, 1378.8 ], [ 47.6886436, -18.8798918, 1379.8 ], [ 47.688539, -18.879803, 1380.2 ], [ 47.6883513, -18.8797294, 1380.4 ], [ 47.6881501, -18.8796863, 1380.5 ], [ 47.6879463, -18.8796761, 1379.8 ], [ 47.6878041, -18.879671, 1379.5 ], [ 47.6877049, -18.8796482, 1379.2 ], [ 47.6876083, -18.8796076, 1379.8 ], [ 47.6874876, -18.8795416, 1380.8 ], [ 47.6873642, -18.8794756, 1381.2 ], [ 47.6873294, -18.8794477, 1381.5 ], [ 47.6872677, -18.8794046, 1381.8 ], [ 47.6872355, -18.8793792, 1382.0 ], [ 47.6871631, -18.8793208, 1382.2 ], [ 47.6870799, -18.8792269, 1383.0 ], [ 47.6869914, -18.8790899, 1384.0 ], [ 47.6869243, -18.8789858, 1385.0 ], [ 47.6868707, -18.878897, 1385.8 ], [ 47.6868305, -18.8788132, 1386.5 ], [ 47.6867527, -18.8785366, 1389.5 ], [ 47.6866964, -18.8784072, 1390.8 ], [ 47.6866508, -18.8783412, 1390.8 ], [ 47.6865622, -18.878265, 1390.9 ], [ 47.6862404, -18.8779732, 1391.2 ], [ 47.6861921, -18.8778996, 1391.8 ], [ 47.6861358, -18.8778209, 1392.2 ], [ 47.6860794, -18.877727, 1393.0 ], [ 47.6860231, -18.8775696, 1394.2 ], [ 47.6859856, -18.8774732, 1394.8 ], [ 47.6859239, -18.8773032, 1395.5 ], [ 47.6858461, -18.8771255, 1397.0 ], [ 47.6854357, -18.8766205, 1398.2 ], [ 47.685374, -18.8765418, 1398.4 ], [ 47.6853526, -18.8764885, 1398.5 ], [ 47.6853338, -18.8763895, 1398.7 ], [ 47.6853526, -18.8762524, 1399.0 ], [ 47.6854759, -18.876052, 1398.0 ], [ 47.6862484, -18.8749555, 1391.8 ], [ 47.6864898, -18.8747094, 1391.0 ], [ 47.6870799, -18.8742018, 1388.0 ], [ 47.6872382, -18.8740571, 1387.2 ], [ 47.6872516, -18.8740343, 1387.0 ], [ 47.6872838, -18.8739835, 1386.8 ], [ 47.6873481, -18.8738515, 1385.2 ], [ 47.6873723, -18.8737348, 1383.5 ], [ 47.6873803, -18.8736307, 1382.2 ], [ 47.6873937, -18.8731079, 1376.5 ], [ 47.6873937, -18.8730521, 1376.0 ], [ 47.6874018, -18.8727602, 1373.0 ], [ 47.6873964, -18.8726282, 1371.5 ], [ 47.687383, -18.872514, 1370.2 ], [ 47.6873535, -18.8724328, 1369.2 ], [ 47.6872972, -18.8723135, 1367.8 ], [ 47.6871952, -18.8721764, 1366.0 ], [ 47.6869217, -18.8717932, 1362.5 ], [ 47.6866588, -18.8714277, 1361.8 ], [ 47.6866186, -18.8713338, 1361.5 ], [ 47.6865703, -18.871179, 1361.0 ], [ 47.6865622, -18.8710419, 1360.5 ], [ 47.6865757, -18.8709125, 1360.2 ], [ 47.6867339, -18.8700597, 1359.5 ], [ 47.68675, -18.8698567, 1359.4 ], [ 47.6867285, -18.8697044, 1359.2 ], [ 47.6866052, -18.8692247, 1357.5 ], [ 47.6865381, -18.869009, 1357.0 ], [ 47.6861948, -18.8677704, 1354.2 ], [ 47.6860955, -18.8674024, 1352.8 ], [ 47.6860714, -18.8672577, 1352.5 ], [ 47.6860741, -18.866844, 1351.0 ], [ 47.6860312, -18.8666714, 1350.2 ], [ 47.6859131, -18.8665267, 1349.2 ], [ 47.6857871, -18.8663998, 1349.0 ], [ 47.6855698, -18.866212, 1348.5 ], [ 47.6849127, -18.8656663, 1351.0 ], [ 47.6847759, -18.8655191, 1351.5 ], [ 47.6846176, -18.8653135, 1352.0 ], [ 47.6845747, -18.8652551, 1352.2 ], [ 47.6844031, -18.864981, 1352.4 ], [ 47.6843414, -18.8648668, 1352.5 ], [ 47.6842877, -18.8648033, 1352.5 ], [ 47.6842448, -18.8647678, 1352.6 ], [ 47.6841778, -18.8647221, 1352.6 ], [ 47.684108, -18.8646942, 1352.6 ], [ 47.6840195, -18.8646688, 1352.7 ], [ 47.6839149, -18.8646587, 1352.8 ], [ 47.6837271, -18.8646561, 1352.5 ], [ 47.6833463, -18.8646637, 1352.0 ], [ 47.6829681, -18.8646637, 1351.5 ], [ 47.6826945, -18.8646409, 1350.8 ], [ 47.6825443, -18.864613, 1349.5 ], [ 47.6824397, -18.8645774, 1348.5 ], [ 47.6823378, -18.8645343, 1347.8 ], [ 47.6821768, -18.8644429, 1347.0 ], [ 47.6804468, -18.8635063, 1351.5 ], [ 47.6798353, -18.8631637, 1350.9 ], [ 47.6797226, -18.8631028, 1350.8 ], [ 47.6795214, -18.8630215, 1350.9 ], [ 47.6793873, -18.862986, 1351.0 ], [ 47.6792291, -18.8629581, 1350.8 ], [ 47.6790172, -18.8629378, 1350.2 ], [ 47.6785934, -18.8628794, 1348.2 ], [ 47.6784083, -18.8628616, 1348.0 ], [ 47.678006, -18.8628261, 1347.2 ], [ 47.6778048, -18.8628236, 1346.8 ], [ 47.6776305, -18.8628363, 1347.0 ], [ 47.6765603, -18.8629708, 1348.2 ], [ 47.6763833, -18.8629759, 1348.0 ], [ 47.6762491, -18.8629657, 1347.5 ], [ 47.6760802, -18.8629251, 1346.5 ], [ 47.6757824, -18.8628439, 1346.0 ], [ 47.6755679, -18.8627703, 1345.8 ], [ 47.6753828, -18.8627094, 1345.5 ], [ 47.6748919, -18.8625596, 1344.8 ], [ 47.6746935, -18.8625114, 1344.0 ], [ 47.6737118, -18.8622068, 1343.2 ], [ 47.6735213, -18.8621459, 1343.0 ], [ 47.6733711, -18.8621078, 1342.5 ], [ 47.6732183, -18.8620799, 1342.4 ], [ 47.6730976, -18.86209, 1342.3 ], [ 47.6729581, -18.8621256, 1342.2 ], [ 47.6728374, -18.8621814, 1342.0 ], [ 47.6727355, -18.8622246, 1341.8 ], [ 47.6722848, -18.8624682, 1342.8 ], [ 47.6721239, -18.8625215, 1342.5 ], [ 47.6719898, -18.8625368, 1342.0 ], [ 47.6718637, -18.8625342, 1341.8 ], [ 47.6717296, -18.8625165, 1341.5 ], [ 47.6715928, -18.8624835, 1341.0 ], [ 47.6715124, -18.8624682, 1340.8 ], [ 47.671448, -18.8624581, 1340.7 ], [ 47.6713139, -18.862453, 1340.5 ], [ 47.671212, -18.8624657, 1341.0 ], [ 47.6711208, -18.8625063, 1341.5 ], [ 47.6709974, -18.8625824, 1342.0 ], [ 47.6705146, -18.8629454, 1342.8 ], [ 47.6701632, -18.8632119, 1343.7 ], [ 47.6700559, -18.8632982, 1344.0 ], [ 47.6699969, -18.8633464, 1344.1 ], [ 47.6699004, -18.8634175, 1344.3 ], [ 47.669785, -18.8635165, 1344.5 ], [ 47.6692057, -18.8639683, 1344.2 ], [ 47.6686585, -18.8643693, 1342.8 ], [ 47.6683125, -18.8646409, 1340.8 ], [ 47.6681167, -18.8647881, 1340.2 ], [ 47.6679128, -18.8649125, 1340.8 ], [ 47.6675642, -18.8651181, 1342.0 ], [ 47.6672879, -18.8652805, 1343.8 ], [ 47.6670867, -18.8653998, 1344.1 ], [ 47.6668587, -18.8655242, 1344.5 ], [ 47.6667729, -18.8655673, 1344.2 ], [ 47.6666442, -18.8656003, 1344.0 ], [ 47.66651, -18.8656257, 1343.9 ], [ 47.666215, -18.8656257, 1343.8 ], [ 47.6660031, -18.8656282, 1343.8 ], [ 47.6658797, -18.8656485, 1343.5 ], [ 47.665759, -18.8656891, 1343.0 ], [ 47.6656598, -18.8657424, 1342.2 ], [ 47.6655364, -18.865844, 1341.2 ], [ 47.6650697, -18.8662831, 1340.1 ], [ 47.664485, -18.8668414, 1338.5 ], [ 47.6643589, -18.8669328, 1338.2 ], [ 47.6642221, -18.8670064, 1338.0 ], [ 47.6640826, -18.8670648, 1337.5 ], [ 47.6638761, -18.8671308, 1336.5 ], [ 47.6636964, -18.8671562, 1335.2 ], [ 47.6634872, -18.8671815, 1333.5 ], [ 47.6633772, -18.8671993, 1332.5 ], [ 47.6632914, -18.8672298, 1331.8 ], [ 47.6632217, -18.8672653, 1331.0 ], [ 47.6631331, -18.8673338, 1330.4 ], [ 47.6629186, -18.8675039, 1329.0 ], [ 47.6628408, -18.867547, 1328.9 ], [ 47.6627657, -18.8675775, 1328.8 ], [ 47.6626691, -18.8675902, 1328.2 ], [ 47.6625538, -18.8676054, 1327.5 ], [ 47.662358, -18.867613, 1326.2 ], [ 47.6621622, -18.8676257, 1326.1 ], [ 47.6620495, -18.8676435, 1326.0 ], [ 47.6619342, -18.8676739, 1325.9 ], [ 47.661835, -18.8677222, 1325.8 ], [ 47.6617411, -18.8677704, 1325.6 ], [ 47.6616499, -18.867844, 1325.5 ], [ 47.6615641, -18.867943, 1325.8 ], [ 47.6615319, -18.8679836, 1326.0 ], [ 47.6614863, -18.8680293, 1326.2 ], [ 47.6614273, -18.8680826, 1326.4 ], [ 47.6613763, -18.8681206, 1326.5 ], [ 47.6612905, -18.8681562, 1326.8 ], [ 47.6611885, -18.8681942, 1327.0 ], [ 47.6610169, -18.8682501, 1327.2 ], [ 47.6608238, -18.8683059, 1327.5 ], [ 47.6605958, -18.868377, 1327.8 ], [ 47.6599789, -18.868613, 1327.2 ], [ 47.6596543, -18.8687348, 1326.0 ], [ 47.659547, -18.8687704, 1325.2 ], [ 47.6594397, -18.8687907, 1324.5 ], [ 47.6593029, -18.8687958, 1323.5 ], [ 47.6592252, -18.8687831, 1323.0 ], [ 47.6591474, -18.8687602, 1322.5 ], [ 47.6590025, -18.8686968, 1321.2 ], [ 47.658729, -18.8685902, 1320.0 ], [ 47.6585734, -18.868542, 1319.5 ], [ 47.6583803, -18.8685064, 1319.1 ], [ 47.6583079, -18.8685064, 1319.0 ], [ 47.658214, -18.8685242, 1318.9 ], [ 47.6579887, -18.8685876, 1318.8 ], [ 47.6577473, -18.8686536, 1318.5 ], [ 47.6576293, -18.8686993, 1318.2 ], [ 47.6575246, -18.8687425, 1318.0 ], [ 47.6574442, -18.8687958, 1317.9 ], [ 47.6573503, -18.8688922, 1317.8 ], [ 47.6572564, -18.8690115, 1317.8 ], [ 47.6571116, -18.8691917, 1318.0 ], [ 47.6569319, -18.8693973, 1316.8 ], [ 47.65683, -18.8694836, 1316.2 ], [ 47.6566771, -18.8696079, 1316.0 ], [ 47.6564088, -18.8697831, 1316.5 ], [ 47.6560628, -18.8699963, 1316.8 ], [ 47.6554459, -18.8703947, 1315.5 ], [ 47.6550409, -18.8706892, 1315.8 ], [ 47.6549256, -18.8707678, 1316.0 ], [ 47.6547003, -18.87091, 1315.8 ], [ 47.6545903, -18.8709658, 1316.0 ], [ 47.6545367, -18.8709861, 1316.2 ], [ 47.6544642, -18.8710115, 1316.5 ], [ 47.654357, -18.8710166, 1316.6 ], [ 47.6541826, -18.8710166, 1316.8 ], [ 47.6539975, -18.8709937, 1316.8 ], [ 47.653394, -18.8709227, 1317.0 ], [ 47.6532143, -18.8708871, 1317.0 ], [ 47.6530105, -18.8708668, 1317.2 ], [ 47.6528791, -18.870882, 1317.5 ], [ 47.6527959, -18.8709074, 1317.6 ], [ 47.6527101, -18.8709658, 1317.7 ], [ 47.652643, -18.8710445, 1317.8 ], [ 47.6525733, -18.8711536, 1317.5 ], [ 47.6525223, -18.8712754, 1317.4 ], [ 47.6524258, -18.8715267, 1317.2 ], [ 47.6523507, -18.8717196, 1317.4 ], [ 47.6522917, -18.8718262, 1317.5 ], [ 47.6522326, -18.8719125, 1317.6 ], [ 47.65212, -18.8720242, 1317.8 ], [ 47.6519859, -18.8721206, 1317.6 ], [ 47.6515943, -18.8723947, 1317.2 ], [ 47.6513636, -18.872547, 1316.8 ], [ 47.6511946, -18.8726333, 1317.0 ], [ 47.6510364, -18.8726917, 1317.1 ], [ 47.6504597, -18.8728109, 1317.2 ], [ 47.6502934, -18.8728414, 1317.8 ], [ 47.6500949, -18.8728947, 1317.5 ], [ 47.6500091, -18.8729378, 1317.0 ], [ 47.6499501, -18.8729861, 1316.8 ], [ 47.6498643, -18.8730901, 1316.7 ], [ 47.6497892, -18.8731713, 1316.7 ], [ 47.649655, -18.8732932, 1316.6 ], [ 47.6495478, -18.8733439, 1316.6 ], [ 47.6494002, -18.8733744, 1316.5 ], [ 47.6492688, -18.8733947, 1316.4 ], [ 47.6491079, -18.8734124, 1316.2 ], [ 47.6489416, -18.873448, 1316.5 ], [ 47.6488343, -18.8734886, 1316.6 ], [ 47.6487887, -18.8735165, 1316.7 ], [ 47.6487431, -18.8735546, 1316.8 ], [ 47.6486894, -18.8736231, 1316.5 ], [ 47.648617, -18.8737246, 1316.2 ], [ 47.6483864, -18.8740114, 1316.1 ], [ 47.6483139, -18.8740901, 1316.1 ], [ 47.6482469, -18.8741459, 1316.1 ], [ 47.6479545, -18.8743287, 1316.0 ], [ 47.647697, -18.8745089, 1316.5 ], [ 47.6473913, -18.8747703, 1317.1 ], [ 47.6471633, -18.8749784, 1317.5 ], [ 47.646828, -18.8753439, 1316.5 ], [ 47.6464552, -18.8757728, 1314.0 ], [ 47.646372, -18.875854, 1313.8 ], [ 47.6462701, -18.8759454, 1313.2 ], [ 47.6462299, -18.8759682, 1313.0 ], [ 47.6461923, -18.8759885, 1312.8 ], [ 47.6460931, -18.8760215, 1312.2 ], [ 47.6459938, -18.8760469, 1311.8 ], [ 47.6459026, -18.8760646, 1311.2 ], [ 47.6457927, -18.8760697, 1310.8 ], [ 47.6452616, -18.8760976, 1310.2 ], [ 47.6451543, -18.8761002, 1310.0 ], [ 47.6450551, -18.8761078, 1309.9 ], [ 47.6449773, -18.8761281, 1309.8 ], [ 47.6449022, -18.8761687, 1309.7 ], [ 47.6448244, -18.8762271, 1309.6 ], [ 47.6447466, -18.8763032, 1309.5 ], [ 47.6444998, -18.8766078, 1310.0 ], [ 47.6444167, -18.8767093, 1310.2 ], [ 47.6443309, -18.8767905, 1310.5 ], [ 47.644245, -18.8768489, 1311.0 ], [ 47.6441538, -18.8769022, 1311.5 ], [ 47.6439661, -18.8770037, 1311.9 ], [ 47.643832, -18.8770671, 1312.2 ], [ 47.643604, -18.8771915, 1313.0 ], [ 47.643545, -18.8772346, 1313.0 ], [ 47.6434886, -18.8772778, 1313.1 ], [ 47.643317, -18.8774504, 1313.2 ], [ 47.6430193, -18.8777575, 1311.5 ], [ 47.64292, -18.877859, 1310.8 ], [ 47.6427886, -18.8779732, 1310.0 ], [ 47.6426893, -18.878029, 1309.2 ], [ 47.6425579, -18.8781026, 1308.5 ], [ 47.6422307, -18.8782194, 1307.4 ], [ 47.6420912, -18.8782625, 1307.0 ], [ 47.6420027, -18.8782904, 1307.0 ], [ 47.6410425, -18.8786102, 1306.2 ], [ 47.6399884, -18.8789833, 1307.8 ], [ 47.6398596, -18.8790416, 1308.8 ], [ 47.639747, -18.879133, 1309.2 ], [ 47.6394171, -18.8794629, 1310.5 ], [ 47.6392668, -18.8795848, 1311.0 ], [ 47.6391998, -18.8796406, 1311.2 ], [ 47.6385775, -18.8798969, 1313.8 ], [ 47.6380572, -18.8801126, 1314.5 ], [ 47.6379848, -18.8801507, 1314.2 ], [ 47.6376495, -18.880407, 1311.8 ], [ 47.6375583, -18.8804629, 1311.2 ], [ 47.6374671, -18.8805136, 1310.8 ], [ 47.6373705, -18.8805365, 1310.5 ], [ 47.6370513, -18.8805923, 1309.8 ], [ 47.636936, -18.8806151, 1309.5 ], [ 47.6368716, -18.8806304, 1309.2 ], [ 47.6368126, -18.8806532, 1308.8 ], [ 47.6367295, -18.8806913, 1308.0 ], [ 47.6366597, -18.8807293, 1307.2 ], [ 47.6365739, -18.8808004, 1306.2 ], [ 47.6364532, -18.88094, 1305.0 ], [ 47.6363915, -18.8809958, 1304.5 ], [ 47.6362628, -18.8810923, 1303.8 ], [ 47.6360321, -18.8812217, 1303.0 ], [ 47.6357692, -18.8813511, 1303.2 ], [ 47.6355225, -18.881478, 1304.0 ], [ 47.635332, -18.8815618, 1305.8 ], [ 47.6351738, -18.881643, 1307.0 ], [ 47.6350799, -18.8817115, 1307.5 ], [ 47.6350236, -18.8817547, 1308.0 ], [ 47.6349807, -18.8818029, 1308.2 ], [ 47.6349029, -18.8819069, 1309.0 ], [ 47.6347929, -18.8820719, 1308.8 ], [ 47.6345998, -18.8824272, 1308.5 ], [ 47.6343235, -18.8828967, 1307.2 ], [ 47.6341975, -18.8831023, 1306.7 ], [ 47.6341599, -18.8831505, 1306.5 ], [ 47.6341063, -18.8832215, 1306.4 ], [ 47.6340687, -18.8832621, 1306.3 ], [ 47.6340124, -18.8833053, 1306.2 ], [ 47.633948, -18.8833459, 1306.5 ], [ 47.633712, -18.8834753, 1306.9 ], [ 47.6333338, -18.8836961, 1307.4 ], [ 47.6332238, -18.8837545, 1307.6 ], [ 47.6331353, -18.8838052, 1307.8 ], [ 47.6327839, -18.8839093, 1308.0 ], [ 47.6326284, -18.8839677, 1307.8 ], [ 47.6325318, -18.884021, 1307.5 ], [ 47.6324379, -18.8840844, 1307.2 ], [ 47.6323414, -18.8841555, 1306.8 ], [ 47.6322234, -18.8842773, 1306.0 ], [ 47.6321107, -18.8844118, 1305.0 ], [ 47.63199, -18.8845691, 1304.9 ], [ 47.6317915, -18.884828, 1304.6 ], [ 47.6317084, -18.8849473, 1304.5 ], [ 47.6316065, -18.8851021, 1304.8 ], [ 47.6315287, -18.8852493, 1305.2 ], [ 47.6314375, -18.8854498, 1305.5 ], [ 47.6313221, -18.8856705, 1304.5 ], [ 47.6312444, -18.8857974, 1304.4 ], [ 47.63118, -18.8858609, 1304.3 ], [ 47.6311049, -18.8859319, 1304.2 ], [ 47.6310164, -18.8859954, 1304.3 ], [ 47.6309279, -18.8860436, 1304.4 ], [ 47.6308635, -18.886069, 1304.5 ], [ 47.6307642, -18.8860944, 1304.8 ], [ 47.6306167, -18.8861324, 1305.0 ], [ 47.6304585, -18.8861578, 1305.2 ], [ 47.6303431, -18.886173, 1305.5 ], [ 47.6301795, -18.8861933, 1305.6 ], [ 47.6299998, -18.8862339, 1305.8 ], [ 47.6299086, -18.8862619, 1305.5 ], [ 47.6298282, -18.8862974, 1305.0 ], [ 47.6297504, -18.8863456, 1304.2 ], [ 47.6296243, -18.886442, 1303.0 ], [ 47.6294687, -18.8865689, 1302.0 ], [ 47.6292703, -18.8867618, 1301.6 ], [ 47.6291388, -18.8868988, 1301.4 ], [ 47.6290745, -18.8869674, 1301.2 ], [ 47.6288143, -18.8873277, 1301.8 ], [ 47.6287419, -18.887414, 1301.8 ], [ 47.6286587, -18.8874851, 1301.9 ], [ 47.6285514, -18.8875612, 1301.9 ], [ 47.6284629, -18.887617, 1302.0 ], [ 47.6282698, -18.8877059, 1301.5 ], [ 47.628023, -18.8877947, 1300.5 ], [ 47.627551, -18.8879393, 1299.5 ], [ 47.6273015, -18.888018, 1298.8 ], [ 47.6271996, -18.8880586, 1298.5 ], [ 47.6271218, -18.8880916, 1298.0 ], [ 47.6270494, -18.8881297, 1297.5 ], [ 47.6269555, -18.8881855, 1296.8 ], [ 47.6264673, -18.8884672, 1295.8 ], [ 47.6261643, -18.8886423, 1296.2 ], [ 47.6259685, -18.888759, 1297.5 ], [ 47.6258773, -18.8888199, 1298.2 ], [ 47.6258317, -18.888858, 1298.5 ], [ 47.6257861, -18.8888986, 1298.8 ], [ 47.6257458, -18.8889392, 1299.0 ], [ 47.6256117, -18.8891042, 1300.8 ], [ 47.6255795, -18.8891854, 1301.5 ], [ 47.62555, -18.8892539, 1302.2 ], [ 47.6255205, -18.8893351, 1303.0 ], [ 47.6254991, -18.8894163, 1303.5 ], [ 47.6253462, -18.8900178, 1304.0 ], [ 47.6251933, -18.8905126, 1302.2 ], [ 47.6251772, -18.8905608, 1302.2 ], [ 47.6251423, -18.8906547, 1302.0 ], [ 47.6250136, -18.8909288, 1301.5 ], [ 47.6249841, -18.8909618, 1301.4 ], [ 47.6249492, -18.8909897, 1301.4 ], [ 47.6249063, -18.8910202, 1301.3 ], [ 47.6248634, -18.8910405, 1301.2 ], [ 47.6248205, -18.8910532, 1301.2 ], [ 47.6246086, -18.8910811, 1300.8 ], [ 47.6244664, -18.8910988, 1300.6 ], [ 47.6243994, -18.8911141, 1300.5 ], [ 47.6243323, -18.8911344, 1300.8 ], [ 47.6242706, -18.8911598, 1301.0 ], [ 47.6242197, -18.8911826, 1301.2 ], [ 47.6240829, -18.8912714, 1302.0 ], [ 47.6236188, -18.891543, 1303.0 ], [ 47.6234981, -18.8915937, 1303.5 ], [ 47.6233882, -18.8916292, 1304.0 ], [ 47.6233131, -18.8916394, 1304.1 ], [ 47.6232594, -18.8916394, 1304.1 ], [ 47.6231951, -18.8916343, 1304.2 ], [ 47.6230985, -18.8916115, 1304.2 ], [ 47.62301, -18.8915785, 1304.0 ], [ 47.6228839, -18.8915303, 1303.8 ], [ 47.6225889, -18.891411, 1303.0 ], [ 47.6224414, -18.8913602, 1302.5 ], [ 47.6223153, -18.8913475, 1302.2 ], [ 47.6221839, -18.891345, 1302.0 ], [ 47.6220739, -18.8913526, 1301.9 ], [ 47.6219398, -18.8913882, 1301.8 ], [ 47.6218164, -18.8914262, 1301.8 ], [ 47.6217198, -18.8914643, 1302.0 ], [ 47.6216206, -18.8915227, 1302.5 ], [ 47.6214436, -18.8916343, 1302.6 ], [ 47.6213658, -18.8916775, 1302.7 ], [ 47.621288, -18.8917104, 1302.8 ], [ 47.6212049, -18.8917307, 1302.5 ], [ 47.6211217, -18.8917409, 1302.0 ], [ 47.6209635, -18.8917561, 1301.0 ], [ 47.6207677, -18.8917764, 1299.8 ], [ 47.6205906, -18.8918094, 1298.8 ], [ 47.6203948, -18.8918526, 1298.0 ], [ 47.6201534, -18.8919109, 1297.0 ], [ 47.6200783, -18.8919312, 1296.5 ], [ 47.6200005, -18.8919617, 1295.8 ], [ 47.6199254, -18.8920023, 1295.2 ], [ 47.6198718, -18.8920429, 1295.2 ], [ 47.6198155, -18.8920962, 1295.1 ], [ 47.6197538, -18.8921672, 1295.0 ], [ 47.6194239, -18.8925682, 1296.5 ], [ 47.6192066, -18.8928245, 1297.5 ], [ 47.6191127, -18.8929184, 1298.2 ], [ 47.6190403, -18.8929768, 1298.8 ], [ 47.6189706, -18.8930174, 1298.9 ], [ 47.6189089, -18.8930377, 1299.0 ], [ 47.6188365, -18.8930504, 1298.8 ], [ 47.6187667, -18.8930529, 1298.2 ], [ 47.618697, -18.8930478, 1297.8 ], [ 47.6186353, -18.8930377, 1297.2 ], [ 47.6185468, -18.8930098, 1296.5 ], [ 47.6184019, -18.8929565, 1295.5 ], [ 47.6182142, -18.8929032, 1294.5 ], [ 47.6180908, -18.8928854, 1294.0 ], [ 47.6180184, -18.8928854, 1293.8 ], [ 47.6179379, -18.8928905, 1293.2 ], [ 47.6178601, -18.8929159, 1292.8 ], [ 47.6178011, -18.8929463, 1292.5 ], [ 47.617726, -18.8929945, 1292.5 ], [ 47.6176348, -18.8930707, 1292.4 ], [ 47.6172325, -18.8934767, 1292.2 ], [ 47.6169857, -18.8937406, 1292.8 ], [ 47.6168677, -18.8938599, 1293.0 ], [ 47.6167819, -18.8939208, 1292.5 ], [ 47.6166934, -18.8939842, 1292.0 ], [ 47.6166317, -18.8940096, 1291.8 ], [ 47.6165673, -18.8940274, 1291.5 ], [ 47.6163688, -18.8940832, 1291.1 ], [ 47.616291, -18.8941162, 1291.0 ], [ 47.6162133, -18.8941644, 1291.1 ], [ 47.6161569, -18.8942177, 1291.1 ], [ 47.6161167, -18.8942735, 1291.2 ], [ 47.6160818, -18.8943497, 1291.2 ], [ 47.6160094, -18.894578, 1291.5 ], [ 47.6159397, -18.8947887, 1291.7 ], [ 47.6158485, -18.8950069, 1292.0 ], [ 47.6157546, -18.8951972, 1292.8 ], [ 47.6157036, -18.8953343, 1293.2 ], [ 47.6156688, -18.8954485, 1293.3 ], [ 47.6156527, -18.8955728, 1293.4 ], [ 47.6156446, -18.8958875, 1293.5 ], [ 47.6156098, -18.8964331, 1292.5 ], [ 47.6155561, -18.8969254, 1291.2 ], [ 47.6155347, -18.8971056, 1290.5 ], [ 47.6154998, -18.8972832, 1290.0 ], [ 47.6154408, -18.8974837, 1289.8 ], [ 47.6153925, -18.8976664, 1289.5 ], [ 47.6153255, -18.8978034, 1289.2 ], [ 47.6152503, -18.8978567, 1289.0 ], [ 47.6151618, -18.8979075, 1288.9 ], [ 47.6150867, -18.8979252, 1288.8 ], [ 47.6150143, -18.8979328, 1288.8 ], [ 47.614899, -18.8978998, 1289.0 ], [ 47.6147649, -18.8978288, 1289.2 ], [ 47.614679, -18.8977019, 1289.0 ], [ 47.6144913, -18.8974608, 1289.2 ], [ 47.6142257, -18.8971462, 1289.0 ], [ 47.6140139, -18.8969584, 1288.8 ], [ 47.6134694, -18.8966133, 1287.0 ], [ 47.6133326, -18.8965168, 1286.5 ], [ 47.6131555, -18.8964026, 1286.0 ], [ 47.6129624, -18.8962656, 1286.5 ], [ 47.612536, -18.895956, 1287.1 ], [ 47.612426, -18.8958773, 1287.2 ], [ 47.6124018, -18.8958596, 1287.2 ], [ 47.6121551, -18.8956946, 1287.1 ], [ 47.6120478, -18.8956109, 1287.0 ], [ 47.6120156, -18.8955779, 1286.9 ], [ 47.6119593, -18.8955297, 1286.8 ], [ 47.6119244, -18.8954891, 1286.7 ], [ 47.6118949, -18.8954561, 1286.6 ], [ 47.6118761, -18.8954282, 1286.5 ], [ 47.6118547, -18.8953723, 1286.8 ], [ 47.6118279, -18.8952987, 1287.0 ], [ 47.611801, -18.8951871, 1287.2 ], [ 47.6117849, -18.8950805, 1287.5 ], [ 47.6117662, -18.8949765, 1287.8 ], [ 47.611734, -18.8948673, 1288.0 ], [ 47.6116776, -18.8947303, 1288.2 ], [ 47.6113907, -18.8940654, 1288.0 ], [ 47.6113692, -18.894002, 1288.0 ], [ 47.6113558, -18.8939436, 1288.0 ], [ 47.6113531, -18.8938802, 1286.5 ], [ 47.6113611, -18.8937863, 1285.8 ], [ 47.6114255, -18.8933828, 1282.0 ], [ 47.6114443, -18.893228, 1280.8 ], [ 47.6114604, -18.892992, 1279.0 ], [ 47.6114684, -18.8928524, 1278.0 ], [ 47.6114577, -18.8927331, 1276.8 ], [ 47.6114443, -18.8926824, 1276.2 ], [ 47.6114121, -18.8926189, 1275.5 ], [ 47.6113799, -18.8925733, 1274.8 ], [ 47.6113504, -18.8925377, 1274.2 ], [ 47.6113102, -18.8925073, 1273.8 ], [ 47.6112378, -18.8924743, 1273.0 ], [ 47.6111358, -18.8924489, 1272.0 ], [ 47.6110232, -18.8924438, 1271.0 ], [ 47.6109159, -18.892454, 1270.5 ], [ 47.6107952, -18.8924743, 1270.4 ], [ 47.6107013, -18.8925022, 1270.3 ], [ 47.6106074, -18.8925377, 1270.2 ], [ 47.6105216, -18.8925885, 1270.8 ], [ 47.6102614, -18.892794, 1272.5 ], [ 47.6100737, -18.892926, 1275.2 ], [ 47.6099584, -18.8929768, 1276.8 ], [ 47.6098725, -18.8929971, 1277.5 ], [ 47.6097652, -18.8930021, 1277.7 ], [ 47.6096579, -18.8929869, 1278.0 ], [ 47.6095667, -18.8929463, 1277.5 ], [ 47.6095104, -18.8929057, 1276.8 ], [ 47.6094192, -18.8928169, 1275.2 ], [ 47.6093146, -18.8926925, 1274.2 ], [ 47.6092476, -18.8925961, 1273.8 ], [ 47.6091939, -18.8925124, 1273.2 ], [ 47.609143, -18.8924235, 1272.8 ], [ 47.6091242, -18.8923119, 1272.0 ], [ 47.6091161, -18.8922307, 1271.5 ], [ 47.6091322, -18.8921241, 1271.0 ], [ 47.60921, -18.8919084, 1269.5 ], [ 47.6092878, -18.8916698, 1268.0 ], [ 47.6093227, -18.8915353, 1267.8 ], [ 47.609328, -18.8914313, 1267.5 ], [ 47.6093253, -18.8913602, 1267.2 ], [ 47.6093173, -18.8913019, 1267.2 ], [ 47.6092958, -18.8912207, 1267.1 ], [ 47.6092771, -18.8911623, 1267.0 ], [ 47.6092395, -18.8910811, 1267.2 ], [ 47.6091886, -18.8909948, 1267.5 ], [ 47.6091403, -18.8909339, 1267.6 ], [ 47.6090813, -18.8908679, 1267.7 ], [ 47.6090008, -18.8907943, 1267.8 ], [ 47.6088721, -18.8906979, 1268.0 ], [ 47.6087889, -18.8906421, 1268.1 ], [ 47.6087111, -18.8905938, 1268.2 ], [ 47.60829, -18.8903832, 1268.8 ], [ 47.6082042, -18.8903325, 1268.9 ], [ 47.6081103, -18.8902639, 1269.1 ], [ 47.6079816, -18.8901599, 1269.2 ], [ 47.6078367, -18.8900203, 1268.2 ], [ 47.6077482, -18.8899569, 1267.5 ], [ 47.6076651, -18.8899137, 1267.0 ], [ 47.60759, -18.8898883, 1266.9 ], [ 47.6074505, -18.8898604, 1266.8 ], [ 47.6073217, -18.8898503, 1266.8 ], [ 47.6070213, -18.8898427, 1267.0 ], [ 47.6066914, -18.8898554, 1266.0 ], [ 47.6065654, -18.8898655, 1265.9 ], [ 47.6064822, -18.8898883, 1265.9 ], [ 47.6063856, -18.8899239, 1265.8 ], [ 47.6062891, -18.8899848, 1265.8 ], [ 47.6061818, -18.8900685, 1265.5 ], [ 47.6060557, -18.8901751, 1264.8 ], [ 47.6059163, -18.8903071, 1264.6 ], [ 47.6057097, -18.8904949, 1264.5 ], [ 47.6055729, -18.890637, 1264.2 ], [ 47.6055086, -18.8907309, 1264.0 ], [ 47.605463, -18.8908172, 1264.2 ], [ 47.6054227, -18.8909009, 1264.5 ], [ 47.6053932, -18.8910126, 1265.0 ], [ 47.6053396, -18.8912308, 1265.8 ], [ 47.6052001, -18.8917713, 1267.3 ], [ 47.605117, -18.8921038, 1268.2 ], [ 47.6050821, -18.8922307, 1268.8 ], [ 47.6050392, -18.8923398, 1269.0 ], [ 47.6049748, -18.8924438, 1268.5 ], [ 47.6048997, -18.8925479, 1267.8 ], [ 47.6045966, -18.89286, 1265.5 ], [ 47.6044759, -18.8929945, 1265.0 ], [ 47.6041916, -18.8932965, 1264.8 ], [ 47.6039556, -18.893568, 1264.1 ], [ 47.60391, -18.893634, 1263.9 ], [ 47.6038617, -18.8937076, 1263.8 ], [ 47.6037893, -18.8938523, 1263.2 ], [ 47.6037142, -18.8940121, 1263.0 ], [ 47.6036578, -18.8941441, 1262.8 ], [ 47.603623, -18.894238, 1263.0 ], [ 47.603564, -18.8944562, 1262.8 ], [ 47.6035425, -18.8945882, 1262.6 ], [ 47.6035452, -18.8946719, 1262.6 ], [ 47.6035532, -18.8947481, 1262.5 ], [ 47.603572, -18.8948394, 1262.8 ], [ 47.6036069, -18.8949536, 1263.2 ], [ 47.6038, -18.8954358, 1265.8 ], [ 47.6038349, -18.8955424, 1265.8 ], [ 47.603851, -18.8956033, 1265.9 ], [ 47.6038563, -18.8956642, 1265.9 ], [ 47.6038536, -18.8957581, 1266.0 ], [ 47.6038295, -18.8959129, 1265.8 ], [ 47.6037759, -18.8960956, 1265.0 ], [ 47.6037142, -18.8962707, 1264.2 ], [ 47.6036203, -18.8964813, 1263.5 ], [ 47.6034915, -18.8966818, 1262.2 ], [ 47.6031804, -18.8970573, 1261.1 ], [ 47.603167, -18.8970751, 1261.0 ], [ 47.6030973, -18.8971563, 1260.8 ], [ 47.6029685, -18.8972857, 1260.6 ], [ 47.6029551, -18.8972984, 1260.6 ], [ 47.602939, -18.8973086, 1260.6 ], [ 47.6028639, -18.8973669, 1260.5 ], [ 47.6027781, -18.8974278, 1260.2 ], [ 47.6027673, -18.8974355, 1260.3 ], [ 47.6025367, -18.8975852, 1261.0 ], [ 47.6024267, -18.8976892, 1261.5 ], [ 47.6023892, -18.8977628, 1261.2 ], [ 47.6023784, -18.8978059, 1261.0 ], [ 47.6023677, -18.8978516, 1260.8 ], [ 47.602365, -18.8979252, 1260.5 ], [ 47.6023945, -18.8980293, 1260.0 ], [ 47.6024643, -18.8981308, 1259.2 ], [ 47.6026011, -18.8982323, 1259.0 ], [ 47.6027352, -18.898316, 1258.8 ], [ 47.6028237, -18.8983718, 1258.8 ], [ 47.6028666, -18.8983997, 1258.8 ], [ 47.60288, -18.8984099, 1258.8 ], [ 47.6029631, -18.8984784, 1258.9 ], [ 47.6029873, -18.8985038, 1258.9 ], [ 47.6030409, -18.8985596, 1258.9 ], [ 47.6030785, -18.8986078, 1258.9 ], [ 47.6030973, -18.8986383, 1259.0 ], [ 47.6031429, -18.8987068, 1259.0 ], [ 47.6032072, -18.8988159, 1259.0 ], [ 47.6032528, -18.8989123, 1259.0 ], [ 47.603344, -18.8991661, 1259.0 ], [ 47.6033548, -18.8994808, 1258.8 ], [ 47.6033092, -18.9000898, 1259.8 ], [ 47.603218, -18.9005491, 1262.5 ], [ 47.6032019, -18.9006176, 1262.8 ], [ 47.6031402, -18.900742, 1263.2 ], [ 47.6030007, -18.901181, 1264.5 ], [ 47.6028693, -18.9015311, 1262.8 ], [ 47.6026842, -18.9020006, 1260.5 ], [ 47.602585, -18.9021858, 1259.0 ], [ 47.6024616, -18.9024117, 1257.8 ], [ 47.6022229, -18.9027644, 1257.2 ], [ 47.6019681, -18.9030791, 1256.8 ], [ 47.6016864, -18.9033658, 1257.5 ], [ 47.6010829, -18.9038581, 1260.4 ], [ 47.6010695, -18.9038682, 1260.5 ], [ 47.5983498, -18.9056699, 1259.5 ], [ 47.5979823, -18.9058932, 1260.2 ], [ 47.5976229, -18.9061013, 1259.8 ], [ 47.5955817, -18.9070401, 1255.0 ], [ 47.5954342, -18.9071061, 1255.2 ], [ 47.5950131, -18.9072964, 1255.9 ], [ 47.5949433, -18.9073193, 1256.0 ], [ 47.5948602, -18.9073548, 1257.0 ], [ 47.5947663, -18.907403, 1257.2 ], [ 47.5943372, -18.9076288, 1259.0 ], [ 47.593849, -18.9079536, 1260.0 ], [ 47.5932401, -18.9085144, 1260.5 ], [ 47.5926125, -18.9092274, 1261.8 ], [ 47.5922182, -18.9095116, 1262.0 ], [ 47.5917703, -18.9097019, 1261.0 ], [ 47.5912553, -18.9098618, 1260.0 ], [ 47.5905365, -18.9100876, 1258.8 ], [ 47.5900456, -18.9104048, 1258.5 ], [ 47.5896513, -18.9108108, 1258.2 ], [ 47.5895494, -18.9109707, 1258.5 ], [ 47.5895038, -18.9110392, 1258.8 ], [ 47.5892651, -18.9114122, 1260.2 ], [ 47.5889379, -18.9118105, 1262.2 ], [ 47.5879857, -18.9126048, 1262.0 ], [ 47.5875995, -18.9131655, 1263.0 ], [ 47.5874197, -18.9136603, 1263.8 ], [ 47.5873849, -18.9143606, 1263.0 ], [ 47.5875136, -18.914858, 1261.8 ], [ 47.5876424, -18.915368, 1260.0 ], [ 47.5877309, -18.915911, 1258.0 ], [ 47.5877255, -18.9162916, 1257.5 ], [ 47.5876719, -18.9165225, 1257.2 ], [ 47.5875995, -18.916799, 1256.8 ], [ 47.5874975, -18.916997, 1256.5 ], [ 47.5873688, -18.9172456, 1255.8 ], [ 47.5871971, -18.9174714, 1255.7 ], [ 47.5865802, -18.9180931, 1255.5 ], [ 47.5859633, -18.918697, 1256.5 ], [ 47.5857997, -18.9188517, 1257.0 ], [ 47.5857487, -18.9189025, 1257.2 ], [ 47.5847295, -18.9199022, 1259.0 ], [ 47.5844425, -18.9202193, 1259.5 ], [ 47.584244, -18.9204731, 1259.4 ], [ 47.5840348, -18.9208258, 1259.2 ], [ 47.5838846, -18.9211302, 1259.2 ], [ 47.5835091, -18.9219295, 1259.0 ], [ 47.583442, -18.9220817, 1259.0 ], [ 47.5833535, -18.922173, 1258.8 ], [ 47.583324, -18.9222035, 1258.7 ], [ 47.5833026, -18.9222187, 1258.6 ], [ 47.5832838, -18.9222263, 1258.6 ], [ 47.5832543, -18.9222416, 1258.5 ], [ 47.5831845, -18.922272, 1257.0 ], [ 47.5831416, -18.9222872, 1256.8 ], [ 47.5830987, -18.9223101, 1257.0 ], [ 47.5830585, -18.9223507, 1256.8 ], [ 47.583029, -18.9223989, 1256.8 ], [ 47.5830156, -18.9224547, 1256.9 ], [ 47.5830182, -18.9225105, 1257.0 ], [ 47.5830317, -18.9225536, 1257.2 ], [ 47.5830558, -18.9225968, 1258.0 ], [ 47.5830317, -18.9227465, 1258.2 ], [ 47.583029, -18.9227668, 1258.3 ], [ 47.5830048, -18.9229647, 1259.0 ], [ 47.5829887, -18.9230027, 1259.2 ], [ 47.5829056, -18.9231829, 1259.8 ], [ 47.5825891, -18.9238299, 1259.1 ], [ 47.5824201, -18.9241902, 1258.8 ], [ 47.5820848, -18.9248701, 1259.0 ], [ 47.5813338, -18.9264889, 1262.5 ], [ 47.5811622, -18.9268669, 1263.2 ], [ 47.5809959, -18.9272729, 1263.8 ], [ 47.5809664, -18.9274378, 1264.2 ], [ 47.5809127, -18.9276712, 1264.5 ], [ 47.5808778, -18.9279097, 1264.8 ], [ 47.580851, -18.9280898, 1265.0 ], [ 47.5808296, -18.9283258, 1265.1 ], [ 47.5808242, -18.9285871, 1265.2 ], [ 47.5808457, -18.928917, 1264.5 ], [ 47.5808832, -18.9292417, 1263.0 ], [ 47.580961, -18.9295792, 1261.2 ], [ 47.5811219, -18.9301069, 1258.5 ], [ 47.581138, -18.9301652, 1258.2 ], [ 47.5811648, -18.9302515, 1257.8 ], [ 47.5812533, -18.9305534, 1257.1 ], [ 47.5816557, -18.931926, 1254.0 ], [ 47.5816825, -18.9320072, 1254.0 ], [ 47.5816959, -18.9320402, 1254.0 ], [ 47.5817227, -18.9323472, 1254.0 ], [ 47.5817227, -18.9325197, 1254.0 ], [ 47.5816825, -18.932748, 1254.0 ], [ 47.581645, -18.9327988, 1254.0 ], [ 47.5816074, -18.9328876, 1254.0 ], [ 47.5815994, -18.9329789, 1254.0 ], [ 47.5816154, -18.9330728, 1254.0 ], [ 47.581661, -18.9331565, 1254.0 ], [ 47.581712, -18.9332149, 1254.0 ], [ 47.5817925, -18.9333544, 1254.0 ], [ 47.5818488, -18.9335294, 1254.0 ], [ 47.5818595, -18.9336335, 1254.0 ], [ 47.5818568, -18.9337273, 1254.0 ], [ 47.5818032, -18.9340191, 1254.0 ], [ 47.5817174, -18.9342804, 1254.0 ], [ 47.5815511, -18.9345164, 1254.0 ], [ 47.5814009, -18.9346889, 1254.0 ], [ 47.5812051, -18.9348919, 1253.9 ], [ 47.5809985, -18.9350441, 1253.9 ], [ 47.5808081, -18.935138, 1253.9 ], [ 47.580725, -18.935176, 1253.9 ], [ 47.5805265, -18.9352648, 1253.9 ], [ 47.5800759, -18.9353536, 1253.8 ], [ 47.5795957, -18.9353739, 1253.8 ], [ 47.5788394, -18.9353917, 1253.8 ], [ 47.575103, -18.9354678, 1253.5 ], [ 47.5742769, -18.9355109, 1253.4 ], [ 47.574006, -18.9355236, 1253.4 ], [ 47.5738719, -18.9355413, 1253.4 ], [ 47.5728339, -18.9356758, 1253.3 ], [ 47.5720721, -18.9357748, 1253.3 ], [ 47.5711682, -18.9359752, 1253.2 ], [ 47.5700015, -18.9363177, 1253.1 ], [ 47.5693658, -18.9365308, 1253.0 ], [ 47.5687999, -18.9367414, 1253.0 ], [ 47.5679523, -18.9371016, 1252.9 ], [ 47.5671449, -18.9374797, 1252.8 ], [ 47.566748, -18.9376928, 1252.8 ], [ 47.5659567, -18.9381723, 1252.7 ], [ 47.5658575, -18.9382433, 1252.6 ], [ 47.5653586, -18.9385858, 1252.6 ], [ 47.5647578, -18.9389968, 1252.5 ], [ 47.5643849, -18.9393088, 1253.0 ], [ 47.563422, -18.9401055, 1252.2 ], [ 47.5608766, -18.9422188, 1253.2 ], [ 47.5606513, -18.942409, 1253.2 ], [ 47.560595, -18.9424572, 1253.1 ], [ 47.5595811, -18.943297, 1252.7 ], [ 47.5583392, -18.944327, 1252.2 ], [ 47.5576097, -18.9449485, 1252.1 ], [ 47.5572985, -18.9452149, 1252.0 ], [ 47.55721, -18.945258, 1252.0 ], [ 47.5571242, -18.9453265, 1252.0 ], [ 47.5570947, -18.9453164, 1252.0 ], [ 47.5570652, -18.9453164, 1252.0 ], [ 47.557033, -18.945324, 1252.0 ], [ 47.5570062, -18.9453392, 1252.0 ], [ 47.5569847, -18.9453671, 1252.0 ], [ 47.556974, -18.9454001, 1252.0 ], [ 47.5569767, -18.9454331, 1252.0 ], [ 47.5568318, -18.9455574, 1252.0 ], [ 47.5567031, -18.9456893, 1252.0 ], [ 47.5562122, -18.946085, 1252.1 ], [ 47.5518617, -18.9497229, 1252.7 ], [ 47.5515667, -18.9499715, 1252.7 ], [ 47.5513279, -18.9501745, 1252.8 ], [ 47.5510356, -18.9504079, 1253.0 ], [ 47.5489515, -18.9521151, 1252.2 ], [ 47.5483641, -18.9526352, 1252.1 ], [ 47.5482246, -18.9527772, 1252.0 ], [ 47.5481603, -18.952861, 1252.0 ], [ 47.5480101, -18.95297, 1251.9 ], [ 47.5479564, -18.953036, 1251.9 ], [ 47.5479054, -18.953107, 1251.8 ], [ 47.5478518, -18.9532009, 1251.8 ], [ 47.5478035, -18.9532922, 1251.5 ], [ 47.547766, -18.9533785, 1251.2 ], [ 47.5477633, -18.9533861, 1251.2 ], [ 47.5477204, -18.9534774, 1251.0 ], [ 47.5476855, -18.9534825, 1251.0 ], [ 47.5476399, -18.9535028, 1251.0 ], [ 47.5476158, -18.9535256, 1251.0 ], [ 47.5475997, -18.9535535, 1251.0 ], [ 47.5475916, -18.9535839, 1251.0 ], [ 47.5475889, -18.9536017, 1251.0 ], [ 47.5475997, -18.9536423, 1251.0 ], [ 47.5476184, -18.9536702, 1251.0 ], [ 47.5476077, -18.9537691, 1251.0 ], [ 47.5475997, -18.9539112, 1251.0 ], [ 47.5475943, -18.9540279, 1251.0 ], [ 47.5475916, -18.9541116, 1251.0 ], [ 47.5475863, -18.954246, 1251.0 ], [ 47.5475782, -18.9543678, 1251.0 ], [ 47.5475755, -18.9544566, 1251.0 ], [ 47.5475836, -18.9545454, 1251.0 ], [ 47.5475621, -18.9547432, 1251.0 ], [ 47.5475568, -18.954794, 1251.0 ], [ 47.5475541, -18.9548701, 1251.1 ], [ 47.5475004, -18.9557351, 1252.0 ], [ 47.5474951, -18.9558214, 1252.0 ], [ 47.547428, -18.9568437, 1252.0 ], [ 47.5474039, -18.9571684, 1252.0 ], [ 47.5473824, -18.9576808, 1252.0 ], [ 47.5473663, -18.957937, 1252.0 ], [ 47.5473583, -18.9580715, 1252.0 ], [ 47.5473529, -18.958211, 1252.0 ], [ 47.5473315, -18.9583759, 1252.0 ], [ 47.5473261, -18.9584241, 1252.0 ], [ 47.5472832, -18.9592333, 1251.2 ], [ 47.5472483, -18.9602758, 1253.0 ], [ 47.5472644, -18.9614503, 1254.5 ], [ 47.5473288, -18.9624345, 1256.5 ], [ 47.5474092, -18.9634061, 1254.8 ], [ 47.5475138, -18.9642178, 1254.0 ], [ 47.5476372, -18.9648925, 1253.2 ], [ 47.5479323, -18.9663029, 1251.2 ], [ 47.5481442, -18.9671882, 1252.2 ], [ 47.5482032, -18.9674063, 1252.5 ], [ 47.548238, -18.9675788, 1252.8 ], [ 47.5482756, -18.9677462, 1252.6 ], [ 47.5484338, -18.9684945, 1252.0 ], [ 47.5484177, -18.9688141, 1251.2 ], [ 47.5483775, -18.9691337, 1251.0 ], [ 47.5482649, -18.9695294, 1251.2 ], [ 47.5480288, -18.9699429, 1251.4 ], [ 47.545875, -18.9724642, 1253.0 ], [ 47.5454351, -18.9730273, 1253.4 ], [ 47.5452071, -18.9733646, 1253.6 ], [ 47.5450382, -18.9736436, 1253.8 ], [ 47.5449014, -18.9739404, 1254.8 ], [ 47.5448102, -18.9741636, 1255.0 ], [ 47.5447431, -18.9743868, 1255.2 ], [ 47.5446922, -18.9746227, 1255.5 ], [ 47.54466, -18.9748738, 1256.2 ], [ 47.5446358, -18.975338, 1257.0 ], [ 47.5446358, -18.9758123, 1257.2 ], [ 47.5447136, -18.9765682, 1258.8 ], [ 47.5447485, -18.9773266, 1257.8 ], [ 47.5447163, -18.97809, 1256.2 ], [ 47.5446117, -18.9789017, 1255.8 ], [ 47.5443918, -18.9796981, 1255.5 ], [ 47.5440967, -18.9805808, 1253.8 ], [ 47.5435576, -18.9821457, 1251.2 ], [ 47.5433323, -18.9829015, 1252.2 ], [ 47.5430909, -18.9837639, 1256.0 ], [ 47.5428656, -18.984852, 1258.0 ], [ 47.5428602, -18.9849179, 1258.0 ], [ 47.5425732, -18.9867567, 1257.8 ], [ 47.5424954, -18.9870687, 1257.2 ], [ 47.5423801, -18.9873502, 1257.5 ], [ 47.5422862, -18.9875658, 1257.2 ], [ 47.5421199, -18.987789, 1258.0 ], [ 47.5417712, -18.9881491, 1259.0 ], [ 47.5412402, -18.9885955, 1258.8 ], [ 47.5406876, -18.9890165, 1257.4 ], [ 47.5405186, -18.9891433, 1257.0 ], [ 47.539722, -18.9897901, 1257.2 ], [ 47.5395182, -18.9900006, 1257.2 ], [ 47.539368, -18.9901933, 1257.8 ], [ 47.5391212, -18.9905662, 1258.1 ], [ 47.5389469, -18.9909999, 1258.5 ], [ 47.5386974, -18.9921741, 1260.5 ], [ 47.5384721, -18.9934904, 1259.0 ], [ 47.5383192, -18.9942462, 1261.0 ], [ 47.5381207, -18.9945074, 1261.2 ], [ 47.5379974, -18.9946621, 1261.8 ], [ 47.537823, -18.9947991, 1262.0 ], [ 47.5376353, -18.9949132, 1262.0 ], [ 47.5375012, -18.9949715, 1262.0 ], [ 47.5373724, -18.9950096, 1262.0 ], [ 47.5371525, -18.9950628, 1262.0 ], [ 47.5370881, -18.9950654, 1262.0 ], [ 47.5370264, -18.9950806, 1262.0 ], [ 47.5369728, -18.9951009, 1262.1 ], [ 47.5369218, -18.9951313, 1262.2 ], [ 47.5368789, -18.9951668, 1262.2 ], [ 47.5368413, -18.9952099, 1262.5 ], [ 47.5368091, -18.9952581, 1262.8 ], [ 47.5367877, -18.9953088, 1262.8 ], [ 47.536777, -18.9953646, 1262.8 ], [ 47.5367716, -18.9954204, 1262.9 ], [ 47.536777, -18.9954737, 1262.9 ], [ 47.5367931, -18.9955295, 1263.0 ], [ 47.5368145, -18.9955802, 1263.0 ], [ 47.536844, -18.9956233, 1263.0 ], [ 47.5368869, -18.9957045, 1263.2 ], [ 47.5369862, -18.9958896, 1263.8 ], [ 47.537021, -18.9960342, 1264.2 ], [ 47.5370371, -18.9961762, 1264.8 ], [ 47.5370371, -18.9963994, 1265.5 ], [ 47.5370184, -18.996511, 1266.0 ], [ 47.5369701, -18.9967367, 1267.0 ], [ 47.5369433, -18.9968305, 1267.5 ], [ 47.5368387, -18.9971171, 1268.8 ], [ 47.5367689, -18.9972845, 1269.8 ], [ 47.5366938, -18.9974265, 1270.5 ], [ 47.5362539, -18.9981518, 1272.8 ], [ 47.5361359, -18.9984257, 1274.5 ], [ 47.5360957, -18.9985297, 1275.2 ], [ 47.5360715, -18.9986337, 1275.8 ], [ 47.5360474, -18.9987402, 1276.2 ], [ 47.536042, -18.9988366, 1276.5 ], [ 47.5360394, -18.9988645, 1277.0 ], [ 47.5360501, -18.9990243, 1277.5 ], [ 47.5361413, -18.9994427, 1279.5 ], [ 47.5362834, -19.0001427, 1279.8 ], [ 47.5364041, -19.0007285, 1280.5 ], [ 47.536431, -19.0008274, 1281.0 ], [ 47.5364766, -19.0009111, 1281.2 ], [ 47.5365195, -19.0010125, 1281.5 ], [ 47.5365838, -19.0011064, 1281.3 ], [ 47.5366643, -19.0011926, 1281.1 ], [ 47.5367528, -19.0012636, 1280.9 ], [ 47.5373805, -19.0017455, 1279.5 ], [ 47.5375172, -19.0018444, 1279.2 ], [ 47.5376809, -19.0019661, 1278.5 ], [ 47.5377721, -19.0020396, 1278.0 ], [ 47.5378606, -19.0021259, 1277.8 ], [ 47.5379384, -19.0022476, 1277.2 ], [ 47.5379893, -19.0023643, 1276.8 ], [ 47.5380537, -19.0025671, 1276.2 ], [ 47.5380966, -19.0027599, 1276.0 ], [ 47.5384077, -19.0038859, 1273.5 ], [ 47.5384212, -19.0039569, 1273.5 ], [ 47.5387135, -19.0049713, 1273.2 ], [ 47.5387377, -19.0050702, 1272.8 ], [ 47.5388771, -19.005623, 1271.2 ], [ 47.5391427, -19.0066755, 1273.0 ], [ 47.539199, -19.0069138, 1273.8 ], [ 47.5392285, -19.0071624, 1275.0 ], [ 47.5392312, -19.0072765, 1275.5 ], [ 47.5392205, -19.0074515, 1276.0 ], [ 47.5391883, -19.007733, 1277.0 ], [ 47.5391561, -19.0079181, 1277.8 ], [ 47.5390676, -19.0082224, 1278.0 ], [ 47.5389817, -19.0084481, 1278.8 ], [ 47.5388879, -19.0087372, 1279.8 ], [ 47.5385472, -19.0097567, 1282.2 ], [ 47.5383782, -19.0102385, 1286.5 ], [ 47.5383246, -19.0103526, 1287.2 ], [ 47.5382066, -19.0105276, 1288.2 ], [ 47.5381449, -19.0106087, 1288.8 ], [ 47.5379974, -19.0107761, 1289.0 ], [ 47.5378472, -19.0109587, 1288.5 ], [ 47.5377104, -19.0112072, 1288.8 ], [ 47.5376272, -19.011438, 1289.0 ], [ 47.537528, -19.011722, 1289.2 ], [ 47.5374904, -19.0118437, 1289.5 ], [ 47.5373563, -19.0123154, 1290.2 ], [ 47.5373241, -19.0124802, 1290.5 ], [ 47.5373188, -19.012536, 1290.6 ], [ 47.5373188, -19.0126045, 1290.8 ], [ 47.5373214, -19.0126577, 1291.0 ], [ 47.5373268, -19.0127161, 1291.2 ], [ 47.5373617, -19.012886, 1292.2 ], [ 47.5379196, -19.0145419, 1296.5 ], [ 47.5380617, -19.0149527, 1298.2 ], [ 47.5381663, -19.0153407, 1301.2 ], [ 47.5381932, -19.0154776, 1302.5 ], [ 47.5382012, -19.0156222, 1303.2 ], [ 47.5381932, -19.0157515, 1303.8 ], [ 47.538161, -19.0158783, 1304.2 ], [ 47.5381154, -19.0159848, 1304.5 ], [ 47.5380322, -19.0160989, 1304.8 ], [ 47.5379223, -19.0162003, 1305.0 ], [ 47.5376245, -19.0164032, 1306.2 ], [ 47.5372651, -19.0166618, 1309.0 ], [ 47.5370747, -19.0168115, 1309.5 ], [ 47.5369164, -19.0169433, 1310.5 ], [ 47.5368011, -19.0170828, 1311.5 ], [ 47.536734, -19.0172223, 1312.5 ], [ 47.5366858, -19.0173719, 1313.2 ], [ 47.5366482, -19.0176052, 1314.0 ], [ 47.5366482, -19.0176965, 1314.2 ], [ 47.5366509, -19.0177979, 1314.8 ], [ 47.5367153, -19.0181022, 1315.8 ], [ 47.5367743, -19.0183558, 1316.5 ], [ 47.5368708, -19.0186322, 1317.5 ], [ 47.5370023, -19.0189466, 1318.2 ], [ 47.5370827, -19.0191089, 1318.4 ], [ 47.5371873, -19.019261, 1318.5 ], [ 47.5372759, -19.0193752, 1319.0 ], [ 47.5373885, -19.0194842, 1320.2 ], [ 47.5377157, -19.0197758, 1323.0 ], [ 47.5377962, -19.0198595, 1324.2 ], [ 47.5378633, -19.0199533, 1325.2 ], [ 47.5378928, -19.0200167, 1325.5 ], [ 47.5379115, -19.0200902, 1325.3 ], [ 47.5379089, -19.0202145, 1325.0 ], [ 47.5378928, -19.0203464, 1324.2 ], [ 47.5377747, -19.0207774, 1321.0 ], [ 47.5377238, -19.0210462, 1319.0 ], [ 47.5377345, -19.0211781, 1318.2 ], [ 47.5377694, -19.021277, 1317.8 ], [ 47.537823, -19.0213657, 1317.8 ], [ 47.5378659, -19.0214342, 1317.9 ], [ 47.5379276, -19.0214925, 1318.0 ], [ 47.5380698, -19.0215965, 1317.8 ], [ 47.5382119, -19.0217258, 1317.2 ], [ 47.5382951, -19.0218146, 1317.0 ], [ 47.5383621, -19.0219109, 1316.8 ], [ 47.538448, -19.0221138, 1315.8 ], [ 47.5384909, -19.0223319, 1314.8 ], [ 47.5386438, -19.023014, 1313.0 ], [ 47.5386867, -19.0231762, 1313.5 ], [ 47.5387591, -19.0233969, 1314.2 ], [ 47.5388423, -19.0235668, 1314.5 ], [ 47.5389066, -19.0236606, 1314.2 ], [ 47.5390193, -19.0237772, 1313.2 ], [ 47.5390998, -19.0238381, 1313.0 ], [ 47.5391695, -19.0238786, 1312.8 ], [ 47.5397569, -19.0242666, 1309.8 ], [ 47.5402585, -19.0245937, 1308.0 ], [ 47.5403094, -19.0246267, 1307.8 ], [ 47.5414091, -19.0253595, 1302.2 ], [ 47.5416398, -19.0255167, 1301.8 ], [ 47.541849, -19.0256283, 1302.0 ], [ 47.5420314, -19.0256815, 1301.5 ], [ 47.5421628, -19.0257018, 1300.8 ], [ 47.5422648, -19.0256993, 1300.0 ], [ 47.5423747, -19.025679, 1299.2 ], [ 47.542474, -19.0256562, 1299.0 ], [ 47.5425705, -19.0256156, 1298.5 ], [ 47.5428092, -19.0254711, 1296.8 ], [ 47.5431231, -19.0252733, 1293.8 ], [ 47.5434127, -19.0251262, 1292.0 ], [ 47.5436971, -19.0250146, 1290.2 ], [ 47.5438365, -19.0249639, 1289.0 ], [ 47.5439787, -19.0249411, 1288.2 ], [ 47.5441718, -19.024969, 1287.0 ], [ 47.5443059, -19.0250273, 1286.0 ], [ 47.5444239, -19.0251161, 1285.2 ], [ 47.544499, -19.0252124, 1285.0 ], [ 47.5445607, -19.0253291, 1284.8 ], [ 47.5445849, -19.0254939, 1284.2 ], [ 47.5445741, -19.0259148, 1282.8 ], [ 47.5445688, -19.0260974, 1281.8 ], [ 47.5445393, -19.0262571, 1281.0 ], [ 47.5445151, -19.0263636, 1280.8 ], [ 47.5444615, -19.0265107, 1280.6 ], [ 47.5442255, -19.0269925, 1280.2 ], [ 47.5441772, -19.0271269, 1280.0 ], [ 47.5441396, -19.0272486, 1279.5 ], [ 47.5441208, -19.0273373, 1279.0 ], [ 47.5441074, -19.0274311, 1278.5 ], [ 47.5441208, -19.0275909, 1277.2 ], [ 47.5441396, -19.0277278, 1276.0 ], [ 47.544145, -19.0277582, 1275.8 ], [ 47.5442255, -19.0279357, 1274.2 ], [ 47.5444964, -19.0283516, 1273.2 ], [ 47.5445473, -19.0284251, 1273.0 ], [ 47.544727, -19.0287218, 1273.8 ], [ 47.5447834, -19.0288663, 1274.8 ], [ 47.5448129, -19.0289652, 1275.5 ], [ 47.5448209, -19.0290641, 1276.2 ], [ 47.5448129, -19.0291681, 1277.0 ], [ 47.5447887, -19.0292669, 1277.8 ], [ 47.5447404, -19.029414, 1278.8 ], [ 47.54466, -19.0295205, 1279.5 ], [ 47.5445822, -19.0296042, 1280.2 ], [ 47.5444937, -19.0296777, 1281.0 ], [ 47.5443891, -19.0297411, 1281.8 ], [ 47.5442791, -19.0297944, 1282.2 ], [ 47.544027, -19.0298704, 1283.0 ], [ 47.5438339, -19.0299313, 1283.8 ], [ 47.5436541, -19.0300074, 1284.0 ], [ 47.5435576, -19.0300631, 1284.2 ], [ 47.5434718, -19.0301189, 1284.5 ], [ 47.5433752, -19.0301874, 1285.0 ], [ 47.5432894, -19.0302711, 1285.8 ], [ 47.5432116, -19.0303497, 1286.2 ], [ 47.5431579, -19.0304359, 1286.8 ], [ 47.5430775, -19.0306159, 1288.2 ], [ 47.5430185, -19.0307503, 1289.2 ], [ 47.5429353, -19.031052, 1291.0 ], [ 47.542887, -19.0312498, 1292.5 ], [ 47.5428683, -19.0313943, 1293.5 ], [ 47.5428656, -19.031587, 1294.8 ], [ 47.5429407, -19.0319268, 1297.2 ], [ 47.5430882, -19.0324897, 1300.5 ], [ 47.5432733, -19.0331464, 1301.8 ], [ 47.5433779, -19.0338006, 1302.8 ], [ 47.5434342, -19.0341784, 1302.9 ], [ 47.5434476, -19.0342519, 1302.9 ], [ 47.5435469, -19.0346196, 1303.1 ], [ 47.5436085, -19.0347616, 1303.1 ], [ 47.5436863, -19.0349036, 1303.2 ], [ 47.5437883, -19.0350836, 1303.2 ], [ 47.5443891, -19.0359812, 1307.0 ], [ 47.5446117, -19.0363285, 1308.2 ], [ 47.5448155, -19.0366455, 1309.8 ], [ 47.5449148, -19.0368407, 1311.0 ], [ 47.5450462, -19.0372641, 1313.8 ], [ 47.5451106, -19.0376977, 1315.2 ], [ 47.545124, -19.0380324, 1315.5 ], [ 47.545124, -19.0381592, 1315.6 ], [ 47.5451186, -19.0382885, 1315.8 ], [ 47.545073, -19.0385471, 1316.8 ], [ 47.5449979, -19.0389173, 1318.8 ], [ 47.5449631, -19.0392038, 1321.5 ], [ 47.5449416, -19.0395359, 1324.5 ], [ 47.5449443, -19.0396754, 1325.8 ], [ 47.544947, -19.0398757, 1327.2 ], [ 47.5449792, -19.0402611, 1328.5 ], [ 47.5449926, -19.0404056, 1328.2 ], [ 47.5450489, -19.0406262, 1328.0 ], [ 47.5451106, -19.0407656, 1328.3 ], [ 47.5452259, -19.0409254, 1328.8 ], [ 47.5454995, -19.0412372, 1330.5 ], [ 47.545639, -19.0414477, 1331.8 ], [ 47.5457087, -19.0416201, 1331.9 ], [ 47.5457758, -19.0418331, 1332.0 ], [ 47.5457892, -19.0421373, 1332.2 ], [ 47.5457785, -19.0423528, 1332.8 ], [ 47.5456148, -19.0431667, 1336.0 ], [ 47.5455746, -19.0434431, 1337.0 ], [ 47.5455478, -19.0437524, 1338.8 ], [ 47.5454861, -19.0447716, 1335.0 ], [ 47.5454754, -19.0450911, 1331.2 ], [ 47.545478, -19.0457579, 1326.0 ], [ 47.5454888, -19.0460976, 1325.5 ], [ 47.5455183, -19.0464171, 1327.2 ], [ 47.5457007, -19.0473704, 1335.0 ], [ 47.5458482, -19.0478343, 1335.5 ], [ 47.5458804, -19.0479662, 1335.0 ], [ 47.5459179, -19.0481259, 1334.8 ], [ 47.545985, -19.048562, 1334.2 ], [ 47.5460386, -19.0487268, 1334.0 ], [ 47.5461057, -19.0488434, 1333.5 ], [ 47.5462103, -19.0489575, 1332.8 ], [ 47.5463015, -19.0490183, 1332.0 ], [ 47.5464007, -19.0490691, 1331.0 ], [ 47.5469211, -19.0492846, 1324.5 ], [ 47.5471303, -19.0494265, 1323.0 ], [ 47.547546, -19.0498728, 1324.0 ], [ 47.5476372, -19.0499919, 1325.2 ], [ 47.547715, -19.0501263, 1327.0 ], [ 47.5477633, -19.0502936, 1328.8 ], [ 47.547766, -19.0504255, 1329.8 ], [ 47.5477365, -19.0505674, 1330.8 ], [ 47.547664, -19.0507449, 1331.2 ], [ 47.5475058, -19.0510314, 1331.4 ], [ 47.5473851, -19.0512013, 1331.5 ], [ 47.5471652, -19.0514421, 1329.5 ], [ 47.5468057, -19.0517616, 1326.2 ], [ 47.5466394, -19.051934, 1324.8 ], [ 47.5465402, -19.0520658, 1324.0 ], [ 47.5465, -19.0521545, 1324.1 ], [ 47.5464758, -19.0522635, 1324.2 ], [ 47.5464839, -19.0523599, 1325.0 ], [ 47.5465241, -19.052474, 1326.2 ], [ 47.546677, -19.0527909, 1329.8 ], [ 47.5467226, -19.0529202, 1330.8 ], [ 47.546736, -19.0530824, 1331.0 ], [ 47.5467333, -19.053161, 1331.0 ], [ 47.5467253, -19.0532422, 1330.9 ], [ 47.5467038, -19.0533106, 1330.9 ], [ 47.5466529, -19.0534196, 1330.8 ], [ 47.5465751, -19.0535337, 1330.8 ], [ 47.546449, -19.0536681, 1330.2 ], [ 47.5462264, -19.0538557, 1329.5 ], [ 47.5460762, -19.0539622, 1329.2 ], [ 47.5459018, -19.0540788, 1329.8 ], [ 47.5457141, -19.0542132, 1331.2 ], [ 47.5456122, -19.054312, 1332.2 ], [ 47.5455236, -19.0544261, 1333.2 ], [ 47.5454807, -19.0545377, 1334.0 ], [ 47.5454646, -19.0546467, 1334.5 ], [ 47.545478, -19.0547506, 1334.8 ], [ 47.5455236, -19.054918, 1334.5 ], [ 47.5456497, -19.0553084, 1332.2 ], [ 47.545757, -19.0556354, 1329.2 ], [ 47.5458294, -19.0558332, 1327.2 ], [ 47.5459394, -19.0561044, 1324.0 ], [ 47.5459662, -19.056216, 1322.8 ], [ 47.5459555, -19.0563732, 1322.2 ], [ 47.5459126, -19.0565329, 1322.5 ], [ 47.5455424, -19.0572935, 1326.8 ], [ 47.5455183, -19.0574329, 1327.8 ], [ 47.5455263, -19.057547, 1328.0 ], [ 47.5455612, -19.0576408, 1328.2 ], [ 47.5456122, -19.057694, 1328.4 ], [ 47.5456819, -19.0577675, 1328.5 ], [ 47.545867, -19.0578537, 1328.0 ], [ 47.5460869, -19.0579222, 1326.5 ], [ 47.5463203, -19.0579653, 1324.8 ], [ 47.5465912, -19.0579247, 1321.2 ], [ 47.5467736, -19.0578968, 1319.5 ], [ 47.5469586, -19.0578816, 1317.0 ], [ 47.547192, -19.0578867, 1314.0 ], [ 47.5474119, -19.0578994, 1311.8 ], [ 47.5476828, -19.0579349, 1308.5 ], [ 47.5477579, -19.0579501, 1307.8 ], [ 47.5478303, -19.0579754, 1307.0 ], [ 47.547892, -19.0580008, 1306.5 ], [ 47.5479591, -19.0580388, 1306.0 ], [ 47.5480047, -19.0580819, 1305.8 ], [ 47.5480449, -19.0581351, 1305.8 ], [ 47.5481308, -19.0582518, 1306.0 ], [ 47.5482515, -19.058518, 1306.2 ], [ 47.5483668, -19.0588095, 1305.2 ], [ 47.5484312, -19.0590174, 1304.0 ], [ 47.5484902, -19.0592405, 1302.2 ], [ 47.5485036, -19.0593267, 1301.8 ], [ 47.5485089, -19.0594129, 1301.2 ], [ 47.5485009, -19.0595802, 1300.8 ], [ 47.5484902, -19.0596512, 1300.8 ], [ 47.548466, -19.0597399, 1300.9 ], [ 47.5484419, -19.0597906, 1301.0 ], [ 47.5484043, -19.059854, 1301.5 ], [ 47.5480717, -19.0603737, 1307.2 ], [ 47.5480422, -19.0604422, 1308.0 ], [ 47.5480342, -19.0604954, 1308.2 ], [ 47.5480396, -19.0605791, 1308.1 ], [ 47.5480771, -19.0606602, 1308.0 ], [ 47.5481415, -19.0607388, 1307.5 ], [ 47.5482488, -19.0608123, 1306.5 ], [ 47.5484017, -19.0608605, 1305.0 ], [ 47.548686, -19.0609061, 1302.5 ], [ 47.5489247, -19.060934, 1299.8 ], [ 47.549032, -19.0609441, 1298.2 ], [ 47.5491419, -19.0609695, 1296.8 ], [ 47.549201, -19.0609897, 1296.0 ], [ 47.5493485, -19.0610506, 1294.8 ], [ 47.5494424, -19.0611013, 1294.2 ], [ 47.5497267, -19.0612559, 1292.5 ], [ 47.5499976, -19.0614233, 1290.5 ], [ 47.5500593, -19.0614664, 1290.0 ], [ 47.5501022, -19.0615044, 1289.8 ], [ 47.5501639, -19.0615602, 1289.2 ], [ 47.5502095, -19.0616159, 1289.0 ], [ 47.5502738, -19.0617452, 1288.8 ], [ 47.5507352, -19.0628911, 1283.2 ], [ 47.5510383, -19.0634843, 1279.0 ], [ 47.5510839, -19.063639, 1277.8 ], [ 47.5510946, -19.0638063, 1276.8 ], [ 47.5510785, -19.0639077, 1276.5 ], [ 47.5510088, -19.0640395, 1276.2 ], [ 47.5508532, -19.0642474, 1274.8 ], [ 47.5507969, -19.0643615, 1274.0 ], [ 47.5507405, -19.0645136, 1273.5 ], [ 47.5507137, -19.0646606, 1273.0 ], [ 47.5506896, -19.0649547, 1272.2 ], [ 47.5507674, -19.0656163, 1271.8 ], [ 47.5508398, -19.0660701, 1272.8 ], [ 47.5508854, -19.0662957, 1273.2 ], [ 47.5510544, -19.0668484, 1275.5 ], [ 47.5510812, -19.0670385, 1276.8 ], [ 47.5510624, -19.0672844, 1277.0 ], [ 47.5507432, -19.0682173, 1282.2 ], [ 47.5505877, -19.0686559, 1283.2 ], [ 47.5504455, -19.0688992, 1283.8 ], [ 47.5502121, -19.0692845, 1282.9 ], [ 47.5501022, -19.069462, 1282.5 ], [ 47.5500539, -19.0695533, 1281.8 ], [ 47.5500271, -19.0696547, 1281.2 ], [ 47.550019, -19.0698118, 1280.8 ], [ 47.5500512, -19.0700222, 1280.2 ], [ 47.5501344, -19.0702605, 1279.5 ], [ 47.5502551, -19.0704532, 1278.8 ], [ 47.5505018, -19.070732, 1280.8 ], [ 47.5506333, -19.0709095, 1282.5 ], [ 47.5507218, -19.071092, 1283.5 ], [ 47.5507674, -19.0712897, 1283.2 ], [ 47.5507835, -19.07149, 1283.0 ], [ 47.5507674, -19.071708, 1282.5 ], [ 47.5507218, -19.071888, 1281.8 ], [ 47.5506467, -19.0721339, 1279.8 ], [ 47.5501665, -19.073338, 1275.0 ], [ 47.5499251, -19.0737056, 1274.0 ], [ 47.5496167, -19.0740681, 1273.4 ], [ 47.5483695, -19.0754166, 1271.0 ], [ 47.5479323, -19.075878, 1271.2 ], [ 47.5477177, -19.0761087, 1270.2 ], [ 47.5474977, -19.0763317, 1270.4 ], [ 47.54731, -19.0765041, 1270.5 ], [ 47.547133, -19.0766689, 1270.6 ], [ 47.5468326, -19.0769148, 1270.7 ], [ 47.5466985, -19.0770441, 1270.8 ], [ 47.5465509, -19.0771911, 1270.8 ], [ 47.5462559, -19.0775029, 1271.0 ], [ 47.5459152, -19.0778375, 1272.8 ], [ 47.5457329, -19.0780352, 1274.0 ], [ 47.5455371, -19.0782583, 1274.8 ], [ 47.5453332, -19.0784991, 1275.5 ], [ 47.5452071, -19.0786385, 1275.7 ], [ 47.5451535, -19.0787247, 1275.8 ], [ 47.5450945, -19.0788312, 1276.0 ], [ 47.5450543, -19.0789452, 1276.2 ], [ 47.5450382, -19.0789985, 1276.3 ], [ 47.5450274, -19.0790568, 1276.3 ], [ 47.5450194, -19.07911, 1276.3 ], [ 47.5450167, -19.0791607, 1276.4 ], [ 47.5450194, -19.0792317, 1276.4 ], [ 47.5450301, -19.0792976, 1276.5 ], [ 47.5450462, -19.0793635, 1276.5 ], [ 47.5450704, -19.0794319, 1277.0 ], [ 47.5450999, -19.0795105, 1277.5 ], [ 47.545132, -19.0795891, 1278.0 ], [ 47.5453252, -19.0799516, 1279.0 ], [ 47.5453842, -19.0800631, 1279.5 ], [ 47.5454217, -19.0801417, 1280.0 ], [ 47.5454405, -19.0801924, 1280.2 ], [ 47.5454459, -19.0802177, 1280.5 ], [ 47.5454485, -19.0802557, 1280.8 ], [ 47.5454512, -19.080309, 1281.2 ], [ 47.5454512, -19.0803825, 1281.8 ], [ 47.5454459, -19.0804585, 1282.2 ], [ 47.5454244, -19.0805473, 1282.8 ], [ 47.5453869, -19.0807146, 1283.8 ], [ 47.5453278, -19.0808895, 1285.0 ], [ 47.5452259, -19.0811607, 1287.2 ], [ 47.5451562, -19.0813102, 1288.5 ], [ 47.5450999, -19.0813838, 1289.0 ], [ 47.5450623, -19.0814319, 1289.2 ], [ 47.5450221, -19.0814674, 1289.2 ], [ 47.5449416, -19.0815384, 1289.1 ], [ 47.5448531, -19.081584, 1289.0 ], [ 47.544778, -19.0816195, 1289.0 ], [ 47.5446492, -19.0816879, 1289.1 ], [ 47.5445876, -19.0817234, 1289.1 ], [ 47.5445178, -19.0817767, 1289.1 ], [ 47.5444803, -19.0818045, 1289.1 ], [ 47.5444454, -19.0818451, 1289.2 ], [ 47.5444052, -19.0818882, 1289.2 ], [ 47.544373, -19.0819414, 1289.2 ], [ 47.5443354, -19.0820225, 1289.2 ], [ 47.544322, -19.0820555, 1289.2 ], [ 47.5443113, -19.0821062, 1289.2 ], [ 47.5443059, -19.0821467, 1289.5 ], [ 47.5443032, -19.0821924, 1289.8 ], [ 47.5443006, -19.0822532, 1290.2 ], [ 47.5443032, -19.0823292, 1290.8 ], [ 47.5443113, -19.0824687, 1291.8 ], [ 47.5443274, -19.0826005, 1292.8 ], [ 47.5443381, -19.0826664, 1293.2 ], [ 47.5443408, -19.0826993, 1293.5 ], [ 47.5443435, -19.0827348, 1293.8 ], [ 47.5443435, -19.0827779, 1294.2 ], [ 47.5443354, -19.0828159, 1294.8 ], [ 47.5443193, -19.082892, 1295.5 ], [ 47.5443059, -19.0829427, 1296.0 ], [ 47.5442898, -19.083001, 1296.5 ], [ 47.5442603, -19.0830517, 1297.0 ], [ 47.5442281, -19.0830897, 1297.2 ], [ 47.5441906, -19.0831404, 1297.8 ], [ 47.544145, -19.0831885, 1298.0 ], [ 47.5440404, -19.083257, 1298.2 ], [ 47.5439438, -19.0833051, 1298.1 ], [ 47.5437695, -19.0833736, 1297.8 ], [ 47.5436085, -19.0834319, 1297.0 ], [ 47.5435495, -19.0834572, 1296.5 ], [ 47.5434396, -19.0834877, 1295.5 ], [ 47.5433189, -19.0835333, 1294.5 ], [ 47.5432599, -19.0835612, 1293.8 ], [ 47.5432009, -19.0836068, 1293.0 ], [ 47.5431177, -19.0836904, 1291.5 ], [ 47.5430962, -19.0837183, 1291.0 ], [ 47.5430775, -19.0837563, 1290.5 ], [ 47.543056, -19.083807, 1290.0 ], [ 47.5430399, -19.0838729, 1289.8 ], [ 47.5429782, -19.0842354, 1288.0 ], [ 47.5429299, -19.0846537, 1286.8 ], [ 47.542938, -19.0849173, 1287.1 ], [ 47.5430802, -19.085589, 1288.0 ], [ 47.5430962, -19.0856777, 1287.8 ], [ 47.5431043, -19.0857436, 1287.5 ], [ 47.5431097, -19.0858044, 1287.4 ], [ 47.5431097, -19.0858551, 1287.2 ], [ 47.5431043, -19.0859084, 1287.0 ], [ 47.5430802, -19.0859844, 1286.5 ], [ 47.5430533, -19.0860427, 1286.0 ], [ 47.5429916, -19.0861213, 1285.2 ], [ 47.5429085, -19.0861948, 1284.5 ], [ 47.5428361, -19.0862379, 1284.0 ], [ 47.5427744, -19.0862734, 1283.8 ], [ 47.5427046, -19.0863013, 1283.8 ], [ 47.5426456, -19.0863215, 1283.8 ], [ 47.5425625, -19.0863469, 1283.9 ], [ 47.5425115, -19.0863596, 1283.9 ], [ 47.5424552, -19.0863596, 1283.9 ], [ 47.5423801, -19.0863469, 1283.9 ], [ 47.5423291, -19.0863266, 1284.0 ], [ 47.5422674, -19.0862911, 1284.0 ], [ 47.5422299, -19.0862582, 1284.2 ], [ 47.5421762, -19.08621, 1284.5 ], [ 47.542128, -19.0861568, 1284.8 ], [ 47.5419053, -19.085769, 1284.9 ], [ 47.5418651, -19.0856802, 1284.9 ], [ 47.5418329, -19.0856321, 1284.9 ], [ 47.5418007, -19.0855915, 1284.9 ], [ 47.5417659, -19.085551, 1285.0 ], [ 47.5417337, -19.0855206, 1285.0 ], [ 47.5416827, -19.0854724, 1285.0 ], [ 47.5416264, -19.0854344, 1285.2 ], [ 47.5410417, -19.085082, 1285.8 ], [ 47.5409478, -19.0850339, 1285.2 ], [ 47.5408486, -19.0849984, 1285.0 ], [ 47.5407842, -19.0849832, 1284.8 ], [ 47.5407037, -19.0849806, 1284.8 ], [ 47.540642, -19.0849806, 1284.9 ], [ 47.5405777, -19.0849933, 1284.9 ], [ 47.540516, -19.0850111, 1285.0 ], [ 47.540465, -19.0850364, 1285.0 ], [ 47.5404033, -19.085077, 1285.2 ], [ 47.5403443, -19.0851201, 1285.5 ], [ 47.5402397, -19.0852138, 1286.0 ], [ 47.5401458, -19.0853026, 1286.5 ], [ 47.5398991, -19.0855434, 1287.0 ], [ 47.5397784, -19.0856676, 1287.2 ], [ 47.5396657, -19.0857943, 1287.1 ], [ 47.5396013, -19.0858729, 1287.0 ], [ 47.539537, -19.0859667, 1286.8 ], [ 47.539435, -19.0861365, 1287.0 ], [ 47.5393894, -19.0862506, 1287.8 ], [ 47.5393707, -19.0863013, 1288.2 ], [ 47.5393438, -19.0863494, 1288.5 ], [ 47.5393143, -19.0864077, 1288.8 ], [ 47.5392848, -19.086466, 1288.7 ], [ 47.5392205, -19.0865776, 1288.6 ], [ 47.5391749, -19.0866435, 1288.5 ], [ 47.5391319, -19.0867068, 1288.5 ], [ 47.5390542, -19.0868412, 1288.6 ], [ 47.538853, -19.0871124, 1288.8 ], [ 47.5386921, -19.0873329, 1288.5 ], [ 47.5386062, -19.0874622, 1288.8 ], [ 47.5385231, -19.0875762, 1288.8 ], [ 47.5384507, -19.087703, 1288.9 ], [ 47.538389, -19.0878196, 1289.0 ], [ 47.5382656, -19.0880528, 1289.8 ], [ 47.5381851, -19.0882505, 1290.0 ], [ 47.5381342, -19.0884102, 1290.2 ], [ 47.5380698, -19.0886104, 1290.8 ], [ 47.5379813, -19.0888233, 1291.0 ], [ 47.5378928, -19.0890464, 1291.5 ], [ 47.5378472, -19.0891757, 1292.2 ], [ 47.5377989, -19.0892923, 1293.2 ], [ 47.5377479, -19.0894139, 1294.8 ], [ 47.5377265, -19.0894519, 1295.2 ], [ 47.5377023, -19.0894874, 1295.8 ], [ 47.5376353, -19.0895635, 1296.8 ], [ 47.5375414, -19.0896699, 1297.8 ], [ 47.536954, -19.0901464, 1300.8 ], [ 47.5364149, -19.0905799, 1305.0 ], [ 47.535865, -19.0910336, 1310.5 ], [ 47.535688, -19.0911933, 1312.8 ], [ 47.535519, -19.0913124, 1314.0 ], [ 47.5353259, -19.0914772, 1316.2 ], [ 47.5351033, -19.0917129, 1318.8 ], [ 47.534945, -19.0918928, 1319.8 ], [ 47.5347814, -19.0920931, 1320.0 ], [ 47.5347063, -19.0921742, 1319.5 ], [ 47.5346258, -19.0922553, 1318.8 ], [ 47.5345722, -19.092306, 1318.2 ], [ 47.5345159, -19.0923466, 1317.8 ], [ 47.5344005, -19.0924403, 1317.0 ], [ 47.5335824, -19.0931475, 1315.0 ], [ 47.5325954, -19.0940448, 1322.2 ], [ 47.5324854, -19.0941411, 1323.5 ], [ 47.5324452, -19.0941842, 1324.0 ], [ 47.532405, -19.0942399, 1324.5 ], [ 47.5323701, -19.0942982, 1325.2 ], [ 47.5323406, -19.0943591, 1326.0 ], [ 47.5323138, -19.0944351, 1326.8 ], [ 47.5323057, -19.0944883, 1327.2 ], [ 47.532303, -19.0945492, 1327.8 ], [ 47.532303, -19.0945973, 1328.2 ], [ 47.5323111, -19.0946632, 1328.8 ], [ 47.5323299, -19.0947798, 1329.8 ], [ 47.5323594, -19.0948584, 1330.2 ], [ 47.5323915, -19.0949395, 1330.8 ], [ 47.5324371, -19.0950282, 1331.2 ], [ 47.5324854, -19.0951093, 1331.8 ], [ 47.5325552, -19.0951879, 1332.2 ], [ 47.5325954, -19.0952259, 1332.5 ], [ 47.5326437, -19.0952614, 1332.4 ], [ 47.5327188, -19.0952969, 1332.2 ], [ 47.5328046, -19.0953349, 1332.0 ], [ 47.5332606, -19.0954642, 1331.0 ], [ 47.5333089, -19.0954819, 1330.8 ], [ 47.5333437, -19.0954997, 1330.8 ], [ 47.5333732, -19.0955225, 1330.9 ], [ 47.5334081, -19.0955529, 1330.9 ], [ 47.533443, -19.0955909, 1331.0 ], [ 47.5334939, -19.0956619, 1331.5 ], [ 47.533569, -19.0957911, 1331.8 ], [ 47.533628, -19.0958925, 1331.9 ], [ 47.533679, -19.0960066, 1332.0 ], [ 47.53373, -19.0961206, 1332.2 ], [ 47.5337514, -19.096184, 1332.3 ], [ 47.5337702, -19.0962474, 1332.4 ], [ 47.5337783, -19.0962828, 1332.4 ], [ 47.5337917, -19.0963234, 1332.4 ], [ 47.5338024, -19.0963944, 1332.5 ], [ 47.5338078, -19.0964476, 1332.8 ], [ 47.5338078, -19.0964831, 1333.0 ], [ 47.5338051, -19.096516, 1333.2 ], [ 47.5337943, -19.0966022, 1333.8 ], [ 47.5337729, -19.0966985, 1334.5 ], [ 47.5337514, -19.0967796, 1335.0 ], [ 47.5337327, -19.0968506, 1335.2 ], [ 47.5337031, -19.0969038, 1335.2 ], [ 47.5336415, -19.0969951, 1335.1 ], [ 47.5335583, -19.0970686, 1335.1 ], [ 47.5334805, -19.0971218, 1335.0 ], [ 47.5334269, -19.0971395, 1334.8 ], [ 47.5333652, -19.0971573, 1334.2 ], [ 47.5333089, -19.0971573, 1334.0 ], [ 47.5332552, -19.0971522, 1333.8 ], [ 47.5332043, -19.0971421, 1333.5 ], [ 47.5331426, -19.0971167, 1333.8 ], [ 47.5330943, -19.0970863, 1334.0 ], [ 47.5329334, -19.0969824, 1334.5 ], [ 47.5326061, -19.0967163, 1334.8 ], [ 47.5323004, -19.0964349, 1335.3 ], [ 47.5321877, -19.0963386, 1335.5 ], [ 47.5321019, -19.0962803, 1335.8 ], [ 47.5320187, -19.0962372, 1336.0 ], [ 47.531831, -19.0961485, 1336.5 ], [ 47.5316566, -19.0960775, 1336.6 ], [ 47.5314716, -19.0960192, 1336.8 ], [ 47.5313401, -19.0959914, 1337.5 ], [ 47.5312355, -19.0959838, 1337.8 ], [ 47.5311282, -19.0959863, 1337.7 ], [ 47.5309619, -19.0959914, 1337.5 ], [ 47.5307849, -19.0960142, 1337.7 ], [ 47.5305462, -19.0960573, 1338.0 ], [ 47.5303423, -19.0961029, 1338.2 ], [ 47.530109, -19.0961637, 1338.0 ], [ 47.5298461, -19.0962499, 1337.8 ], [ 47.5296718, -19.0963031, 1337.6 ], [ 47.5295565, -19.0963386, 1337.5 ], [ 47.5292963, -19.0964146, 1337.0 ], [ 47.5290334, -19.0964907, 1337.9 ], [ 47.5286311, -19.096625, 1339.2 ], [ 47.5285506, -19.0966656, 1339.8 ], [ 47.5284675, -19.0967289, 1340.2 ], [ 47.5283763, -19.0968075, 1341.0 ], [ 47.5282905, -19.0969064, 1341.8 ], [ 47.5282529, -19.0969571, 1342.0 ], [ 47.5282127, -19.0970179, 1342.2 ], [ 47.5281483, -19.0971167, 1342.5 ], [ 47.5280464, -19.0972891, 1343.2 ], [ 47.5279579, -19.0974488, 1344.0 ], [ 47.5277862, -19.0978112, 1346.5 ], [ 47.5276923, -19.0980469, 1348.5 ], [ 47.5276628, -19.0981458, 1349.2 ], [ 47.5276414, -19.0982902, 1350.2 ], [ 47.5276253, -19.0984068, 1351.0 ], [ 47.5276119, -19.0985285, 1351.8 ], [ 47.5275958, -19.0988301, 1353.8 ], [ 47.5276065, -19.0989695, 1354.8 ], [ 47.5276065, -19.0990633, 1355.5 ], [ 47.5276092, -19.0991089, 1356.0 ], [ 47.5276038, -19.0991571, 1356.5 ], [ 47.5275984, -19.0992255, 1357.2 ], [ 47.527585, -19.099299, 1358.0 ], [ 47.527577, -19.0993649, 1358.8 ], [ 47.5275555, -19.0994359, 1359.5 ], [ 47.5275367, -19.0995043, 1360.0 ], [ 47.5275072, -19.0995803, 1360.5 ], [ 47.5274429, -19.0997096, 1361.2 ], [ 47.5270754, -19.1004801, 1368.0 ], [ 47.526885, -19.1008679, 1371.8 ], [ 47.5267965, -19.1010326, 1373.0 ], [ 47.5267321, -19.1011543, 1373.5 ], [ 47.5266784, -19.1012582, 1373.8 ], [ 47.5265417, -19.1014787, 1374.2 ], [ 47.5264612, -19.1015978, 1374.8 ], [ 47.5263834, -19.1017043, 1375.5 ], [ 47.5261581, -19.1020084, 1376.2 ], [ 47.5261071, -19.1020845, 1376.0 ], [ 47.5260535, -19.1021529, 1376.1 ], [ 47.5259838, -19.1022289, 1376.2 ], [ 47.5259221, -19.1022923, 1376.8 ], [ 47.5258604, -19.1023379, 1377.2 ], [ 47.5258014, -19.1023785, 1378.0 ], [ 47.5256968, -19.1024418, 1379.2 ], [ 47.5256056, -19.1024951, 1380.5 ], [ 47.5255197, -19.1025381, 1381.8 ], [ 47.52534, -19.1026218, 1384.5 ], [ 47.5253025, -19.1026319, 1385.0 ], [ 47.5252783, -19.1026421, 1385.2 ], [ 47.5252515, -19.1026598, 1385.5 ], [ 47.5251576, -19.1027333, 1386.5 ], [ 47.5250557, -19.102822, 1387.2 ], [ 47.5248626, -19.1030096, 1389.0 ], [ 47.5246963, -19.1031591, 1391.0 ], [ 47.5246158, -19.1032377, 1392.0 ], [ 47.5245675, -19.1032757, 1392.8 ], [ 47.5245461, -19.103301, 1393.0 ], [ 47.5245246, -19.1033365, 1393.2 ], [ 47.5245005, -19.103372, 1393.5 ], [ 47.524479, -19.1034151, 1393.8 ], [ 47.5244549, -19.1034658, 1394.0 ], [ 47.5244415, -19.1035266, 1393.9 ], [ 47.5244308, -19.1035874, 1393.8 ], [ 47.5244254, -19.1036533, 1393.8 ], [ 47.52442, -19.1037395, 1393.2 ], [ 47.5244147, -19.1038282, 1392.8 ], [ 47.5244093, -19.1039169, 1392.2 ], [ 47.5244039, -19.1039879, 1391.8 ], [ 47.5243905, -19.1040639, 1391.5 ], [ 47.5243852, -19.1040943, 1391.5 ], [ 47.5243744, -19.1041298, 1391.4 ], [ 47.5243422, -19.1042008, 1391.3 ], [ 47.5242966, -19.1042869, 1391.2 ], [ 47.5241518, -19.1045404, 1390.8 ], [ 47.5240794, -19.1046646, 1390.5 ], [ 47.5240391, -19.1047279, 1390.4 ], [ 47.5239855, -19.1048243, 1390.2 ], [ 47.523948, -19.1049155, 1390.0 ], [ 47.5239211, -19.1050017, 1390.1 ], [ 47.5238916, -19.105098, 1390.2 ], [ 47.5238675, -19.1052146, 1390.2 ], [ 47.5238165, -19.1054249, 1391.0 ], [ 47.5234196, -19.1072801, 1398.0 ], [ 47.5233069, -19.1078098, 1399.8 ], [ 47.5232345, -19.1080962, 1400.0 ], [ 47.5232077, -19.1082179, 1400.0 ], [ 47.5231889, -19.1082762, 1400.1 ], [ 47.5231728, -19.1083345, 1400.1 ], [ 47.5231594, -19.1083928, 1400.1 ], [ 47.5231487, -19.1084663, 1400.1 ], [ 47.5231379, -19.1085195, 1400.1 ], [ 47.5231379, -19.1085702, 1400.2 ], [ 47.5231406, -19.1086107, 1400.2 ], [ 47.523154, -19.1086563, 1400.2 ], [ 47.5231782, -19.1087298, 1400.2 ], [ 47.5232184, -19.1088109, 1400.2 ], [ 47.5232801, -19.1088844, 1401.0 ], [ 47.5233498, -19.1089503, 1401.8 ], [ 47.5236073, -19.1091886, 1403.8 ], [ 47.5236744, -19.1092393, 1404.0 ], [ 47.523728, -19.1093026, 1404.1 ], [ 47.5238353, -19.1094496, 1404.2 ], [ 47.5239265, -19.1095941, 1404.5 ], [ 47.5239667, -19.10966, 1404.4 ], [ 47.5239909, -19.1097132, 1404.4 ], [ 47.5240204, -19.109774, 1404.3 ], [ 47.5240391, -19.1098095, 1404.3 ], [ 47.5240552, -19.10985, 1404.2 ], [ 47.5240633, -19.1098982, 1404.2 ], [ 47.5240713, -19.1099489, 1404.2 ], [ 47.5240874, -19.1101162, 1404.0 ], [ 47.5240874, -19.1102479, 1403.5 ], [ 47.5240821, -19.1103823, 1403.0 ], [ 47.5240579, -19.1105242, 1402.2 ], [ 47.5240472, -19.1106636, 1401.2 ], [ 47.5240177, -19.1108663, 1400.0 ], [ 47.5240043, -19.1109728, 1399.5 ], [ 47.5239962, -19.1110716, 1399.0 ], [ 47.5239882, -19.1111426, 1398.5 ], [ 47.5239721, -19.1112186, 1398.0 ], [ 47.5239319, -19.1114138, 1396.8 ], [ 47.5238916, -19.1115253, 1396.2 ], [ 47.5238594, -19.1116241, 1396.0 ], [ 47.5238192, -19.1117458, 1395.8 ], [ 47.5237656, -19.1118953, 1395.2 ], [ 47.5237441, -19.1119612, 1394.8 ], [ 47.5237146, -19.112022, 1394.2 ], [ 47.5236717, -19.1121132, 1393.8 ], [ 47.5236207, -19.1121969, 1393.5 ], [ 47.5235724, -19.1122856, 1393.2 ], [ 47.5235215, -19.1123768, 1393.2 ], [ 47.5234276, -19.1125061, 1393.2 ], [ 47.5233793, -19.1125593, 1393.1 ], [ 47.5233257, -19.1126074, 1393.1 ], [ 47.5231943, -19.1127291, 1393.0 ], [ 47.5231245, -19.1127823, 1393.0 ], [ 47.5230548, -19.1128305, 1393.1 ], [ 47.5228804, -19.1129268, 1393.5 ], [ 47.5227141, -19.1130053, 1394.0 ], [ 47.522572, -19.1130535, 1394.5 ], [ 47.5222662, -19.1131599, 1394.8 ], [ 47.5221696, -19.113198, 1394.7 ], [ 47.5220704, -19.1132436, 1394.6 ], [ 47.5219899, -19.1132867, 1394.6 ], [ 47.5219202, -19.1133373, 1394.5 ], [ 47.5218639, -19.1133855, 1394.2 ], [ 47.5218263, -19.1134336, 1394.0 ], [ 47.5217941, -19.1134793, 1393.8 ], [ 47.5217727, -19.1135147, 1393.5 ], [ 47.5217512, -19.1135629, 1393.2 ], [ 47.5217137, -19.1136567, 1392.2 ], [ 47.5216815, -19.1137276, 1391.5 ], [ 47.5216252, -19.1138619, 1390.0 ], [ 47.5215796, -19.1139532, 1389.0 ], [ 47.5215393, -19.1140115, 1388.2 ], [ 47.5215045, -19.1140546, 1387.8 ], [ 47.521475, -19.1140926, 1387.2 ], [ 47.5214025, -19.1141762, 1386.0 ], [ 47.5213382, -19.114232, 1385.2 ], [ 47.5212711, -19.1142725, 1384.8 ], [ 47.5211906, -19.1143105, 1384.2 ], [ 47.5211129, -19.1143409, 1384.0 ], [ 47.5210109, -19.114379, 1383.9 ], [ 47.520901, -19.1144094, 1383.8 ], [ 47.520799, -19.1144398, 1383.2 ], [ 47.5206971, -19.1144601, 1383.0 ], [ 47.5205925, -19.1144879, 1383.1 ], [ 47.5204879, -19.1145082, 1383.2 ], [ 47.520276, -19.114531, 1383.5 ], [ 47.5201714, -19.1145437, 1383.2 ], [ 47.5200534, -19.114564, 1383.0 ], [ 47.5199166, -19.1145817, 1382.5 ], [ 47.5197637, -19.1146172, 1382.0 ], [ 47.5196698, -19.1146476, 1381.8 ], [ 47.5195679, -19.1146856, 1381.5 ], [ 47.5194553, -19.1147211, 1381.0 ], [ 47.5193453, -19.1147616, 1380.2 ], [ 47.519179, -19.1148427, 1379.5 ], [ 47.5191119, -19.1148757, 1379.2 ], [ 47.5190315, -19.1149416, 1379.1 ], [ 47.5189483, -19.1150075, 1379.0 ], [ 47.5189, -19.1150683, 1378.9 ], [ 47.5188464, -19.115124, 1378.8 ], [ 47.518782, -19.1151899, 1378.5 ], [ 47.5187096, -19.1152558, 1378.0 ], [ 47.5186613, -19.1152888, 1377.5 ], [ 47.518613, -19.1153116, 1376.8 ], [ 47.5185218, -19.1153496, 1375.2 ], [ 47.5183931, -19.1153901, 1373.0 ], [ 47.5182509, -19.1154383, 1370.8 ], [ 47.5181651, -19.1154788, 1369.2 ], [ 47.5180846, -19.1155219, 1367.5 ], [ 47.5180283, -19.115565, 1366.2 ], [ 47.5179854, -19.1156132, 1365.2 ], [ 47.5179371, -19.1156867, 1364.2 ], [ 47.517921, -19.1157323, 1364.0 ], [ 47.5179157, -19.1157678, 1364.1 ], [ 47.5179157, -19.1157956, 1364.2 ], [ 47.517913, -19.115859, 1364.3 ], [ 47.5179183, -19.1159198, 1364.5 ], [ 47.5179532, -19.1160415, 1365.8 ], [ 47.5179881, -19.1161074, 1366.8 ], [ 47.518023, -19.1161682, 1368.0 ], [ 47.5180981, -19.1162721, 1370.2 ], [ 47.5181437, -19.116338, 1371.8 ], [ 47.5181651, -19.116376, 1372.5 ], [ 47.5181785, -19.1164115, 1373.0 ], [ 47.5181866, -19.1164444, 1373.2 ], [ 47.5181866, -19.1164723, 1373.5 ], [ 47.5181866, -19.1165052, 1373.5 ], [ 47.5181758, -19.1165483, 1373.4 ], [ 47.5181678, -19.1165661, 1373.4 ], [ 47.5181597, -19.1165889, 1373.3 ], [ 47.5181463, -19.1166117, 1373.3 ], [ 47.5181302, -19.116632, 1373.3 ], [ 47.5181115, -19.1166548, 1373.2 ], [ 47.5180793, -19.1166801, 1373.0 ], [ 47.518031, -19.1167181, 1372.5 ], [ 47.5179344, -19.1167637, 1371.2 ], [ 47.5178459, -19.1167967, 1370.0 ], [ 47.5176769, -19.1168448, 1367.8 ], [ 47.5175107, -19.1168727, 1365.2 ], [ 47.517339, -19.1169133, 1363.2 ], [ 47.517162, -19.1169437, 1361.5 ], [ 47.5168562, -19.1169868, 1357.5 ], [ 47.5165585, -19.1170146, 1353.2 ], [ 47.5164485, -19.1170222, 1351.2 ], [ 47.5163358, -19.1170425, 1349.2 ], [ 47.51625, -19.1170679, 1348.0 ], [ 47.5161642, -19.1171033, 1346.8 ], [ 47.5161052, -19.1171337, 1345.8 ], [ 47.5160381, -19.1171819, 1344.8 ], [ 47.5160033, -19.1172123, 1344.2 ], [ 47.5159737, -19.1172554, 1344.3 ], [ 47.5159255, -19.1173542, 1344.5 ], [ 47.5158799, -19.1175874, 1346.0 ], [ 47.5158396, -19.1177445, 1345.9 ], [ 47.5158101, -19.1178788, 1345.8 ], [ 47.5157484, -19.1181094, 1344.5 ], [ 47.5157243, -19.118221, 1344.0 ], [ 47.5157055, -19.1182742, 1343.5 ], [ 47.5156814, -19.1183274, 1343.0 ], [ 47.5156599, -19.1183933, 1342.5 ], [ 47.5156519, -19.1184212, 1342.2 ], [ 47.5156438, -19.1184592, 1342.0 ], [ 47.5156492, -19.1185048, 1342.2 ], [ 47.5156572, -19.1185605, 1342.5 ], [ 47.515668, -19.1186214, 1342.8 ], [ 47.5156841, -19.1187025, 1343.2 ], [ 47.5157216, -19.1189103, 1344.2 ], [ 47.5157377, -19.1190142, 1344.5 ], [ 47.5157511, -19.1190725, 1344.8 ], [ 47.5157619, -19.1191384, 1345.0 ], [ 47.5157699, -19.119189, 1344.9 ], [ 47.5157726, -19.1192524, 1344.8 ], [ 47.5157726, -19.1193183, 1344.8 ], [ 47.5157672, -19.1193842, 1344.5 ], [ 47.5157592, -19.1194298, 1344.2 ], [ 47.5157538, -19.1194678, 1344.1 ], [ 47.5157404, -19.119516, 1344.0 ], [ 47.5157216, -19.1195616, 1343.8 ], [ 47.5156921, -19.1196224, 1343.2 ], [ 47.5156572, -19.1196832, 1342.8 ], [ 47.5156036, -19.1197491, 1342.0 ], [ 47.5155768, -19.119777, 1341.5 ], [ 47.5155473, -19.1198074, 1341.0 ], [ 47.5155258, -19.1198226, 1340.8 ], [ 47.5155017, -19.1198378, 1340.5 ], [ 47.5154534, -19.1198632, 1339.8 ], [ 47.5152415, -19.1199797, 1337.2 ], [ 47.5150698, -19.1200532, 1335.5 ], [ 47.5148794, -19.1201394, 1333.2 ], [ 47.5147855, -19.1201901, 1332.5 ], [ 47.5147104, -19.1202332, 1332.0 ], [ 47.5146326, -19.1202737, 1331.8 ], [ 47.5145951, -19.1203016, 1331.5 ], [ 47.5145602, -19.1203295, 1331.5 ], [ 47.5145307, -19.1203675, 1331.6 ], [ 47.5145012, -19.1204156, 1331.7 ], [ 47.5144771, -19.1204891, 1331.8 ], [ 47.5144663, -19.120555, 1332.0 ], [ 47.5144637, -19.1206082, 1332.2 ], [ 47.514469, -19.1206716, 1332.5 ], [ 47.5144932, -19.120811, 1333.0 ], [ 47.5145093, -19.1209047, 1333.2 ], [ 47.5145683, -19.1211151, 1333.1 ], [ 47.5146112, -19.1213355, 1333.0 ], [ 47.5146273, -19.1214318, 1332.5 ], [ 47.5146326, -19.1215129, 1332.2 ], [ 47.5146353, -19.1215687, 1332.0 ], [ 47.5146353, -19.1216118, 1331.8 ], [ 47.5146353, -19.1216599, 1331.5 ], [ 47.5146246, -19.1217258, 1331.2 ], [ 47.5146058, -19.1217968, 1331.0 ], [ 47.5145897, -19.1218449, 1330.8 ], [ 47.5145629, -19.1218956, 1330.6 ], [ 47.5144503, -19.1220907, 1330.0 ], [ 47.5143778, -19.1222073, 1329.5 ], [ 47.514343, -19.1222707, 1329.2 ], [ 47.5143054, -19.1223518, 1329.0 ], [ 47.5142759, -19.122443, 1328.8 ], [ 47.5142491, -19.1225722, 1328.4 ], [ 47.5142062, -19.1227268, 1328.0 ], [ 47.5139219, -19.1237684, 1331.0 ], [ 47.5136268, -19.1249113, 1334.0 ], [ 47.5134739, -19.1254384, 1333.0 ], [ 47.5134632, -19.1254663, 1333.1 ], [ 47.5134498, -19.1255094, 1333.1 ], [ 47.5134417, -19.1255322, 1333.2 ], [ 47.5134337, -19.1255803, 1333.2 ], [ 47.5134337, -19.125631, 1333.5 ], [ 47.5134391, -19.1256867, 1333.8 ], [ 47.5134498, -19.12574, 1334.0 ], [ 47.5134659, -19.1258059, 1334.2 ], [ 47.5134847, -19.1258515, 1334.5 ], [ 47.513541, -19.1259756, 1335.0 ], [ 47.5135785, -19.1260643, 1335.2 ], [ 47.5136, -19.126115, 1335.5 ], [ 47.5136161, -19.1261454, 1335.5 ], [ 47.5136268, -19.1261834, 1335.4 ], [ 47.5136349, -19.1262215, 1335.4 ], [ 47.5136456, -19.1262671, 1335.4 ], [ 47.5136536, -19.1263152, 1335.3 ], [ 47.5136536, -19.1264014, 1335.2 ], [ 47.513651, -19.126561, 1335.0 ], [ 47.5136456, -19.1267029, 1333.9 ], [ 47.5136349, -19.1269335, 1332.0 ], [ 47.5136295, -19.127078, 1331.5 ], [ 47.5136295, -19.1272224, 1331.0 ], [ 47.5136295, -19.1273694, 1330.8 ], [ 47.5136375, -19.1275215, 1330.5 ], [ 47.5136563, -19.1276659, 1330.6 ], [ 47.5136831, -19.1278129, 1330.8 ], [ 47.5137207, -19.127932, 1331.2 ], [ 47.5137609, -19.1280562, 1331.8 ], [ 47.5137931, -19.1281423, 1332.2 ], [ 47.5138628, -19.1282893, 1333.5 ], [ 47.513954, -19.1284819, 1335.5 ], [ 47.5140774, -19.1286872, 1338.2 ], [ 47.5142142, -19.128895, 1340.0 ], [ 47.5144798, -19.1293131, 1342.2 ], [ 47.5147721, -19.1297413, 1342.4 ], [ 47.514815, -19.1298148, 1342.5 ], [ 47.5148392, -19.1298681, 1342.5 ], [ 47.5148579, -19.1299339, 1342.8 ], [ 47.5148767, -19.1299897, 1343.0 ], [ 47.5149116, -19.1301012, 1343.2 ], [ 47.514976, -19.1302836, 1343.5 ], [ 47.5150296, -19.1304281, 1343.2 ], [ 47.5150564, -19.1305142, 1343.0 ], [ 47.5150725, -19.1305675, 1342.8 ], [ 47.5150886, -19.1306283, 1342.5 ], [ 47.515094, -19.1306587, 1342.5 ], [ 47.5150967, -19.1306967, 1342.4 ], [ 47.5150967, -19.1307347, 1342.3 ], [ 47.5150993, -19.1307879, 1342.2 ], [ 47.5150913, -19.1308361, 1342.3 ], [ 47.5150752, -19.1308792, 1342.4 ], [ 47.5150457, -19.1309273, 1342.5 ], [ 47.5150108, -19.1309653, 1343.0 ], [ 47.5149384, -19.1310185, 1344.2 ], [ 47.514866, -19.131054, 1345.5 ], [ 47.5147775, -19.1310971, 1346.8 ], [ 47.5146836, -19.1311503, 1348.0 ], [ 47.5146139, -19.1311832, 1348.8 ], [ 47.5145602, -19.1312213, 1349.2 ], [ 47.5145334, -19.1312466, 1349.5 ], [ 47.5145039, -19.1312795, 1349.8 ], [ 47.5144583, -19.1313429, 1350.2 ], [ 47.5144315, -19.1313758, 1350.5 ], [ 47.5144073, -19.131424, 1350.8 ], [ 47.5143966, -19.1314468, 1350.7 ], [ 47.5143859, -19.1314873, 1350.7 ], [ 47.5143778, -19.1315228, 1350.6 ], [ 47.5143752, -19.1315583, 1350.6 ], [ 47.5143805, -19.1316064, 1350.5 ], [ 47.5143939, -19.131647, 1350.2 ], [ 47.5144154, -19.1316951, 1350.0 ], [ 47.5144449, -19.1317331, 1349.5 ], [ 47.5145307, -19.1318092, 1348.2 ], [ 47.5146192, -19.1318624, 1346.8 ], [ 47.5146648, -19.1318953, 1346.0 ], [ 47.5147131, -19.1319308, 1345.2 ], [ 47.5147507, -19.1319561, 1344.8 ], [ 47.5147882, -19.1319815, 1344.2 ], [ 47.5148231, -19.1320195, 1343.8 ], [ 47.5148445, -19.1320575, 1343.5 ], [ 47.5148633, -19.1321006, 1343.2 ], [ 47.5148714, -19.1321437, 1343.0 ], [ 47.5148794, -19.1321842, 1342.8 ], [ 47.5148821, -19.1322501, 1342.8 ], [ 47.514874, -19.132321, 1342.9 ], [ 47.514866, -19.1323945, 1343.0 ], [ 47.5148472, -19.1324705, 1343.2 ], [ 47.5148231, -19.132582, 1343.5 ], [ 47.5147989, -19.132691, 1344.0 ], [ 47.5147748, -19.1328709, 1344.8 ], [ 47.5147694, -19.1330002, 1345.0 ], [ 47.5147828, -19.1331851, 1344.8 ], [ 47.5148258, -19.1334031, 1344.2 ], [ 47.5148821, -19.1336007, 1343.8 ], [ 47.514933, -19.1337857, 1343.2 ], [ 47.5149545, -19.1338896, 1343.0 ], [ 47.5149652, -19.1339479, 1343.0 ], [ 47.5149706, -19.1340062, 1343.0 ], [ 47.514976, -19.1340695, 1343.1 ], [ 47.514976, -19.1341405, 1343.1 ], [ 47.514984, -19.1342951, 1343.1 ], [ 47.5149786, -19.1345535, 1343.2 ], [ 47.5149652, -19.1347106, 1343.2 ], [ 47.5149599, -19.1348348, 1343.5 ], [ 47.5149518, -19.1349666, 1344.0 ], [ 47.5149599, -19.1350705, 1344.5 ], [ 47.5149652, -19.1351085, 1344.8 ], [ 47.5149626, -19.1351338, 1345.0 ], [ 47.5149599, -19.1351541, 1345.2 ], [ 47.5149491, -19.1351997, 1345.8 ], [ 47.5149411, -19.135225, 1346.0 ], [ 47.514925, -19.1352554, 1346.5 ], [ 47.5148928, -19.1353163, 1347.2 ], [ 47.5148553, -19.1353796, 1348.0 ], [ 47.5148231, -19.1354227, 1348.5 ], [ 47.5147775, -19.1355063, 1349.5 ], [ 47.5146461, -19.135747, 1352.0 ], [ 47.5144181, -19.1361043, 1355.8 ], [ 47.5141954, -19.1364794, 1357.8 ], [ 47.5140157, -19.136824, 1358.8 ], [ 47.5139916, -19.1368645, 1358.5 ], [ 47.5139701, -19.1369152, 1358.5 ], [ 47.5139487, -19.1369659, 1358.6 ], [ 47.5139326, -19.1370216, 1358.6 ], [ 47.5139219, -19.1370749, 1358.7 ], [ 47.5139111, -19.1371281, 1358.7 ], [ 47.5139058, -19.1372142, 1358.8 ], [ 47.5139031, -19.1373207, 1359.2 ], [ 47.5139004, -19.1374296, 1359.5 ], [ 47.5139058, -19.1375462, 1359.8 ], [ 47.5139111, -19.1376222, 1359.9 ], [ 47.5139245, -19.1376957, 1360.0 ], [ 47.5139514, -19.137797, 1360.5 ], [ 47.5139675, -19.137906, 1361.0 ], [ 47.5140077, -19.1381011, 1361.5 ], [ 47.5140935, -19.1384761, 1362.0 ], [ 47.5141177, -19.1385648, 1362.2 ], [ 47.5141445, -19.1386637, 1362.2 ], [ 47.5141767, -19.1387929, 1362.1 ], [ 47.5142142, -19.1389272, 1362.0 ], [ 47.5142464, -19.1390133, 1362.1 ], [ 47.5142813, -19.139097, 1362.1 ], [ 47.5143135, -19.1391654, 1362.2 ], [ 47.5143537, -19.1392262, 1362.2 ], [ 47.5144798, -19.1393605, 1363.8 ], [ 47.5146353, -19.1395252, 1364.8 ], [ 47.5147346, -19.1396291, 1365.2 ], [ 47.5147828, -19.1396874, 1365.5 ], [ 47.5148365, -19.1397609, 1366.0 ], [ 47.5148848, -19.1398419, 1366.2 ], [ 47.5149116, -19.1398977, 1366.5 ], [ 47.5149304, -19.1399484, 1366.8 ], [ 47.5149465, -19.1400117, 1367.0 ], [ 47.5149518, -19.1400675, 1367.2 ], [ 47.5149572, -19.1401131, 1367.5 ], [ 47.5149465, -19.1401688, 1367.8 ], [ 47.5149277, -19.1402347, 1368.0 ], [ 47.5148633, -19.1404045, 1368.8 ], [ 47.5147963, -19.1406173, 1370.8 ], [ 47.5147507, -19.1407668, 1372.5 ], [ 47.5147238, -19.1409391, 1374.0 ], [ 47.5147051, -19.1410253, 1374.8 ], [ 47.5146648, -19.1411393, 1376.0 ], [ 47.5146461, -19.1411748, 1376.5 ], [ 47.5146246, -19.1412153, 1377.0 ], [ 47.5145763, -19.1412812, 1377.8 ], [ 47.5145146, -19.1413496, 1378.0 ], [ 47.5144503, -19.141413, 1377.9 ], [ 47.5143886, -19.1414662, 1377.8 ], [ 47.5143296, -19.1415118, 1377.5 ], [ 47.5142169, -19.1415929, 1376.8 ], [ 47.5140989, -19.1416816, 1375.8 ], [ 47.5140131, -19.1417525, 1375.2 ], [ 47.5139353, -19.1418235, 1374.8 ], [ 47.5138789, -19.1418894, 1374.2 ], [ 47.5138307, -19.1419502, 1373.8 ], [ 47.5137797, -19.1420287, 1373.5 ], [ 47.5137395, -19.1421073, 1373.4 ], [ 47.5137019, -19.1422112, 1373.2 ], [ 47.5136912, -19.1422492, 1373.0 ], [ 47.5136831, -19.1422948, 1373.0 ], [ 47.513667, -19.1424037, 1373.1 ], [ 47.5136456, -19.1425507, 1373.2 ], [ 47.5136268, -19.1426546, 1373.0 ], [ 47.5136107, -19.1427357, 1372.8 ], [ 47.5135678, -19.1429865, 1372.2 ], [ 47.513549, -19.1431056, 1371.5 ], [ 47.5135356, -19.1432272, 1370.8 ], [ 47.5135222, -19.1433463, 1370.0 ], [ 47.5135142, -19.1434148, 1369.5 ], [ 47.5135115, -19.1434528, 1369.2 ], [ 47.5135088, -19.1434984, 1369.0 ], [ 47.5135195, -19.1435415, 1369.1 ], [ 47.5135356, -19.1435871, 1369.2 ], [ 47.5135624, -19.1436327, 1369.5 ], [ 47.5135866, -19.1436732, 1369.8 ], [ 47.5136322, -19.143734, 1370.2 ], [ 47.5136563, -19.1437568, 1370.5 ], [ 47.5136805, -19.1437771, 1371.0 ], [ 47.5137395, -19.1438126, 1372.0 ], [ 47.5138092, -19.1438379, 1373.0 ], [ 47.5139031, -19.1438785, 1374.5 ], [ 47.5139487, -19.1438962, 1375.2 ], [ 47.5140077, -19.1439165, 1376.0 ], [ 47.5140372, -19.1439342, 1376.2 ], [ 47.5140855, -19.1439595, 1377.0 ], [ 47.5141338, -19.1439899, 1377.5 ], [ 47.5142142, -19.1440533, 1378.5 ], [ 47.514292, -19.1441116, 1379.8 ], [ 47.5143644, -19.1441927, 1381.0 ], [ 47.514402, -19.1442509, 1381.8 ], [ 47.5144395, -19.1443067, 1382.5 ], [ 47.514469, -19.1443878, 1383.0 ], [ 47.5144798, -19.1444334, 1383.2 ], [ 47.5144824, -19.1444815, 1383.5 ], [ 47.5144717, -19.1445651, 1383.8 ], [ 47.5144503, -19.1446412, 1383.8 ], [ 47.5144154, -19.1447653, 1383.9 ], [ 47.5143752, -19.1448565, 1383.9 ], [ 47.5143027, -19.1450364, 1384.0 ], [ 47.5142813, -19.145082, 1383.8 ], [ 47.5142491, -19.1451277, 1383.7 ], [ 47.5142062, -19.1451631, 1383.5 ], [ 47.5141659, -19.1451935, 1383.0 ], [ 47.5140694, -19.1452366, 1382.0 ], [ 47.5140211, -19.1452543, 1381.5 ], [ 47.5139594, -19.1452645, 1381.0 ], [ 47.5139031, -19.1452645, 1380.2 ], [ 47.5138494, -19.1452645, 1379.8 ], [ 47.5138012, -19.1452518, 1379.0 ], [ 47.5137556, -19.1452366, 1378.5 ], [ 47.5136322, -19.1451986, 1376.8 ], [ 47.5135061, -19.1451479, 1374.8 ], [ 47.5134203, -19.1451074, 1373.2 ], [ 47.5133264, -19.145082, 1371.8 ], [ 47.5132218, -19.1450592, 1370.2 ], [ 47.5131226, -19.1450466, 1369.0 ], [ 47.5128865, -19.1450314, 1366.8 ], [ 47.5126934, -19.1450288, 1365.0 ], [ 47.5126263, -19.1450314, 1364.2 ], [ 47.5125512, -19.145044, 1363.8 ], [ 47.5124815, -19.1450694, 1363.2 ], [ 47.5124386, -19.1450846, 1363.0 ], [ 47.5123876, -19.1451175, 1362.9 ], [ 47.5122535, -19.1452239, 1362.5 ], [ 47.512157, -19.1453202, 1362.2 ], [ 47.5120631, -19.1454266, 1362.0 ], [ 47.5119317, -19.1456015, 1361.5 ], [ 47.5116366, -19.1460601, 1358.5 ], [ 47.5115669, -19.1461995, 1357.8 ], [ 47.5115481, -19.1462451, 1357.5 ], [ 47.5115293, -19.1463059, 1357.2 ], [ 47.5115213, -19.1463591, 1357.0 ], [ 47.5115213, -19.1464098, 1356.8 ], [ 47.511524, -19.1464554, 1356.5 ], [ 47.5115347, -19.1464985, 1356.2 ], [ 47.5115669, -19.1465821, 1355.8 ], [ 47.5116071, -19.1466505, 1355.5 ], [ 47.5116554, -19.1467088, 1355.2 ], [ 47.5118351, -19.1468557, 1355.0 ], [ 47.5120389, -19.1470382, 1354.8 ], [ 47.5121114, -19.1470965, 1354.6 ], [ 47.5121623, -19.147137, 1354.5 ], [ 47.5122187, -19.1471699, 1354.6 ], [ 47.5122696, -19.1471978, 1354.7 ], [ 47.5123259, -19.1472257, 1354.8 ], [ 47.5123608, -19.1472383, 1355.0 ], [ 47.5123957, -19.147251, 1355.2 ], [ 47.5124305, -19.1472611, 1355.5 ], [ 47.5124708, -19.1472688, 1355.8 ], [ 47.5125164, -19.1472738, 1356.2 ], [ 47.5126183, -19.1472789, 1357.2 ], [ 47.512739, -19.147284, 1359.0 ], [ 47.5128356, -19.1472865, 1360.5 ], [ 47.5129107, -19.1472966, 1361.8 ], [ 47.5129697, -19.1473118, 1362.8 ], [ 47.5130206, -19.1473321, 1363.5 ], [ 47.5130716, -19.1473549, 1364.2 ], [ 47.5131226, -19.1473904, 1364.8 ], [ 47.5131547, -19.1474208, 1365.0 ], [ 47.5131816, -19.1474537, 1364.9 ], [ 47.5132057, -19.1474968, 1364.8 ], [ 47.5132164, -19.1475221, 1364.8 ], [ 47.5132245, -19.14755, 1364.5 ], [ 47.5132325, -19.1476108, 1364.0 ], [ 47.5132298, -19.1476539, 1363.5 ], [ 47.5132245, -19.1476944, 1363.0 ], [ 47.5132057, -19.1477603, 1362.2 ], [ 47.5131789, -19.1478439, 1361.5 ], [ 47.5131011, -19.1479808, 1359.8 ], [ 47.5130609, -19.1480517, 1358.8 ], [ 47.5130367, -19.1480872, 1358.2 ], [ 47.513018, -19.1481353, 1357.5 ], [ 47.5130072, -19.1481708, 1357.0 ], [ 47.5129911, -19.1482139, 1356.5 ], [ 47.5129831, -19.1482873, 1355.8 ], [ 47.5129804, -19.1483583, 1355.2 ], [ 47.5129804, -19.148447, 1354.8 ], [ 47.5129858, -19.1485331, 1354.5 ], [ 47.5129965, -19.148599, 1354.6 ], [ 47.5130019, -19.1486421, 1354.7 ], [ 47.5130126, -19.1486776, 1354.8 ], [ 47.5130501, -19.1487814, 1355.2 ], [ 47.5130877, -19.1489031, 1355.8 ], [ 47.5131735, -19.1491463, 1357.0 ], [ 47.5132084, -19.1492679, 1357.2 ], [ 47.5132406, -19.1493997, 1357.8 ], [ 47.513254, -19.149463, 1358.2 ], [ 47.5132674, -19.1495441, 1359.0 ], [ 47.5132728, -19.1495923, 1359.5 ], [ 47.5132754, -19.1496404, 1360.0 ], [ 47.5132754, -19.1496911, 1360.5 ], [ 47.5132754, -19.1497468, 1361.0 ], [ 47.5132754, -19.1497924, 1361.5 ], [ 47.5132647, -19.1498456, 1362.0 ], [ 47.5132406, -19.149909, 1362.5 ], [ 47.5132084, -19.1499647, 1362.8 ], [ 47.5131816, -19.1500078, 1362.6 ], [ 47.5131521, -19.1500483, 1362.5 ], [ 47.5130716, -19.1501345, 1362.2 ], [ 47.5130233, -19.150175, 1361.8 ], [ 47.5129589, -19.1502257, 1361.0 ], [ 47.5128758, -19.1502738, 1359.8 ], [ 47.51279, -19.1503194, 1358.5 ], [ 47.5127202, -19.15036, 1357.5 ], [ 47.5126585, -19.1504056, 1356.8 ], [ 47.512629, -19.1504335, 1356.5 ], [ 47.5125834, -19.1504765, 1356.0 ], [ 47.5125432, -19.1505272, 1355.8 ], [ 47.5125057, -19.1505956, 1355.4 ], [ 47.5123206, -19.1509073, 1353.5 ], [ 47.5122562, -19.1510289, 1352.0 ], [ 47.5122321, -19.1510872, 1351.5 ], [ 47.5122213, -19.1511151, 1351.2 ], [ 47.5122133, -19.1511607, 1351.4 ], [ 47.5122187, -19.151224, 1351.5 ], [ 47.5122347, -19.1512823, 1352.0 ], [ 47.5122535, -19.1513127, 1352.2 ], [ 47.5122669, -19.151333, 1352.5 ], [ 47.5123367, -19.1514115, 1353.8 ], [ 47.512444, -19.1515078, 1355.5 ], [ 47.5125754, -19.1516421, 1357.2 ], [ 47.5126612, -19.1517308, 1358.5 ], [ 47.5127631, -19.1518524, 1360.5 ], [ 47.5128436, -19.1519664, 1361.8 ], [ 47.5128785, -19.1520272, 1362.2 ], [ 47.5128946, -19.1520652, 1362.5 ], [ 47.5129053, -19.1521159, 1362.8 ], [ 47.5129107, -19.1521919, 1363.0 ], [ 47.5129107, -19.1522248, 1362.9 ], [ 47.512908, -19.1522578, 1362.9 ], [ 47.5129026, -19.1522806, 1362.9 ], [ 47.5128946, -19.1523009, 1362.8 ], [ 47.5128865, -19.1523186, 1362.8 ], [ 47.5128704, -19.1523414, 1362.8 ], [ 47.5127524, -19.1524503, 1361.2 ], [ 47.5125942, -19.1525669, 1358.8 ], [ 47.5125191, -19.1526125, 1357.5 ], [ 47.5124332, -19.152686, 1356.2 ], [ 47.512393, -19.1527392, 1355.8 ], [ 47.512334, -19.152838, 1355.2 ], [ 47.5122991, -19.1529166, 1355.4 ], [ 47.512275, -19.1530255, 1355.5 ], [ 47.5122535, -19.153175, 1356.2 ], [ 47.5122401, -19.153251, 1356.5 ], [ 47.5122347, -19.1533524, 1357.0 ], [ 47.5122616, -19.1539478, 1357.8 ], [ 47.5122803, -19.1543228, 1354.0 ], [ 47.5122938, -19.1544241, 1352.8 ], [ 47.5123152, -19.1545179, 1351.8 ], [ 47.512334, -19.1545787, 1351.2 ], [ 47.5123554, -19.1546344, 1350.8 ], [ 47.5123903, -19.1546902, 1350.2 ], [ 47.5124386, -19.1547383, 1349.8 ], [ 47.5124922, -19.1547763, 1349.5 ], [ 47.5125217, -19.154794, 1349.2 ], [ 47.5125727, -19.1548219, 1349.0 ], [ 47.5126585, -19.1548498, 1349.2 ], [ 47.5126907, -19.1548549, 1349.2 ], [ 47.5127283, -19.1548549, 1349.5 ], [ 47.5127712, -19.1548472, 1350.0 ], [ 47.5128168, -19.1548371, 1350.5 ], [ 47.5129214, -19.1548016, 1351.8 ], [ 47.5130555, -19.1547256, 1353.8 ], [ 47.5133479, -19.1545711, 1357.5 ], [ 47.5134042, -19.1545432, 1358.0 ], [ 47.5134578, -19.154528, 1358.2 ], [ 47.5135034, -19.1545204, 1358.5 ], [ 47.5135437, -19.1545128, 1358.8 ], [ 47.5136188, -19.1545103, 1359.0 ], [ 47.5136912, -19.1545179, 1358.9 ], [ 47.5137717, -19.1545483, 1358.8 ], [ 47.5138414, -19.1545761, 1358.6 ], [ 47.5139138, -19.1546065, 1358.5 ], [ 47.5139862, -19.154642, 1358.2 ], [ 47.5140399, -19.1546699, 1358.0 ], [ 47.5140962, -19.1547155, 1357.2 ], [ 47.5141418, -19.1547662, 1356.2 ], [ 47.5141713, -19.1548118, 1355.5 ], [ 47.5142142, -19.1548954, 1354.2 ], [ 47.5143027, -19.1551057, 1352.0 ], [ 47.5143376, -19.1552248, 1351.2 ], [ 47.5143617, -19.1553439, 1350.2 ], [ 47.5143859, -19.1554604, 1349.5 ], [ 47.5144073, -19.1555846, 1349.0 ], [ 47.5144342, -19.1557138, 1348.8 ], [ 47.5144395, -19.1557847, 1348.5 ], [ 47.5144449, -19.1558481, 1348.0 ], [ 47.5144476, -19.155957, 1347.2 ], [ 47.5144476, -19.1560634, 1346.5 ], [ 47.5144476, -19.1561977, 1345.8 ], [ 47.5144503, -19.1563067, 1345.2 ], [ 47.5144556, -19.1563599, 1345.0 ], [ 47.5144717, -19.1564055, 1345.0 ], [ 47.5144958, -19.1564587, 1345.1 ], [ 47.5145441, -19.1565499, 1345.1 ], [ 47.5146434, -19.1566918, 1345.2 ], [ 47.5147587, -19.1568565, 1345.2 ], [ 47.5147828, -19.1568945, 1345.1 ], [ 47.5147963, -19.1569198, 1345.1 ], [ 47.514807, -19.1569451, 1345.1 ], [ 47.5148204, -19.1569756, 1345.1 ], [ 47.5148311, -19.157011, 1345.1 ], [ 47.5148311, -19.1570313, 1345.1 ], [ 47.5148311, -19.1570541, 1345.1 ], [ 47.5148284, -19.1570921, 1345.0 ], [ 47.514807, -19.1571833, 1345.0 ], [ 47.5147989, -19.1572213, 1344.9 ], [ 47.5147828, -19.1572619, 1344.8 ], [ 47.5147346, -19.1573455, 1344.5 ], [ 47.5146836, -19.1574063, 1344.4 ], [ 47.5144207, -19.1576951, 1344.0 ], [ 47.5143725, -19.1577534, 1344.2 ], [ 47.5143456, -19.1577813, 1344.5 ], [ 47.5143349, -19.1577939, 1344.5 ], [ 47.5143215, -19.1578142, 1344.6 ], [ 47.5143108, -19.1578345, 1344.6 ], [ 47.5142947, -19.1578598, 1344.7 ], [ 47.5142786, -19.1579003, 1344.8 ], [ 47.5142679, -19.1579358, 1345.0 ], [ 47.5142545, -19.1579814, 1345.2 ], [ 47.5141311, -19.1588555, 1347.5 ], [ 47.5141177, -19.1588986, 1347.5 ], [ 47.5141069, -19.1589366, 1347.6 ], [ 47.5140882, -19.158967, 1347.6 ], [ 47.5140694, -19.1589974, 1347.6 ], [ 47.5140318, -19.1590608, 1347.7 ], [ 47.5139835, -19.1591013, 1347.8 ], [ 47.5139406, -19.1591342, 1348.0 ], [ 47.5139004, -19.159152, 1348.2 ], [ 47.5138655, -19.1591672, 1348.5 ], [ 47.5138065, -19.1591849, 1349.0 ], [ 47.5137717, -19.1591874, 1349.2 ], [ 47.5137368, -19.1591874, 1349.5 ], [ 47.5136295, -19.1591849, 1350.0 ], [ 47.5135571, -19.1591824, 1350.5 ], [ 47.5134873, -19.1591874, 1351.0 ], [ 47.5134256, -19.159195, 1351.5 ], [ 47.5133479, -19.1592052, 1352.2 ], [ 47.5132889, -19.1592204, 1352.8 ], [ 47.513254, -19.159228, 1353.0 ], [ 47.5132138, -19.1592432, 1353.2 ], [ 47.5131467, -19.159271, 1353.5 ], [ 47.5128919, -19.1593597, 1353.7 ], [ 47.5128114, -19.15938, 1353.7 ], [ 47.5127363, -19.1593901, 1353.8 ], [ 47.5126317, -19.1594003, 1354.0 ], [ 47.5124815, -19.1594053, 1355.0 ], [ 47.5123286, -19.1594155, 1356.0 ], [ 47.5120685, -19.1593775, 1358.5 ], [ 47.5120175, -19.1593699, 1359.2 ], [ 47.5119558, -19.1593623, 1360.0 ], [ 47.5118834, -19.1593572, 1361.0 ], [ 47.5118029, -19.1593572, 1361.8 ], [ 47.51165, -19.1593699, 1362.8 ], [ 47.5115615, -19.1593775, 1363.2 ], [ 47.511473, -19.1593927, 1363.8 ], [ 47.5114086, -19.1594053, 1364.0 ], [ 47.5113335, -19.1594256, 1364.2 ], [ 47.5112316, -19.1594611, 1364.3 ], [ 47.5111485, -19.1594915, 1364.3 ], [ 47.511076, -19.1595219, 1364.4 ], [ 47.5110063, -19.1595523, 1364.4 ], [ 47.5109661, -19.1595751, 1364.4 ], [ 47.5109151, -19.1595928, 1364.5 ], [ 47.5108346, -19.1596106, 1364.5 ], [ 47.5107944, -19.1596156, 1364.6 ], [ 47.5107542, -19.1596207, 1364.6 ], [ 47.5106952, -19.1596156, 1364.8 ], [ 47.5106496, -19.1596004, 1365.0 ], [ 47.5105798, -19.1595649, 1365.5 ], [ 47.5104994, -19.1595117, 1366.2 ], [ 47.5104243, -19.1594459, 1367.2 ], [ 47.5103331, -19.1593724, 1368.2 ], [ 47.5102848, -19.159342, 1368.5 ], [ 47.5102392, -19.1593141, 1368.8 ], [ 47.5101802, -19.1592837, 1369.0 ], [ 47.5101212, -19.159266, 1369.2 ], [ 47.5100809, -19.1592584, 1369.5 ], [ 47.510038, -19.1592508, 1369.8 ], [ 47.5099978, -19.1592457, 1369.8 ], [ 47.509861, -19.1592356, 1370.0 ], [ 47.5096625, -19.159228, 1370.8 ], [ 47.5092736, -19.1592102, 1372.8 ], [ 47.509169, -19.1592128, 1372.8 ], [ 47.5090536, -19.1592178, 1372.9 ], [ 47.5089866, -19.159228, 1373.0 ], [ 47.5089517, -19.1592356, 1373.2 ], [ 47.5089115, -19.1592457, 1373.5 ], [ 47.5087667, -19.1593065, 1374.5 ], [ 47.5085655, -19.1593876, 1375.2 ], [ 47.5084662, -19.1594332, 1375.8 ], [ 47.5083455, -19.159494, 1376.8 ], [ 47.5081766, -19.1595928, 1378.8 ], [ 47.5080049, -19.1596992, 1380.8 ], [ 47.507903, -19.1597676, 1382.5 ], [ 47.5078493, -19.1598031, 1383.5 ], [ 47.5077984, -19.1598462, 1384.5 ], [ 47.5077689, -19.159869, 1385.0 ], [ 47.507734, -19.1598969, 1385.5 ], [ 47.5076911, -19.1599425, 1386.0 ], [ 47.5076428, -19.1600007, 1386.8 ], [ 47.5075999, -19.1600691, 1387.5 ], [ 47.5075516, -19.1601477, 1388.2 ], [ 47.5075221, -19.160206, 1388.8 ], [ 47.5074926, -19.1602642, 1389.0 ], [ 47.5074148, -19.1604568, 1390.0 ], [ 47.5073317, -19.1606924, 1391.0 ], [ 47.5072727, -19.160847, 1392.0 ], [ 47.507211, -19.160999, 1393.2 ], [ 47.5071412, -19.1611434, 1394.5 ], [ 47.50705, -19.1613309, 1396.8 ], [ 47.5069642, -19.1614905, 1399.2 ], [ 47.5069159, -19.1616096, 1400.5 ], [ 47.5068864, -19.1616755, 1401.2 ], [ 47.5068811, -19.1616983, 1401.5 ], [ 47.506865, -19.1617489, 1402.0 ], [ 47.5068596, -19.1617945, 1402.2 ], [ 47.5068569, -19.1618528, 1402.5 ], [ 47.5068596, -19.1619389, 1403.0 ], [ 47.5068784, -19.1620935, 1403.5 ], [ 47.5069052, -19.1622683, 1403.8 ], [ 47.5069427, -19.1626053, 1404.2 ], [ 47.5069749, -19.1627928, 1403.8 ], [ 47.5069937, -19.16296, 1402.5 ], [ 47.5070125, -19.1630512, 1401.5 ], [ 47.5070232, -19.1631601, 1400.5 ], [ 47.5070259, -19.1632437, 1399.8 ], [ 47.5070259, -19.1632944, 1399.2 ], [ 47.5070179, -19.163378, 1398.5 ], [ 47.5070125, -19.1634338, 1398.0 ], [ 47.506991, -19.1635022, 1397.8 ], [ 47.5069615, -19.1635883, 1397.5 ], [ 47.5069159, -19.1636719, 1397.6 ], [ 47.5068596, -19.1637454, 1397.8 ], [ 47.5068006, -19.1638163, 1398.0 ], [ 47.5067389, -19.1638771, 1398.2 ], [ 47.5066799, -19.1639379, 1398.5 ], [ 47.5065538, -19.164014, 1399.5 ], [ 47.5062454, -19.1641736, 1403.5 ], [ 47.5061408, -19.1642369, 1404.8 ], [ 47.5060871, -19.1642597, 1405.5 ], [ 47.5060281, -19.1642901, 1406.2 ], [ 47.5059798, -19.164323, 1406.8 ], [ 47.5059289, -19.1643611, 1407.0 ], [ 47.5058806, -19.1644067, 1407.1 ], [ 47.505827, -19.1644573, 1407.2 ], [ 47.5057572, -19.1645257, 1407.8 ], [ 47.5057089, -19.1645688, 1408.2 ], [ 47.505658, -19.1646195, 1409.0 ], [ 47.5055695, -19.1647082, 1410.5 ], [ 47.5055239, -19.1647538, 1411.2 ], [ 47.5054783, -19.1647994, 1412.2 ], [ 47.5054353, -19.1648374, 1413.2 ], [ 47.5054166, -19.1648551, 1413.8 ], [ 47.5053951, -19.164883, 1414.2 ], [ 47.5053763, -19.1649235, 1414.8 ], [ 47.5053602, -19.1649742, 1415.2 ], [ 47.5053522, -19.16504, 1415.5 ], [ 47.5053549, -19.1651161, 1415.4 ], [ 47.5053602, -19.1651667, 1415.2 ], [ 47.5053817, -19.1652047, 1414.8 ], [ 47.5054622, -19.1653694, 1412.5 ], [ 47.5056419, -19.1656937, 1408.5 ], [ 47.5057331, -19.1658406, 1407.0 ], [ 47.505784, -19.1659243, 1406.0 ], [ 47.5058296, -19.1659901, 1405.2 ], [ 47.5058645, -19.1660357, 1404.8 ], [ 47.5059021, -19.1660712, 1404.2 ], [ 47.5059423, -19.1661092, 1403.8 ], [ 47.5059718, -19.1661371, 1403.5 ], [ 47.5060415, -19.1661827, 1402.5 ], [ 47.5061193, -19.1662181, 1401.2 ], [ 47.5061944, -19.1662536, 1400.0 ], [ 47.5062373, -19.1662663, 1399.2 ], [ 47.5062802, -19.166284, 1398.5 ], [ 47.5063607, -19.1663094, 1397.2 ], [ 47.5064439, -19.1663246, 1396.0 ], [ 47.5065458, -19.1663423, 1394.5 ], [ 47.5066879, -19.1663702, 1393.2 ], [ 47.5067657, -19.1663879, 1392.8 ], [ 47.5068328, -19.1664082, 1392.0 ], [ 47.5069267, -19.166431, 1390.8 ], [ 47.5071305, -19.1665171, 1388.0 ], [ 47.5073344, -19.1666184, 1386.0 ], [ 47.5074738, -19.1666843, 1384.0 ], [ 47.5075865, -19.1667502, 1382.5 ], [ 47.5076696, -19.1667933, 1381.5 ], [ 47.507726, -19.1668313, 1380.8 ], [ 47.5077608, -19.1668591, 1380.2 ], [ 47.5078064, -19.1668921, 1379.5 ], [ 47.5078332, -19.1669225, 1379.0 ], [ 47.5078547, -19.1669503, 1378.8 ], [ 47.5079057, -19.1670137, 1378.0 ], [ 47.5079164, -19.1670491, 1377.8 ], [ 47.5079298, -19.1670821, 1377.5 ], [ 47.5079352, -19.1671049, 1377.2 ], [ 47.5079405, -19.1671251, 1377.0 ], [ 47.5079459, -19.1671631, 1377.0 ], [ 47.5079459, -19.1672113, 1377.1 ], [ 47.5079378, -19.1672544, 1377.1 ], [ 47.5079352, -19.1672873, 1377.2 ], [ 47.507911, -19.1673506, 1377.2 ], [ 47.5078708, -19.1674266, 1377.8 ], [ 47.5077555, -19.1676014, 1378.5 ], [ 47.5076321, -19.1677661, 1378.2 ], [ 47.5075194, -19.1679283, 1378.0 ], [ 47.5074926, -19.1679688, 1377.8 ], [ 47.5074577, -19.1680372, 1377.2 ], [ 47.507439, -19.1680879, 1376.8 ], [ 47.5074148, -19.1681512, 1376.2 ], [ 47.5073665, -19.1683032, 1375.2 ], [ 47.5073236, -19.1684704, 1374.5 ], [ 47.5072914, -19.1686301, 1374.0 ], [ 47.507278, -19.1687238, 1373.8 ], [ 47.5072673, -19.168815, 1373.5 ], [ 47.5072673, -19.1688733, 1373.2 ], [ 47.5072914, -19.1691798, 1372.0 ], [ 47.5073317, -19.1695117, 1371.8 ], [ 47.507337, -19.169684, 1371.8 ], [ 47.507337, -19.1697828, 1371.9 ], [ 47.5073397, -19.169912, 1371.9 ], [ 47.507337, -19.1699576, 1372.0 ], [ 47.5073344, -19.1699804, 1372.0 ], [ 47.507329, -19.1700083, 1372.0 ], [ 47.5073129, -19.1700336, 1372.0 ], [ 47.5072968, -19.1700564, 1372.2 ], [ 47.5072619, -19.1701045, 1372.5 ], [ 47.5072137, -19.1701375, 1372.8 ], [ 47.5071815, -19.1701603, 1373.0 ], [ 47.5070983, -19.1701831, 1373.8 ], [ 47.5069696, -19.1702059, 1375.0 ], [ 47.5068033, -19.1702211, 1376.8 ], [ 47.5066048, -19.1702236, 1378.2 ], [ 47.5064385, -19.1702287, 1379.8 ], [ 47.5062481, -19.1702312, 1381.8 ], [ 47.5059906, -19.1702413, 1383.5 ], [ 47.5058886, -19.1702464, 1384.2 ], [ 47.5058538, -19.1702489, 1384.5 ], [ 47.5058055, -19.1702616, 1384.8 ], [ 47.5057358, -19.1702895, 1385.0 ], [ 47.5056767, -19.1703224, 1385.2 ], [ 47.5056204, -19.1703579, 1385.5 ], [ 47.5055668, -19.1704035, 1385.6 ], [ 47.5055346, -19.1704364, 1385.6 ], [ 47.5055212, -19.1704668, 1385.6 ], [ 47.5054836, -19.17052, 1385.7 ], [ 47.5053442, -19.1707886, 1385.9 ], [ 47.5052959, -19.1708671, 1386.0 ], [ 47.5052369, -19.1709381, 1386.5 ], [ 47.5051913, -19.1709989, 1386.8 ], [ 47.5051457, -19.1710521, 1387.0 ], [ 47.5051054, -19.1710825, 1387.0 ], [ 47.5050679, -19.1711129, 1387.1 ], [ 47.5050277, -19.1711382, 1387.1 ], [ 47.504966, -19.1711711, 1387.1 ], [ 47.5049257, -19.1711838, 1387.1 ], [ 47.5048748, -19.1711939, 1387.2 ], [ 47.5047433, -19.1712142, 1387.2 ], [ 47.5045019, -19.1712446, 1388.0 ], [ 47.5042954, -19.1712699, 1389.0 ], [ 47.5042096, -19.1712826, 1389.5 ], [ 47.5041881, -19.1712877, 1389.6 ], [ 47.5041559, -19.1712953, 1389.8 ], [ 47.5041237, -19.1713079, 1390.0 ], [ 47.5040889, -19.1713206, 1390.2 ], [ 47.5040513, -19.1713358, 1390.5 ], [ 47.5040111, -19.1713611, 1390.8 ], [ 47.5039601, -19.1713941, 1391.2 ], [ 47.5039199, -19.1714219, 1391.8 ], [ 47.5037643, -19.1715739, 1393.5 ], [ 47.5036973, -19.171655, 1394.2 ], [ 47.503649, -19.1717158, 1394.8 ], [ 47.5036329, -19.1717336, 1395.0 ], [ 47.5036249, -19.1717513, 1395.0 ], [ 47.5036168, -19.1717741, 1394.9 ], [ 47.5036034, -19.1718425, 1394.9 ], [ 47.503598, -19.1718729, 1394.8 ], [ 47.503598, -19.1719236, 1394.8 ], [ 47.5035954, -19.1719616, 1394.5 ], [ 47.5036034, -19.1720021, 1394.0 ], [ 47.5036249, -19.1720882, 1393.0 ], [ 47.503657, -19.1721668, 1392.0 ], [ 47.5037, -19.1722732, 1390.5 ], [ 47.5037268, -19.1723289, 1389.8 ], [ 47.503759, -19.1724176, 1388.2 ], [ 47.5037885, -19.1724936, 1387.0 ], [ 47.5037912, -19.1725569, 1386.2 ], [ 47.5037912, -19.1725772, 1386.0 ], [ 47.5037912, -19.1726076, 1385.8 ], [ 47.5037804, -19.1726304, 1385.5 ], [ 47.5037643, -19.1726583, 1385.2 ], [ 47.5037321, -19.1727191, 1384.5 ], [ 47.5037107, -19.1727469, 1384.2 ], [ 47.5036839, -19.1727799, 1384.0 ], [ 47.503657, -19.1728001, 1384.1 ], [ 47.5036302, -19.1728204, 1384.1 ], [ 47.5036088, -19.1728331, 1384.2 ], [ 47.5035739, -19.1728432, 1384.2 ], [ 47.5035337, -19.1728559, 1384.5 ], [ 47.5034559, -19.1728863, 1385.0 ], [ 47.5034076, -19.1729116, 1385.2 ], [ 47.5033566, -19.1729395, 1385.5 ], [ 47.5032762, -19.1729927, 1385.8 ], [ 47.5032306, -19.1730231, 1386.0 ], [ 47.5031742, -19.1730687, 1385.9 ], [ 47.5031206, -19.1731295, 1385.8 ], [ 47.5030804, -19.1731827, 1385.2 ], [ 47.5030589, -19.173208, 1385.0 ], [ 47.5030348, -19.1732511, 1384.5 ], [ 47.5029248, -19.1734994, 1382.5 ], [ 47.5028363, -19.173702, 1380.5 ], [ 47.5027826, -19.1738034, 1379.8 ], [ 47.5027424, -19.1738439, 1379.8 ], [ 47.5027075, -19.1738768, 1379.9 ], [ 47.5026378, -19.1739174, 1380.0 ], [ 47.5025707, -19.1739402, 1380.2 ], [ 47.5024849, -19.1739655, 1380.5 ], [ 47.5023937, -19.1739782, 1380.8 ], [ 47.5022703, -19.1739782, 1381.5 ], [ 47.5021416, -19.1739934, 1382.2 ], [ 47.5020611, -19.1740035, 1382.8 ], [ 47.5019753, -19.1740238, 1383.0 ], [ 47.5018948, -19.1740491, 1383.3 ], [ 47.5015381, -19.1742138, 1384.5 ], [ 47.5010982, -19.1744063, 1386.0 ], [ 47.5003874, -19.1747255, 1389.2 ], [ 47.499395, -19.1752221, 1388.0 ], [ 47.4990678, -19.1753842, 1387.8 ], [ 47.4990034, -19.17544, 1387.8 ], [ 47.4989578, -19.175478, 1387.8 ], [ 47.4989149, -19.1755185, 1387.5 ], [ 47.4988639, -19.1755742, 1387.2 ], [ 47.498534, -19.1759618, 1388.3 ], [ 47.4981076, -19.1764533, 1389.8 ], [ 47.4980378, -19.1765369, 1390.5 ], [ 47.4977374, -19.1768764, 1393.2 ], [ 47.4973136, -19.1773755, 1394.2 ], [ 47.4970964, -19.1776212, 1392.8 ], [ 47.496914, -19.1778543, 1390.5 ], [ 47.4967933, -19.178024, 1388.8 ], [ 47.4967074, -19.1781507, 1387.2 ], [ 47.4966162, -19.1783001, 1385.0 ], [ 47.4964982, -19.1784977, 1382.5 ], [ 47.4964392, -19.1785991, 1381.5 ], [ 47.4963775, -19.1787181, 1380.0 ], [ 47.4963534, -19.1787612, 1379.5 ], [ 47.4963292, -19.1788271, 1378.5 ], [ 47.4962837, -19.1789563, 1376.8 ], [ 47.4962568, -19.1790399, 1375.8 ], [ 47.4961603, -19.1793692, 1372.0 ], [ 47.496112, -19.179506, 1370.8 ], [ 47.4959779, -19.1799316, 1370.0 ], [ 47.4959055, -19.180152, 1370.5 ], [ 47.4958384, -19.1803597, 1371.5 ], [ 47.4958116, -19.180456, 1372.0 ], [ 47.4957955, -19.1805067, 1372.5 ], [ 47.4957794, -19.1805573, 1373.0 ], [ 47.4957713, -19.1805776, 1373.2 ], [ 47.4957526, -19.1806131, 1373.5 ], [ 47.4957338, -19.1806435, 1373.8 ], [ 47.495707, -19.1806764, 1374.2 ], [ 47.4956748, -19.1807119, 1374.8 ], [ 47.4956372, -19.1807372, 1375.2 ], [ 47.4955997, -19.1807625, 1375.8 ], [ 47.4955568, -19.1807828, 1376.2 ], [ 47.4954844, -19.1808056, 1376.8 ], [ 47.4954012, -19.1808233, 1377.2 ], [ 47.4953207, -19.1808309, 1377.5 ], [ 47.4952269, -19.1808309, 1377.4 ], [ 47.4950016, -19.1808487, 1377.2 ], [ 47.4948809, -19.1808664, 1377.4 ], [ 47.4947628, -19.1808943, 1377.5 ], [ 47.4946797, -19.1809272, 1378.0 ], [ 47.4946046, -19.1809703, 1379.0 ], [ 47.494508, -19.1810311, 1379.8 ], [ 47.4944168, -19.1810969, 1380.2 ], [ 47.4943551, -19.1811451, 1380.5 ], [ 47.4943015, -19.1811907, 1380.8 ], [ 47.4942344, -19.1812515, 1381.2 ], [ 47.494154, -19.1813224, 1381.8 ], [ 47.4940494, -19.181444, 1382.8 ], [ 47.493977, -19.1815732, 1383.8 ], [ 47.4939045, -19.1817404, 1384.8 ], [ 47.4938616, -19.1818696, 1385.2 ], [ 47.4938321, -19.1819861, 1386.0 ], [ 47.4938187, -19.18209, 1386.8 ], [ 47.4938294, -19.182209, 1387.5 ], [ 47.4938563, -19.1823838, 1388.2 ], [ 47.4939314, -19.1827005, 1390.8 ], [ 47.4939743, -19.1828677, 1392.2 ], [ 47.4940172, -19.1830273, 1393.8 ], [ 47.4940601, -19.1832325, 1395.5 ], [ 47.4940708, -19.1833161, 1396.0 ], [ 47.4940628, -19.1834123, 1396.2 ], [ 47.4940413, -19.1835289, 1396.5 ], [ 47.4939904, -19.1836631, 1397.0 ], [ 47.4938911, -19.1838303, 1397.2 ], [ 47.4937704, -19.184033, 1397.8 ], [ 47.4934781, -19.1844434, 1399.0 ], [ 47.4933037, -19.1846739, 1400.0 ], [ 47.4930194, -19.185064, 1401.5 ], [ 47.4927405, -19.1855149, 1403.0 ], [ 47.492483, -19.1857936, 1402.8 ], [ 47.4923113, -19.1859127, 1402.8 ], [ 47.4921021, -19.1860672, 1402.5 ], [ 47.4918231, -19.1862268, 1401.2 ], [ 47.4915898, -19.186361, 1400.8 ], [ 47.4913859, -19.1864801, 1400.0 ], [ 47.4912116, -19.1865916, 1399.8 ], [ 47.4911365, -19.1866372, 1399.5 ], [ 47.491056, -19.1867132, 1399.2 ], [ 47.4910051, -19.1867664, 1399.0 ], [ 47.4909461, -19.186817, 1398.8 ], [ 47.4908844, -19.1868981, 1398.2 ], [ 47.4908146, -19.1870045, 1397.5 ], [ 47.4907342, -19.1871413, 1396.8 ], [ 47.4907047, -19.1871945, 1396.5 ], [ 47.4906832, -19.1872477, 1396.2 ], [ 47.4906644, -19.1873363, 1395.8 ], [ 47.4906456, -19.1874478, 1395.2 ], [ 47.4906403, -19.1875542, 1394.5 ], [ 47.4906403, -19.1876277, 1394.0 ], [ 47.4906483, -19.1877594, 1393.0 ], [ 47.4906859, -19.1879671, 1391.0 ], [ 47.490702, -19.1880836, 1390.0 ], [ 47.4906993, -19.1881546, 1389.5 ], [ 47.4906832, -19.1883015, 1388.8 ], [ 47.4906564, -19.1884357, 1388.0 ], [ 47.4906296, -19.1885295, 1387.5 ], [ 47.490584, -19.1886308, 1387.2 ], [ 47.4905357, -19.1887321, 1387.0 ], [ 47.4904981, -19.1887752, 1387.1 ], [ 47.4904659, -19.1888157, 1387.2 ], [ 47.4904177, -19.1888689, 1387.2 ], [ 47.4903345, -19.1889221, 1388.0 ], [ 47.4902728, -19.1889576, 1388.8 ], [ 47.4901789, -19.1890082, 1390.0 ], [ 47.4901253, -19.1890361, 1390.8 ], [ 47.4900958, -19.1890564, 1391.0 ], [ 47.4900636, -19.1890868, 1391.2 ], [ 47.4900395, -19.1891273, 1391.5 ], [ 47.4900207, -19.1891678, 1391.8 ], [ 47.4900073, -19.1892109, 1391.8 ], [ 47.4899966, -19.1892514, 1391.9 ], [ 47.4899966, -19.1892844, 1391.9 ], [ 47.4899966, -19.1893553, 1392.0 ], [ 47.4900126, -19.1894034, 1391.9 ], [ 47.4900422, -19.1894465, 1391.9 ], [ 47.4900824, -19.189487, 1391.8 ], [ 47.4901468, -19.1895377, 1391.8 ], [ 47.4901816, -19.189563, 1391.5 ], [ 47.4902165, -19.1895858, 1391.2 ], [ 47.4902487, -19.1896086, 1391.0 ], [ 47.4903774, -19.1896973, 1389.5 ], [ 47.4904472, -19.1897454, 1388.5 ], [ 47.4905035, -19.189791, 1387.8 ], [ 47.4905947, -19.1898797, 1386.8 ], [ 47.4906752, -19.1899658, 1386.0 ], [ 47.4907181, -19.190024, 1385.8 ], [ 47.4907637, -19.1900848, 1385.2 ], [ 47.4907932, -19.1901254, 1385.0 ], [ 47.4908146, -19.1901608, 1384.8 ], [ 47.4908307, -19.1902039, 1384.5 ], [ 47.4908388, -19.1902495, 1384.5 ], [ 47.4908414, -19.19029, 1384.6 ], [ 47.4908414, -19.1903179, 1384.6 ], [ 47.4908361, -19.1903458, 1384.6 ], [ 47.4908307, -19.190361, 1384.7 ], [ 47.4908254, -19.1903736, 1384.7 ], [ 47.4908093, -19.1903939, 1384.7 ], [ 47.4907798, -19.1904294, 1384.8 ], [ 47.4907503, -19.1904623, 1385.0 ], [ 47.4906752, -19.1905332, 1385.5 ], [ 47.4906, -19.190594, 1386.0 ], [ 47.4903184, -19.1907663, 1388.2 ], [ 47.4900422, -19.1909309, 1390.5 ], [ 47.4895728, -19.1912121, 1392.5 ], [ 47.4894521, -19.1912906, 1393.0 ], [ 47.4893796, -19.191354, 1393.2 ], [ 47.4893314, -19.1914046, 1393.5 ], [ 47.4893126, -19.1914198, 1393.5 ], [ 47.4892992, -19.1914502, 1393.6 ], [ 47.4892858, -19.1914857, 1393.6 ], [ 47.489275, -19.1915262, 1393.6 ], [ 47.489275, -19.1915642, 1393.7 ], [ 47.4892697, -19.1916453, 1393.7 ], [ 47.4892697, -19.1917415, 1393.8 ], [ 47.4892804, -19.1919442, 1394.0 ], [ 47.4892858, -19.1921646, 1394.2 ], [ 47.4892938, -19.1923849, 1395.0 ], [ 47.4893153, -19.1925623, 1395.2 ], [ 47.4893448, -19.1926965, 1395.0 ], [ 47.4893448, -19.1927421, 1394.9 ], [ 47.4893367, -19.1927776, 1394.8 ], [ 47.4893287, -19.1928156, 1394.8 ], [ 47.4893099, -19.1928637, 1394.5 ], [ 47.4892858, -19.1929144, 1394.2 ], [ 47.4892563, -19.1929549, 1394.0 ], [ 47.489216, -19.1930005, 1393.8 ], [ 47.4891865, -19.1930436, 1393.5 ], [ 47.4891436, -19.1930892, 1393.2 ], [ 47.4891087, -19.1931195, 1393.0 ], [ 47.4890658, -19.1931525, 1393.1 ], [ 47.4888673, -19.1932791, 1393.8 ], [ 47.4886286, -19.1933957, 1394.5 ], [ 47.488516, -19.1934489, 1395.5 ], [ 47.4883524, -19.1935274, 1397.0 ], [ 47.4882719, -19.1935806, 1397.5 ], [ 47.488229, -19.1936236, 1397.5 ], [ 47.4879554, -19.1939023, 1397.2 ], [ 47.4877462, -19.194148, 1397.0 ], [ 47.4875718, -19.1943532, 1396.8 ], [ 47.4874511, -19.194495, 1396.2 ], [ 47.4873653, -19.1945888, 1396.1 ], [ 47.4872607, -19.1947053, 1396.0 ], [ 47.4872097, -19.1947711, 1395.8 ], [ 47.4871588, -19.1948547, 1395.0 ], [ 47.4870676, -19.1950244, 1393.2 ], [ 47.4870032, -19.1951638, 1391.2 ], [ 47.4869388, -19.195293, 1389.2 ], [ 47.4868423, -19.1954449, 1387.2 ], [ 47.4867833, -19.1955361, 1386.0 ], [ 47.4867511, -19.1955843, 1385.5 ], [ 47.4867108, -19.1956324, 1385.0 ], [ 47.4866733, -19.1956805, 1384.5 ], [ 47.4866357, -19.1957185, 1384.0 ], [ 47.4865875, -19.1957717, 1383.5 ], [ 47.4865258, -19.1958325, 1383.0 ], [ 47.486499, -19.1958502, 1382.8 ], [ 47.4864775, -19.1958604, 1382.7 ], [ 47.4864399, -19.1958756, 1382.7 ], [ 47.486397, -19.1958882, 1382.7 ], [ 47.4863407, -19.1959009, 1382.6 ], [ 47.486271, -19.1958984, 1382.6 ], [ 47.4861798, -19.1958933, 1382.5 ], [ 47.4861047, -19.1958908, 1382.5 ], [ 47.4860376, -19.1958933, 1382.2 ], [ 47.4859893, -19.1959009, 1382.0 ], [ 47.4859437, -19.1959136, 1381.8 ], [ 47.4858955, -19.1959364, 1381.5 ], [ 47.4858445, -19.1959718, 1381.0 ], [ 47.4857023, -19.1960858, 1379.8 ], [ 47.4856755, -19.1961137, 1379.5 ], [ 47.4856406, -19.1961593, 1379.0 ], [ 47.4855977, -19.1962302, 1378.5 ], [ 47.4855494, -19.1963416, 1378.2 ], [ 47.4854985, -19.1964607, 1377.8 ], [ 47.4854502, -19.1965975, 1377.5 ], [ 47.4854127, -19.1967241, 1377.8 ], [ 47.4853778, -19.1968483, 1378.5 ], [ 47.4853563, -19.1969496, 1379.0 ], [ 47.485351, -19.1970028, 1379.2 ], [ 47.4853483, -19.1970585, 1379.5 ], [ 47.485351, -19.197132, 1379.8 ], [ 47.4853751, -19.1972156, 1380.0 ], [ 47.4854127, -19.1973321, 1380.2 ], [ 47.4854422, -19.1974486, 1380.8 ], [ 47.4854824, -19.1975651, 1381.0 ], [ 47.485536, -19.1977247, 1381.2 ], [ 47.4855682, -19.1977906, 1381.2 ], [ 47.4856031, -19.1978564, 1381.1 ], [ 47.4856567, -19.1979552, 1381.1 ], [ 47.4857104, -19.1980363, 1381.0 ], [ 47.4857587, -19.1981275, 1380.5 ], [ 47.4858391, -19.1982642, 1379.8 ], [ 47.4859142, -19.198434, 1379.2 ], [ 47.4859518, -19.1985302, 1379.0 ], [ 47.486043, -19.1988266, 1378.8 ], [ 47.4861798, -19.1993788, 1377.8 ], [ 47.4863327, -19.1999158, 1376.2 ], [ 47.486507, -19.2005212, 1377.0 ], [ 47.4865687, -19.2006782, 1377.2 ], [ 47.4866492, -19.2008378, 1377.8 ], [ 47.4868557, -19.2011848, 1378.2 ], [ 47.4869174, -19.2013165, 1378.8 ], [ 47.4869496, -19.20139, 1379.0 ], [ 47.4869657, -19.2014432, 1379.1 ], [ 47.486971, -19.2014938, 1379.1 ], [ 47.4869683, -19.2016281, 1379.3 ], [ 47.4869764, -19.2018282, 1379.5 ], [ 47.486971, -19.2019295, 1379.8 ], [ 47.4869603, -19.2020359, 1379.7 ], [ 47.4867752, -19.2034746, 1378.5 ], [ 47.4867243, -19.2040597, 1376.2 ], [ 47.4867243, -19.2042852, 1375.2 ], [ 47.4867323, -19.2044498, 1374.5 ], [ 47.4867377, -19.2045765, 1374.2 ], [ 47.486735, -19.2046474, 1374.0 ], [ 47.486735, -19.2046955, 1373.8 ], [ 47.486735, -19.2047259, 1373.6 ], [ 47.4867243, -19.204769, 1373.5 ], [ 47.4867082, -19.204812, 1373.2 ], [ 47.4866867, -19.2048601, 1373.0 ], [ 47.4865794, -19.2050805, 1372.0 ], [ 47.4864936, -19.2052578, 1371.5 ], [ 47.4863783, -19.2054807, 1371.2 ], [ 47.4863407, -19.2055415, 1371.2 ], [ 47.4862495, -19.2056884, 1371.0 ], [ 47.4861851, -19.2057872, 1370.8 ], [ 47.486169, -19.2058328, 1370.8 ], [ 47.4861181, -19.2058986, 1371.0 ], [ 47.4858043, -19.2062203, 1372.0 ], [ 47.4856219, -19.2064052, 1372.5 ], [ 47.4854395, -19.2065952, 1373.2 ], [ 47.4852785, -19.2067573, 1373.8 ], [ 47.4852303, -19.2068105, 1374.0 ], [ 47.48519, -19.2068764, 1374.2 ], [ 47.4851766, -19.2069194, 1374.5 ], [ 47.4851713, -19.2069675, 1374.8 ], [ 47.4851686, -19.2070182, 1375.0 ], [ 47.4851686, -19.2070486, 1375.1 ], [ 47.4851713, -19.2070866, 1375.2 ], [ 47.4851927, -19.2071702, 1375.8 ], [ 47.4852195, -19.2072259, 1376.2 ], [ 47.4852544, -19.207274, 1376.5 ], [ 47.4853697, -19.2073931, 1377.2 ], [ 47.4855146, -19.2075121, 1378.2 ], [ 47.4859062, -19.2077223, 1379.8 ], [ 47.486169, -19.2078465, 1380.5 ], [ 47.4862763, -19.2079098, 1381.0 ], [ 47.4863541, -19.2079478, 1381.1 ], [ 47.4864131, -19.2079832, 1381.1 ], [ 47.4864668, -19.2080238, 1381.2 ], [ 47.486507, -19.2080567, 1381.2 ], [ 47.4865472, -19.2080972, 1381.2 ], [ 47.4866197, -19.2081707, 1381.5 ], [ 47.4867323, -19.2083024, 1381.4 ], [ 47.4868315, -19.2084594, 1381.3 ], [ 47.4869657, -19.2086392, 1381.2 ], [ 47.4870166, -19.2087203, 1381.0 ], [ 47.4870515, -19.2088064, 1381.1 ], [ 47.4871185, -19.2090369, 1381.2 ], [ 47.4872848, -19.2096347, 1380.0 ], [ 47.4873546, -19.2099437, 1379.2 ], [ 47.4873921, -19.2100754, 1378.8 ], [ 47.4874216, -19.2102172, 1378.2 ], [ 47.4874404, -19.2103388, 1377.8 ], [ 47.4874511, -19.2104072, 1377.5 ], [ 47.4874538, -19.2104806, 1377.2 ], [ 47.4874538, -19.2105364, 1377.0 ], [ 47.4874431, -19.2105997, 1376.8 ], [ 47.4874297, -19.2106757, 1376.5 ], [ 47.4873894, -19.2107593, 1376.2 ], [ 47.4873197, -19.2108783, 1376.0 ], [ 47.4872151, -19.2109948, 1375.5 ], [ 47.4869952, -19.2112304, 1374.8 ], [ 47.4862468, -19.2119649, 1373.0 ], [ 47.4858633, -19.2123499, 1372.0 ], [ 47.4856648, -19.2125601, 1372.2 ], [ 47.4855092, -19.2127399, 1372.4 ], [ 47.4849084, -19.2134365, 1373.7 ], [ 47.4848038, -19.2135707, 1374.0 ], [ 47.4843156, -19.2141786, 1374.2 ], [ 47.4840769, -19.214485, 1374.5 ], [ 47.4839562, -19.2146421, 1375.0 ], [ 47.4838409, -19.2147814, 1375.2 ], [ 47.4836612, -19.2150119, 1375.5 ], [ 47.4835351, -19.215179, 1375.8 ], [ 47.483401, -19.215412, 1376.5 ], [ 47.4832991, -19.2156501, 1376.9 ], [ 47.4831918, -19.2158831, 1377.2 ], [ 47.4826661, -19.2169899, 1378.2 ], [ 47.4820518, -19.2182816, 1381.0 ], [ 47.4819285, -19.2186134, 1382.5 ], [ 47.4818587, -19.2187882, 1383.2 ], [ 47.4818212, -19.2188844, 1383.8 ], [ 47.4817917, -19.2189731, 1384.2 ], [ 47.4817622, -19.2190541, 1385.0 ], [ 47.48173, -19.2191706, 1385.8 ], [ 47.4817166, -19.2192517, 1386.2 ], [ 47.4817112, -19.2193505, 1386.8 ], [ 47.4817246, -19.2196746, 1387.8 ], [ 47.4817488, -19.2198899, 1388.0 ], [ 47.4817595, -19.2201356, 1388.2 ], [ 47.4817514, -19.2203104, 1389.0 ], [ 47.481738, -19.2204117, 1389.5 ], [ 47.4817139, -19.2205155, 1390.2 ], [ 47.4815288, -19.2213082, 1393.0 ], [ 47.481333, -19.2221567, 1395.8 ], [ 47.4812847, -19.2223694, 1396.5 ], [ 47.4812633, -19.2225239, 1396.8 ], [ 47.481266, -19.222724, 1397.1 ], [ 47.4812633, -19.2229697, 1397.5 ], [ 47.4812686, -19.2231951, 1397.8 ], [ 47.4813062, -19.2237472, 1398.0 ], [ 47.4813169, -19.224312, 1399.5 ], [ 47.4813062, -19.2245222, 1400.0 ], [ 47.4812794, -19.2247653, 1400.5 ], [ 47.4812391, -19.2250059, 1401.2 ], [ 47.4812096, -19.2251401, 1401.8 ], [ 47.481164, -19.2252997, 1402.2 ], [ 47.4811158, -19.2254669, 1402.4 ], [ 47.4810836, -19.2255276, 1402.4 ], [ 47.4810514, -19.2255808, 1402.5 ], [ 47.4810246, -19.2256239, 1402.8 ], [ 47.480987, -19.2256695, 1403.0 ], [ 47.4808797, -19.2257682, 1404.0 ], [ 47.4807751, -19.2258467, 1405.2 ], [ 47.4803996, -19.2261, 1410.2 ], [ 47.4803406, -19.2261507, 1411.0 ], [ 47.4802762, -19.2262165, 1411.8 ], [ 47.4801877, -19.2263279, 1412.5 ], [ 47.4800214, -19.2266319, 1414.8 ], [ 47.4799919, -19.2267104, 1415.2 ], [ 47.4799651, -19.2268319, 1415.5 ], [ 47.4799651, -19.2269662, 1415.4 ], [ 47.4799705, -19.2270371, 1415.4 ], [ 47.4800241, -19.2272422, 1415.2 ], [ 47.4801207, -19.2276297, 1415.0 ], [ 47.4801716, -19.2278247, 1414.8 ], [ 47.4802038, -19.2279463, 1414.5 ], [ 47.4802279, -19.2280678, 1414.6 ], [ 47.4802414, -19.2281312, 1414.7 ], [ 47.480244, -19.2282173, 1414.8 ], [ 47.4802172, -19.2284148, 1415.8 ], [ 47.4800885, -19.2287871, 1418.5 ], [ 47.4799597, -19.2291113, 1420.2 ], [ 47.4799168, -19.2292151, 1420.8 ], [ 47.4798739, -19.2293569, 1421.5 ], [ 47.4798551, -19.2294101, 1421.8 ], [ 47.4798498, -19.2294785, 1421.7 ], [ 47.4798578, -19.229595, 1421.7 ], [ 47.4798793, -19.2299115, 1421.5 ], [ 47.4798927, -19.230061, 1421.2 ], [ 47.4798954, -19.2301369, 1421.3 ], [ 47.479898, -19.2302079, 1421.3 ], [ 47.4798954, -19.2303041, 1421.4 ], [ 47.4798766, -19.2303826, 1421.4 ], [ 47.4798498, -19.2304662, 1421.5 ], [ 47.4798203, -19.2305295, 1421.5 ], [ 47.4797854, -19.2305979, 1421.8 ], [ 47.4797264, -19.2306764, 1422.5 ], [ 47.4796593, -19.2307372, 1423.2 ], [ 47.4796003, -19.2307929, 1424.0 ], [ 47.4792731, -19.2310208, 1426.8 ], [ 47.4792168, -19.2310588, 1427.2 ], [ 47.4791604, -19.231112, 1427.8 ], [ 47.4791068, -19.2311601, 1428.0 ], [ 47.4790531, -19.2312158, 1428.2 ], [ 47.4789646, -19.2313424, 1428.8 ], [ 47.4789163, -19.2314133, 1429.2 ], [ 47.4788707, -19.2315096, 1429.5 ], [ 47.4788252, -19.2316387, 1429.8 ], [ 47.4788064, -19.2317147, 1429.9 ], [ 47.4787849, -19.2318135, 1430.1 ], [ 47.4787635, -19.2322769, 1431.0 ], [ 47.478742, -19.2325175, 1432.0 ], [ 47.478734, -19.2326366, 1432.5 ], [ 47.478734, -19.232753, 1433.0 ], [ 47.4787313, -19.2328949, 1433.5 ], [ 47.478734, -19.2329734, 1433.8 ], [ 47.4787366, -19.2330063, 1433.8 ], [ 47.4787393, -19.2330367, 1433.9 ], [ 47.4787554, -19.2330797, 1434.0 ], [ 47.4789593, -19.2334419, 1434.8 ], [ 47.4791417, -19.2337838, 1436.5 ], [ 47.4796405, -19.2346651, 1441.2 ], [ 47.4796915, -19.2347385, 1442.0 ], [ 47.4797425, -19.2348196, 1442.8 ], [ 47.4797854, -19.2348955, 1443.5 ], [ 47.4798095, -19.2349614, 1444.0 ], [ 47.4798256, -19.235012, 1444.2 ], [ 47.479831, -19.2350475, 1444.5 ], [ 47.479831, -19.2350855, 1444.8 ], [ 47.4798256, -19.2351285, 1444.7 ], [ 47.4798176, -19.2351792, 1444.7 ], [ 47.4798068, -19.2352172, 1444.7 ], [ 47.4797961, -19.2352476, 1444.7 ], [ 47.4797586, -19.2353337, 1444.7 ], [ 47.4795896, -19.2356958, 1444.5 ], [ 47.4794984, -19.235868, 1444.8 ], [ 47.4794233, -19.2360351, 1445.5 ], [ 47.4789405, -19.2370279, 1447.8 ], [ 47.478683, -19.2375192, 1447.0 ], [ 47.4785382, -19.2377091, 1447.2 ], [ 47.478388, -19.2378965, 1447.0 ], [ 47.4783665, -19.2379244, 1447.0 ], [ 47.4782351, -19.2380814, 1447.2 ], [ 47.4775538, -19.2389019, 1448.5 ], [ 47.4769905, -19.2395755, 1447.0 ], [ 47.4767894, -19.2398135, 1445.5 ], [ 47.4766016, -19.2400718, 1444.8 ], [ 47.4765614, -19.2401301, 1444.6 ], [ 47.4765158, -19.2402187, 1444.5 ], [ 47.4764729, -19.240358, 1444.0 ], [ 47.4763629, -19.2408214, 1443.5 ], [ 47.476261, -19.2412798, 1441.0 ], [ 47.4761671, -19.241647, 1439.5 ], [ 47.4760866, -19.2418749, 1438.2 ], [ 47.4760491, -19.2419838, 1437.5 ], [ 47.4760357, -19.2420268, 1437.2 ], [ 47.4760142, -19.2420724, 1437.0 ], [ 47.4759606, -19.2421484, 1436.9 ], [ 47.4759123, -19.2421965, 1436.8 ], [ 47.4758747, -19.2422396, 1436.8 ], [ 47.475805, -19.2422877, 1437.0 ], [ 47.4757299, -19.2423358, 1437.2 ], [ 47.4756092, -19.2423864, 1437.5 ], [ 47.475459, -19.2424371, 1438.5 ], [ 47.4753168, -19.2424801, 1439.5 ], [ 47.4751988, -19.2425232, 1440.5 ], [ 47.4750781, -19.2425789, 1441.5 ], [ 47.4750325, -19.2426093, 1441.8 ], [ 47.4749789, -19.2426549, 1441.7 ], [ 47.4749199, -19.2427131, 1441.7 ], [ 47.474893, -19.2427435, 1441.6 ], [ 47.4748528, -19.2428017, 1441.6 ], [ 47.4747965, -19.2429461, 1441.5 ], [ 47.4746999, -19.2432297, 1441.2 ], [ 47.4746758, -19.2432905, 1441.5 ], [ 47.474657, -19.2433715, 1441.5 ], [ 47.4746409, -19.2434475, 1441.4 ], [ 47.4746275, -19.2435463, 1441.4 ], [ 47.4746275, -19.2436172, 1441.3 ], [ 47.4746436, -19.243683, 1441.3 ], [ 47.4746811, -19.2437666, 1441.2 ], [ 47.4747697, -19.2438932, 1440.5 ], [ 47.4748287, -19.2439464, 1440.0 ], [ 47.4748877, -19.2440021, 1439.5 ], [ 47.4749655, -19.2440654, 1439.0 ], [ 47.4750701, -19.2441211, 1438.2 ], [ 47.4770978, -19.2448808, 1415.5 ], [ 47.4771488, -19.2449036, 1415.0 ], [ 47.4771863, -19.2449289, 1414.8 ], [ 47.4772453, -19.2449745, 1414.2 ], [ 47.4772668, -19.2449947, 1414.0 ], [ 47.4772829, -19.245015, 1413.8 ], [ 47.4773151, -19.2450707, 1413.2 ], [ 47.4773258, -19.2451087, 1413.0 ], [ 47.4773365, -19.2451467, 1412.8 ], [ 47.4773553, -19.245286, 1411.8 ], [ 47.4773499, -19.2453619, 1411.0 ], [ 47.4773338, -19.2454506, 1410.2 ], [ 47.477299, -19.2455924, 1409.0 ], [ 47.477079, -19.2463445, 1401.5 ], [ 47.4768537, -19.2471852, 1395.5 ], [ 47.4766231, -19.2480766, 1393.5 ], [ 47.4765721, -19.2483602, 1394.0 ], [ 47.4765614, -19.2484539, 1394.2 ], [ 47.4765587, -19.2485349, 1394.8 ], [ 47.4765667, -19.2486286, 1395.5 ], [ 47.4765801, -19.2487046, 1396.2 ], [ 47.4765989, -19.248778, 1397.0 ], [ 47.4766231, -19.2488489, 1397.8 ], [ 47.4766552, -19.2489147, 1398.2 ], [ 47.4766847, -19.248973, 1398.8 ], [ 47.4767599, -19.2490591, 1399.8 ], [ 47.4768484, -19.24913, 1400.8 ], [ 47.4769261, -19.2491806, 1401.8 ], [ 47.476961, -19.2492059, 1402.2 ], [ 47.4770039, -19.2492237, 1402.8 ], [ 47.4770549, -19.2492363, 1403.0 ], [ 47.4771059, -19.2492439, 1403.2 ], [ 47.4771971, -19.249249, 1403.8 ], [ 47.4772561, -19.2492465, 1404.0 ], [ 47.4773312, -19.2492363, 1404.0 ], [ 47.4773955, -19.2492211, 1403.9 ], [ 47.477527, -19.2491781, 1403.8 ], [ 47.477653, -19.2491249, 1403.8 ], [ 47.4781305, -19.2488793, 1404.2 ], [ 47.4783745, -19.2487501, 1404.5 ], [ 47.4785006, -19.2486843, 1405.0 ], [ 47.4785677, -19.2486463, 1405.2 ], [ 47.4786374, -19.2486109, 1405.5 ], [ 47.4787098, -19.2485855, 1405.8 ], [ 47.4787661, -19.2485678, 1406.0 ], [ 47.4788493, -19.2485501, 1406.5 ], [ 47.478911, -19.2485476, 1407.0 ], [ 47.4790102, -19.2485577, 1407.8 ], [ 47.4790961, -19.2485703, 1408.2 ], [ 47.4791819, -19.2486083, 1408.8 ], [ 47.4792516, -19.2486438, 1409.2 ], [ 47.4793428, -19.2487046, 1410.0 ], [ 47.4793965, -19.2487577, 1410.5 ], [ 47.4794447, -19.2488109, 1411.0 ], [ 47.4794903, -19.2488717, 1411.5 ], [ 47.4795628, -19.2489882, 1412.2 ], [ 47.4797103, -19.249287, 1413.8 ], [ 47.4801019, -19.2499935, 1417.0 ], [ 47.4805096, -19.250705, 1417.2 ], [ 47.4808931, -19.2513938, 1418.5 ], [ 47.4813062, -19.2520851, 1415.2 ], [ 47.4813411, -19.2521459, 1414.8 ], [ 47.4813706, -19.2522117, 1414.2 ], [ 47.4813893, -19.2522826, 1414.0 ], [ 47.4814028, -19.2523586, 1413.8 ], [ 47.4814081, -19.2524244, 1413.5 ], [ 47.4814028, -19.2524877, 1413.2 ], [ 47.4813947, -19.2525561, 1413.0 ], [ 47.4813786, -19.2526118, 1412.8 ], [ 47.4812821, -19.2529511, 1411.0 ], [ 47.4811667, -19.2533132, 1409.0 ], [ 47.4811533, -19.253379, 1408.5 ], [ 47.4811426, -19.2534601, 1408.0 ], [ 47.4811292, -19.2536348, 1406.8 ], [ 47.4811426, -19.253693, 1406.2 ], [ 47.4811614, -19.2537437, 1405.8 ], [ 47.4811989, -19.2538146, 1405.0 ], [ 47.481266, -19.2538956, 1404.0 ], [ 47.4813384, -19.2539614, 1402.8 ], [ 47.4818936, -19.2544299, 1395.2 ], [ 47.4819151, -19.2544426, 1395.0 ], [ 47.4819311, -19.2544628, 1394.8 ], [ 47.4819499, -19.2544907, 1394.5 ], [ 47.4819741, -19.2545337, 1394.0 ], [ 47.4819875, -19.2545818, 1393.8 ], [ 47.4819928, -19.2546274, 1393.5 ], [ 47.4819794, -19.2547236, 1393.2 ], [ 47.4819499, -19.2548148, 1392.7 ], [ 47.4817058, -19.2557238, 1387.2 ], [ 47.4816415, -19.2558859, 1386.5 ], [ 47.481612, -19.2559517, 1386.2 ], [ 47.4815664, -19.2560176, 1386.3 ], [ 47.4814779, -19.2561214, 1386.4 ], [ 47.4814296, -19.256172, 1386.5 ], [ 47.4813679, -19.2562252, 1386.8 ], [ 47.4813142, -19.2562607, 1387.0 ], [ 47.4812606, -19.2562885, 1387.2 ], [ 47.481207, -19.2563113, 1387.8 ], [ 47.4811614, -19.256324, 1388.0 ], [ 47.4810889, -19.2563392, 1388.5 ], [ 47.4810138, -19.2563467, 1389.0 ], [ 47.4808744, -19.2563392, 1389.8 ], [ 47.4797237, -19.2561644, 1390.8 ], [ 47.4796915, -19.2561644, 1390.8 ], [ 47.4796405, -19.256167, 1391.0 ], [ 47.4795628, -19.2561898, 1391.2 ], [ 47.4794903, -19.2562277, 1391.4 ], [ 47.4794528, -19.2562556, 1391.4 ], [ 47.4794045, -19.2563012, 1391.5 ], [ 47.4793643, -19.2563695, 1391.8 ], [ 47.4793428, -19.2564455, 1392.2 ], [ 47.479324, -19.2564961, 1392.5 ], [ 47.4793133, -19.2565746, 1393.0 ], [ 47.4792972, -19.2568988, 1395.2 ], [ 47.4792892, -19.2570659, 1396.5 ], [ 47.4792811, -19.257152, 1397.0 ], [ 47.4792516, -19.2575622, 1397.2 ], [ 47.4792489, -19.2576128, 1397.4 ], [ 47.4792543, -19.257666, 1397.5 ], [ 47.479265, -19.2577065, 1397.8 ], [ 47.4792758, -19.2577496, 1398.0 ], [ 47.4792945, -19.2577977, 1398.5 ], [ 47.4793187, -19.2578508, 1399.0 ], [ 47.4793589, -19.2579217, 1399.8 ], [ 47.4794045, -19.2579825, 1400.5 ], [ 47.4795011, -19.2580914, 1401.8 ], [ 47.4797907, -19.2584054, 1405.0 ], [ 47.4800697, -19.2586788, 1409.2 ], [ 47.4802306, -19.2588789, 1412.0 ], [ 47.4802601, -19.2589295, 1412.5 ], [ 47.4802789, -19.2589802, 1413.0 ], [ 47.4802896, -19.2590409, 1413.5 ], [ 47.480295, -19.2590865, 1414.0 ], [ 47.4802923, -19.2591397, 1414.5 ], [ 47.4802816, -19.2591954, 1414.8 ], [ 47.4802494, -19.2593043, 1415.5 ], [ 47.4800938, -19.2595423, 1416.2 ], [ 47.4793616, -19.2606235, 1419.8 ], [ 47.4791577, -19.2609223, 1420.8 ], [ 47.4789432, -19.2612312, 1421.5 ], [ 47.4785864, -19.2617604, 1421.8 ], [ 47.4785623, -19.2618085, 1421.8 ], [ 47.4785355, -19.2618743, 1421.9 ], [ 47.478506, -19.2619731, 1422.0 ], [ 47.4784952, -19.2620161, 1422.1 ], [ 47.4784926, -19.2620718, 1422.2 ], [ 47.4784872, -19.2622035, 1422.5 ], [ 47.4784952, -19.2623048, 1422.6 ], [ 47.4785274, -19.2624263, 1422.7 ], [ 47.4785677, -19.26252, 1422.8 ], [ 47.4786213, -19.2626061, 1423.2 ], [ 47.4786481, -19.2626517, 1423.5 ], [ 47.4786884, -19.2626998, 1424.0 ], [ 47.4787661, -19.2627783, 1424.8 ], [ 47.4789968, -19.2629429, 1426.2 ], [ 47.4795172, -19.2632391, 1429.8 ], [ 47.480464, -19.2637759, 1429.2 ], [ 47.4807295, -19.2639329, 1428.2 ], [ 47.4808609, -19.264024, 1428.5 ], [ 47.4809468, -19.2641025, 1429.0 ], [ 47.4809763, -19.2641304, 1429.2 ], [ 47.4812981, -19.2645304, 1432.0 ], [ 47.4817568, -19.26509, 1436.2 ], [ 47.481966, -19.2653787, 1439.0 ], [ 47.4820143, -19.2654445, 1439.5 ], [ 47.4820599, -19.2655281, 1440.0 ], [ 47.4820948, -19.2656091, 1440.5 ], [ 47.4821296, -19.2657053, 1441.2 ], [ 47.4821565, -19.2658091, 1441.8 ], [ 47.4821699, -19.265918, 1442.0 ], [ 47.482186, -19.2660319, 1442.2 ], [ 47.4822021, -19.266156, 1442.5 ], [ 47.4822047, -19.2662725, 1442.8 ], [ 47.4821994, -19.2663991, 1443.0 ], [ 47.4821967, -19.2664522, 1443.0 ], [ 47.4821779, -19.266513, 1442.9 ], [ 47.482135, -19.2666421, 1442.8 ], [ 47.4820304, -19.2669409, 1442.5 ], [ 47.4819553, -19.2670954, 1442.8 ], [ 47.4818802, -19.2672675, 1443.2 ], [ 47.4818507, -19.2673562, 1443.0 ], [ 47.4818265, -19.2674119, 1442.8 ], [ 47.4817944, -19.2675157, 1442.5 ], [ 47.4817702, -19.2676043, 1442.6 ], [ 47.4817166, -19.2677992, 1442.8 ], [ 47.4815422, -19.2685918, 1444.2 ], [ 47.4815235, -19.2687715, 1444.5 ], [ 47.4815395, -19.2689791, 1444.2 ], [ 47.4816254, -19.2694501, 1443.8 ], [ 47.4816683, -19.2697083, 1443.5 ], [ 47.48173, -19.2699514, 1443.2 ], [ 47.4818105, -19.2701312, 1443.0 ], [ 47.481907, -19.2702983, 1442.2 ], [ 47.4821618, -19.2706452, 1439.8 ], [ 47.4823925, -19.2709616, 1437.2 ], [ 47.4824703, -19.2711085, 1436.5 ], [ 47.4825293, -19.2712376, 1435.5 ], [ 47.4825427, -19.2713414, 1434.8 ], [ 47.482532, -19.2714706, 1433.8 ], [ 47.4825051, -19.2715668, 1433.0 ], [ 47.4824381, -19.2716807, 1432.0 ], [ 47.4823523, -19.2717668, 1431.5 ], [ 47.4822611, -19.2718149, 1431.6 ], [ 47.4821779, -19.2718453, 1431.7 ], [ 47.4820545, -19.2718605, 1431.8 ], [ 47.4820438, -19.271863, 1431.7 ], [ 47.4818373, -19.2718757, 1431.5 ], [ 47.4810675, -19.2718655, 1430.5 ], [ 47.4809441, -19.2718782, 1430.2 ], [ 47.4808046, -19.2719136, 1430.0 ], [ 47.480692, -19.2719618, 1429.8 ], [ 47.4805659, -19.2720326, 1429.5 ], [ 47.4804828, -19.2721086, 1429.0 ], [ 47.4803969, -19.2722149, 1428.2 ], [ 47.4803433, -19.2723263, 1428.0 ], [ 47.4803191, -19.2723896, 1427.9 ], [ 47.4803004, -19.2724833, 1427.8 ], [ 47.4802709, -19.2728555, 1425.5 ], [ 47.4802655, -19.273648, 1421.0 ], [ 47.4802306, -19.2738404, 1420.0 ], [ 47.4800804, -19.2742126, 1419.2 ], [ 47.47989, -19.2746911, 1416.2 ], [ 47.4796486, -19.2752988, 1413.8 ], [ 47.4795252, -19.2756001, 1413.2 ], [ 47.4793509, -19.2760533, 1414.8 ], [ 47.4792275, -19.2764305, 1416.5 ], [ 47.4791336, -19.2770559, 1420.5 ], [ 47.4789459, -19.278537, 1422.0 ], [ 47.4786857, -19.2801573, 1421.0 ], [ 47.4785945, -19.2806384, 1419.8 ], [ 47.4785274, -19.2810586, 1419.5 ], [ 47.4783504, -19.281684, 1423.2 ], [ 47.4781117, -19.2823827, 1426.5 ], [ 47.4776879, -19.283722, 1430.5 ], [ 47.4775323, -19.2840841, 1431.2 ], [ 47.477417, -19.2843752, 1432.2 ], [ 47.4773097, -19.2846157, 1434.0 ], [ 47.4772373, -19.2848309, 1435.0 ], [ 47.477189, -19.2850816, 1435.5 ], [ 47.4771407, -19.2856157, 1435.2 ], [ 47.4771219, -19.2857752, 1434.5 ], [ 47.4771032, -19.2858714, 1434.0 ], [ 47.4770898, -19.2859626, 1433.5 ], [ 47.4770495, -19.2860664, 1433.2 ], [ 47.4769557, -19.2862183, 1434.0 ], [ 47.4767223, -19.2864866, 1436.5 ], [ 47.4763387, -19.2869423, 1440.0 ], [ 47.4762073, -19.2871246, 1440.8 ], [ 47.4760759, -19.2872791, 1442.0 ], [ 47.4759847, -19.2873778, 1442.5 ], [ 47.4758774, -19.2874715, 1442.8 ], [ 47.4757594, -19.2875398, 1442.9 ], [ 47.4756548, -19.287593, 1443.0 ], [ 47.4754617, -19.2876386, 1443.1 ], [ 47.4753034, -19.2876689, 1443.2 ], [ 47.4751478, -19.287674, 1444.0 ], [ 47.4750003, -19.2876588, 1444.2 ], [ 47.474834, -19.2876386, 1444.4 ], [ 47.4746811, -19.2876183, 1444.5 ], [ 47.4742869, -19.2875879, 1446.0 ], [ 47.4741286, -19.2875854, 1446.5 ], [ 47.474032, -19.2875905, 1446.8 ], [ 47.473914, -19.2876107, 1447.0 ], [ 47.473796, -19.2876512, 1447.2 ], [ 47.4736673, -19.2877044, 1447.4 ], [ 47.4734125, -19.2878664, 1447.8 ], [ 47.4732006, -19.2880791, 1449.5 ], [ 47.4729457, -19.288355, 1450.8 ], [ 47.4726078, -19.2887803, 1453.2 ], [ 47.4724442, -19.2889424, 1453.8 ], [ 47.4722537, -19.2891373, 1454.0 ], [ 47.472176, -19.2892284, 1454.2 ], [ 47.4720928, -19.2893196, 1454.4 ], [ 47.4720445, -19.2894158, 1454.5 ], [ 47.4720016, -19.2895044, 1454.8 ], [ 47.4719748, -19.2896613, 1455.8 ], [ 47.4719292, -19.2898613, 1456.8 ], [ 47.4717978, -19.2902537, 1458.5 ], [ 47.4717227, -19.2904006, 1458.8 ], [ 47.4715698, -19.290712, 1459.8 ], [ 47.4713686, -19.2911474, 1460.2 ], [ 47.4711969, -19.2915828, 1459.5 ], [ 47.4710548, -19.2919803, 1460.8 ], [ 47.4709985, -19.292117, 1461.2 ], [ 47.47091, -19.2922208, 1461.0 ], [ 47.4707785, -19.2923448, 1459.8 ], [ 47.4706283, -19.2924562, 1458.0 ], [ 47.4703762, -19.2926461, 1456.2 ], [ 47.4701455, -19.292841, 1456.1 ], [ 47.4699551, -19.2930056, 1456.0 ], [ 47.4698585, -19.2930942, 1456.2 ], [ 47.4697915, -19.2931499, 1456.2 ], [ 47.4697378, -19.2932107, 1456.5 ], [ 47.4696547, -19.293317, 1457.2 ], [ 47.4695984, -19.2934309, 1457.8 ], [ 47.4694937, -19.2937676, 1458.8 ], [ 47.4693516, -19.2941245, 1460.8 ], [ 47.4692577, -19.294279, 1461.8 ], [ 47.4691397, -19.2944207, 1463.2 ], [ 47.46896, -19.2946309, 1465.0 ], [ 47.4688554, -19.2947473, 1465.5 ], [ 47.4687749, -19.2948764, 1466.2 ], [ 47.468732, -19.2949549, 1466.8 ], [ 47.4687025, -19.2950157, 1467.2 ], [ 47.4686569, -19.2951169, 1467.8 ], [ 47.4686354, -19.2952992, 1468.2 ], [ 47.4688339, -19.2970814, 1468.0 ], [ 47.4688554, -19.2972662, 1468.0 ], [ 47.4688661, -19.2974485, 1468.0 ], [ 47.4689412, -19.2976788, 1467.5 ], [ 47.469019, -19.2978155, 1467.0 ], [ 47.469137, -19.2979902, 1466.8 ], [ 47.4691746, -19.2980889, 1466.2 ], [ 47.4692309, -19.2981978, 1465.5 ], [ 47.4692497, -19.2985142, 1461.2 ], [ 47.469314, -19.2988129, 1458.0 ], [ 47.4693248, -19.2989648, 1456.5 ], [ 47.4692926, -19.2990484, 1455.2 ], [ 47.4692523, -19.299142, 1453.8 ], [ 47.4691772, -19.2992889, 1451.2 ], [ 47.4690887, -19.2994509, 1448.5 ], [ 47.4689895, -19.2996559, 1446.0 ], [ 47.4689627, -19.2998103, 1445.0 ], [ 47.4689305, -19.2999673, 1443.8 ], [ 47.4688822, -19.300304, 1441.0 ], [ 47.4687615, -19.300671, 1436.5 ], [ 47.46874, -19.3009748, 1434.5 ], [ 47.4687508, -19.3020583, 1428.2 ], [ 47.468783, -19.3023874, 1425.8 ], [ 47.4688956, -19.3026886, 1423.2 ], [ 47.4693865, -19.3032911, 1420.8 ], [ 47.4697861, -19.3036252, 1419.8 ], [ 47.4701267, -19.3038455, 1418.5 ], [ 47.4702153, -19.3040201, 1417.8 ], [ 47.4702314, -19.3041872, 1417.0 ], [ 47.4702099, -19.3044986, 1416.0 ], [ 47.4700758, -19.3047973, 1415.5 ], [ 47.469947, -19.3050732, 1414.8 ], [ 47.4697298, -19.3052656, 1414.5 ], [ 47.4692684, -19.3054731, 1413.5 ], [ 47.4688339, -19.3056605, 1415.8 ], [ 47.4686113, -19.3057617, 1417.0 ], [ 47.4685308, -19.3057972, 1417.2 ], [ 47.4684048, -19.3058655, 1418.2 ], [ 47.4683431, -19.3059921, 1419.8 ], [ 47.4683163, -19.3062629, 1421.8 ], [ 47.4682733, -19.3066629, 1424.8 ], [ 47.4683243, -19.3068578, 1424.5 ], [ 47.4683967, -19.3070527, 1424.0 ], [ 47.4684182, -19.3072097, 1424.2 ], [ 47.4683753, -19.3074653, 1426.0 ], [ 47.4682385, -19.3078931, 1429.5 ], [ 47.4680829, -19.3083437, 1433.2 ], [ 47.4679434, -19.3087108, 1436.5 ], [ 47.4678764, -19.3088804, 1438.2 ], [ 47.4678522, -19.3090601, 1439.2 ], [ 47.4678898, -19.3093233, 1440.0 ], [ 47.4680454, -19.3097208, 1441.2 ], [ 47.4681017, -19.3098549, 1441.8 ], [ 47.4683028, -19.3103409, 1443.5 ], [ 47.4684048, -19.3105789, 1444.8 ], [ 47.4684584, -19.3108472, 1446.2 ], [ 47.4684718, -19.3111459, 1449.2 ], [ 47.4685094, -19.3124976, 1459.5 ], [ 47.4685282, -19.3128469, 1462.8 ], [ 47.4685711, -19.3130773, 1464.8 ], [ 47.4686328, -19.3133177, 1466.5 ], [ 47.4687347, -19.3136594, 1469.5 ], [ 47.4688071, -19.313829, 1470.0 ], [ 47.4689171, -19.3140012, 1470.2 ], [ 47.4689734, -19.314072, 1470.2 ], [ 47.4691048, -19.314234, 1470.0 ], [ 47.4694884, -19.3145479, 1467.5 ], [ 47.4698693, -19.3148694, 1463.0 ], [ 47.4701992, -19.3151833, 1459.5 ], [ 47.4705961, -19.3156288, 1452.8 ], [ 47.4708053, -19.3159882, 1449.2 ], [ 47.4711245, -19.3167045, 1446.2 ], [ 47.4712399, -19.3169627, 1445.2 ], [ 47.4715939, -19.3177499, 1440.2 ], [ 47.4716797, -19.3179347, 1439.0 ], [ 47.4717012, -19.3180435, 1439.3 ], [ 47.4717012, -19.3181878, 1439.6 ], [ 47.4716476, -19.3185751, 1440.5 ], [ 47.4715537, -19.318894, 1442.5 ], [ 47.4713311, -19.3192357, 1443.8 ], [ 47.4709797, -19.319785, 1447.2 ], [ 47.4707973, -19.3200432, 1448.8 ], [ 47.4706122, -19.32019, 1447.8 ], [ 47.4703628, -19.320395, 1447.0 ], [ 47.4702206, -19.3206051, 1446.9 ], [ 47.46988, -19.3213138, 1446.5 ], [ 47.4698451, -19.3214809, 1447.3 ], [ 47.4698532, -19.3216378, 1448.1 ], [ 47.4699122, -19.3217897, 1448.8 ], [ 47.4703708, -19.3222174, 1451.8 ], [ 47.4704325, -19.3223313, 1452.8 ], [ 47.4704567, -19.3224351, 1453.0 ], [ 47.4704486, -19.3225465, 1452.6 ], [ 47.4703789, -19.3226502, 1452.2 ], [ 47.469475, -19.3235665, 1444.2 ], [ 47.4690753, -19.3239639, 1444.0 ], [ 47.4688366, -19.3242094, 1443.0 ], [ 47.4686328, -19.3245081, 1443.8 ], [ 47.4685657, -19.3248219, 1444.1 ], [ 47.4685577, -19.3251105, 1444.5 ], [ 47.4685952, -19.3253231, 1444.8 ], [ 47.4687561, -19.325761, 1445.8 ], [ 47.4688634, -19.3261457, 1445.2 ], [ 47.4688768, -19.3262216, 1445.2 ], [ 47.468901, -19.3263735, 1445.0 ], [ 47.4689412, -19.3266316, 1443.8 ], [ 47.4690861, -19.3275479, 1442.0 ], [ 47.4692041, -19.3283553, 1444.0 ], [ 47.4692148, -19.3286312, 1445.0 ], [ 47.4691504, -19.3288463, 1445.8 ], [ 47.4687481, -19.329641, 1447.8 ], [ 47.4686167, -19.3298562, 1449.5 ], [ 47.4684799, -19.3299802, 1451.0 ], [ 47.4683055, -19.3300536, 1451.8 ], [ 47.4680588, -19.3300663, 1452.2 ], [ 47.4676082, -19.3300485, 1452.8 ], [ 47.4673882, -19.330084, 1453.8 ], [ 47.4671924, -19.3301599, 1454.2 ], [ 47.4669671, -19.3303978, 1455.0 ], [ 47.4668384, -19.330494, 1455.5 ], [ 47.4665889, -19.3306838, 1456.5 ], [ 47.4662912, -19.3308382, 1456.2 ], [ 47.4661705, -19.3308989, 1456.3 ], [ 47.4660793, -19.3309749, 1456.4 ], [ 47.4659425, -19.3310964, 1456.5 ], [ 47.4657279, -19.3315418, 1460.8 ], [ 47.4655429, -19.3317595, 1462.0 ], [ 47.4654999, -19.3317797, 1462.0 ], [ 47.4652907, -19.3318886, 1462.1 ], [ 47.4650976, -19.332005, 1462.2 ], [ 47.4649984, -19.3320834, 1462.7 ], [ 47.464883, -19.3321796, 1463.2 ], [ 47.4648213, -19.3323163, 1463.8 ], [ 47.4647462, -19.3326175, 1467.8 ], [ 47.4646282, -19.3327769, 1468.2 ], [ 47.4644592, -19.3328706, 1467.5 ], [ 47.4642473, -19.3328478, 1465.0 ], [ 47.4640864, -19.3328351, 1463.8 ], [ 47.4636626, -19.3327288, 1460.5 ], [ 47.4635044, -19.3327288, 1460.7 ], [ 47.4633783, -19.3327415, 1460.9 ], [ 47.4631262, -19.3328706, 1461.2 ], [ 47.4629679, -19.3329718, 1461.5 ], [ 47.462638, -19.3332376, 1463.5 ], [ 47.4623913, -19.3334755, 1464.2 ], [ 47.4622089, -19.3337843, 1465.2 ], [ 47.4621472, -19.33405, 1466.0 ], [ 47.4620533, -19.3343208, 1466.2 ], [ 47.4619943, -19.334541, 1466.8 ], [ 47.4618119, -19.3348675, 1465.8 ], [ 47.4616161, -19.3350624, 1464.0 ], [ 47.461423, -19.3352294, 1462.5 ], [ 47.4612889, -19.335442, 1462.2 ], [ 47.4611843, -19.3356242, 1461.8 ], [ 47.4609858, -19.3358951, 1460.8 ], [ 47.4608088, -19.3361406, 1459.2 ], [ 47.4606934, -19.3364746, 1459.8 ], [ 47.4606693, -19.3366189, 1460.0 ], [ 47.4606451, -19.3367303, 1460.5 ], [ 47.4606693, -19.3368138, 1461.2 ], [ 47.4607122, -19.3368948, 1462.0 ], [ 47.4607953, -19.336996, 1463.0 ], [ 47.4608785, -19.3370694, 1463.8 ], [ 47.461144, -19.3373149, 1465.5 ], [ 47.4613318, -19.3375832, 1465.2 ], [ 47.461423, -19.3378363, 1464.8 ], [ 47.4615812, -19.3392991, 1465.2 ], [ 47.4615008, -19.3396332, 1464.8 ], [ 47.461313, -19.3399647, 1465.0 ], [ 47.4610206, -19.3401976, 1466.8 ], [ 47.460857, -19.340357, 1468.2 ], [ 47.460798, -19.3405392, 1468.1 ], [ 47.4608222, -19.3407771, 1468.0 ], [ 47.460916, -19.3409669, 1467.8 ], [ 47.461018, -19.3411694, 1467.5 ], [ 47.4611843, -19.3413314, 1468.0 ], [ 47.4613827, -19.3414048, 1468.8 ], [ 47.4616376, -19.341382, 1468.5 ], [ 47.4619836, -19.3413415, 1468.0 ], [ 47.4622947, -19.3413719, 1468.8 ], [ 47.4625871, -19.3414883, 1468.5 ], [ 47.462748, -19.3416275, 1468.2 ], [ 47.4628124, -19.3417996, 1467.8 ], [ 47.4627721, -19.3419793, 1468.0 ], [ 47.4626032, -19.3424753, 1471.2 ], [ 47.4624959, -19.3427841, 1473.0 ], [ 47.4623162, -19.3440646, 1474.8 ], [ 47.462225, -19.3443304, 1476.0 ], [ 47.4620613, -19.3445885, 1477.2 ], [ 47.4619165, -19.3448138, 1478.5 ], [ 47.4617556, -19.3452187, 1478.8 ], [ 47.4615893, -19.3456717, 1478.2 ], [ 47.4614471, -19.3462158, 1475.8 ], [ 47.4613532, -19.3466334, 1473.0 ], [ 47.4613184, -19.3470788, 1471.2 ], [ 47.4612996, -19.3475318, 1471.8 ], [ 47.4612164, -19.3477773, 1473.5 ], [ 47.4611118, -19.3480658, 1475.8 ], [ 47.4610823, -19.3482151, 1477.2 ], [ 47.4611092, -19.3484277, 1479.2 ], [ 47.4612594, -19.3492274, 1483.2 ], [ 47.4613211, -19.3494754, 1484.2 ], [ 47.4614203, -19.3496399, 1483.6 ], [ 47.4616188, -19.3498474, 1482.8 ], [ 47.4617234, -19.3500119, 1481.5 ], [ 47.4617127, -19.3502017, 1481.0 ], [ 47.4616268, -19.3504143, 1481.5 ], [ 47.4613345, -19.3509761, 1484.8 ], [ 47.4611816, -19.3511482, 1486.8 ], [ 47.4609858, -19.3512747, 1489.2 ], [ 47.46068, -19.3513987, 1491.5 ], [ 47.4604413, -19.3515683, 1494.5 ], [ 47.4600953, -19.3518188, 1498.2 ], [ 47.4600255, -19.3519251, 1499.0 ], [ 47.4600229, -19.3520592, 1498.8 ], [ 47.4600631, -19.3521503, 1498.0 ], [ 47.4601731, -19.3522718, 1496.2 ], [ 47.4604011, -19.352416, 1492.5 ], [ 47.4605915, -19.3525603, 1490.5 ], [ 47.46068, -19.3526792, 1490.0 ], [ 47.4607229, -19.3528235, 1489.8 ], [ 47.460731, -19.3529475, 1489.9 ], [ 47.4607149, -19.3530892, 1490.0 ], [ 47.4606854, -19.3532183, 1490.2 ], [ 47.4606103, -19.3533979, 1491.2 ], [ 47.4605218, -19.3535346, 1492.2 ], [ 47.4604172, -19.353651, 1493.0 ], [ 47.4602911, -19.3537674, 1493.8 ], [ 47.4598512, -19.354061, 1492.5 ], [ 47.4591377, -19.3544557, 1491.0 ], [ 47.4588159, -19.3546759, 1491.5 ], [ 47.4580622, -19.3552605, 1496.5 ], [ 47.4577752, -19.3555743, 1499.8 ], [ 47.4575365, -19.3557995, 1502.0 ], [ 47.4573272, -19.3559235, 1503.8 ], [ 47.4571288, -19.3559716, 1504.8 ], [ 47.4569491, -19.3559893, 1505.0 ], [ 47.4565709, -19.3559539, 1503.5 ], [ 47.4562275, -19.3558805, 1501.2 ], [ 47.4559808, -19.3558729, 1500.2 ], [ 47.4557099, -19.3559235, 1499.8 ], [ 47.4554712, -19.3560222, 1498.8 ], [ 47.45527, -19.3561867, 1498.5 ], [ 47.4549857, -19.3564448, 1498.2 ], [ 47.4548194, -19.3565612, 1498.0 ], [ 47.4547926, -19.3565789, 1497.9 ], [ 47.4545887, -19.3566725, 1497.2 ], [ 47.4542776, -19.3568067, 1497.5 ], [ 47.4541435, -19.3568649, 1497.8 ], [ 47.4537465, -19.3570344, 1500.0 ], [ 47.4532476, -19.3572723, 1504.5 ], [ 47.4530035, -19.3573558, 1507.0 ], [ 47.4527729, -19.3574014, 1508.5 ], [ 47.4525476, -19.3573735, 1509.0 ], [ 47.4520996, -19.3573178, 1510.0 ], [ 47.451885, -19.3572976, 1510.2 ], [ 47.4516812, -19.3573432, 1509.5 ], [ 47.4514854, -19.357452, 1508.0 ], [ 47.4513191, -19.3576165, 1508.4 ], [ 47.4510723, -19.35791, 1509.0 ], [ 47.4507236, -19.3582542, 1511.0 ], [ 47.4499324, -19.3589425, 1518.5 ], [ 47.4497607, -19.3591601, 1519.2 ], [ 47.449691, -19.3593575, 1519.2 ], [ 47.4495462, -19.3599623, 1518.9 ], [ 47.4494845, -19.3603014, 1518.8 ], [ 47.4494684, -19.360686, 1520.5 ], [ 47.4494389, -19.3609492, 1521.2 ], [ 47.4493772, -19.3611871, 1522.5 ], [ 47.4492297, -19.3613819, 1522.0 ], [ 47.4490446, -19.3615211, 1519.8 ], [ 47.4487227, -19.3618197, 1518.5 ], [ 47.4482936, -19.3622524, 1521.5 ], [ 47.4481139, -19.3623916, 1523.2 ], [ 47.4479637, -19.3624751, 1524.2 ], [ 47.4477786, -19.3625105, 1523.8 ], [ 47.4475694, -19.3624979, 1523.2 ], [ 47.4472556, -19.3624979, 1522.5 ], [ 47.4471, -19.3625308, 1523.0 ], [ 47.4469846, -19.3625991, 1524.0 ], [ 47.4469069, -19.3626978, 1524.8 ], [ 47.4468479, -19.3628496, 1525.8 ], [ 47.4467969, -19.3630622, 1527.2 ], [ 47.4467272, -19.3634114, 1529.5 ], [ 47.4466574, -19.363715, 1530.8 ], [ 47.4465796, -19.3639023, 1530.2 ], [ 47.4464938, -19.3640136, 1529.8 ], [ 47.4463356, -19.3641731, 1529.2 ], [ 47.4453592, -19.3650359, 1534.2 ], [ 47.4452198, -19.3651625, 1535.2 ], [ 47.4449328, -19.3654636, 1539.5 ], [ 47.4447477, -19.3656863, 1542.5 ], [ 47.4442542, -19.3664606, 1551.8 ], [ 47.4440959, -19.3667288, 1553.2 ], [ 47.4440047, -19.3669667, 1554.5 ], [ 47.4439779, -19.3671691, 1556.2 ], [ 47.4439242, -19.3674576, 1559.2 ], [ 47.4438491, -19.3676752, 1561.5 ], [ 47.4436533, -19.3679257, 1562.2 ], [ 47.4434146, -19.3682167, 1561.8 ], [ 47.4433288, -19.3684546, 1562.8 ], [ 47.4432778, -19.3687532, 1564.2 ], [ 47.4432912, -19.3689379, 1566.2 ], [ 47.4433315, -19.3690821, 1568.0 ], [ 47.4433663, -19.3691656, 1569.0 ], [ 47.4434066, -19.3692542, 1570.0 ], [ 47.4435675, -19.369535, 1573.5 ], [ 47.4436882, -19.3697375, 1576.5 ], [ 47.4438384, -19.3699121, 1578.2 ], [ 47.4441898, -19.3701828, 1580.5 ], [ 47.4444392, -19.3703675, 1581.8 ], [ 47.4446216, -19.3705497, 1582.2 ], [ 47.445032, -19.3711494, 1585.0 ], [ 47.445142, -19.3713088, 1586.0 ], [ 47.4454129, -19.3716884, 1586.8 ], [ 47.4456811, -19.3721464, 1589.5 ], [ 47.4460083, -19.3728524, 1592.5 ], [ 47.4460942, -19.3732117, 1595.2 ], [ 47.4461183, -19.3734293, 1597.0 ], [ 47.4461263, -19.3735077, 1597.8 ], [ 47.4462551, -19.3745831, 1602.2 ], [ 47.4462765, -19.374993, 1603.8 ], [ 47.4462497, -19.3751499, 1604.8 ], [ 47.4460915, -19.3754105, 1606.0 ], [ 47.4458528, -19.3758078, 1604.0 ], [ 47.4457964, -19.3759267, 1602.8 ], [ 47.4457937, -19.3760203, 1602.0 ], [ 47.4458045, -19.3762911, 1599.5 ], [ 47.4458662, -19.376706, 1598.2 ], [ 47.4458581, -19.3770375, 1597.0 ], [ 47.4457911, -19.3773538, 1597.2 ], [ 47.4456891, -19.3775714, 1597.0 ], [ 47.445496, -19.3778269, 1596.2 ], [ 47.4452734, -19.3780268, 1594.2 ], [ 47.4451232, -19.3781382, 1592.8 ], [ 47.4449489, -19.3782318, 1590.8 ], [ 47.4447075, -19.3783153, 1588.0 ], [ 47.4444526, -19.3783962, 1584.5 ], [ 47.444281, -19.3784975, 1583.2 ], [ 47.4440718, -19.3786796, 1582.8 ], [ 47.4438679, -19.3788567, 1582.2 ], [ 47.4436694, -19.3790187, 1581.8 ], [ 47.4434495, -19.3791401, 1580.0 ], [ 47.4432564, -19.3792262, 1579.5 ], [ 47.4430525, -19.3793071, 1578.5 ], [ 47.4428809, -19.3793577, 1577.2 ], [ 47.4426556, -19.3794134, 1575.2 ], [ 47.4425215, -19.3794488, 1574.2 ], [ 47.4423659, -19.3795146, 1573.2 ], [ 47.4422157, -19.3795905, 1572.8 ], [ 47.4414808, -19.3800105, 1568.5 ], [ 47.4412876, -19.3801522, 1567.8 ], [ 47.4411482, -19.3802838, 1567.0 ], [ 47.4410141, -19.3804204, 1565.8 ], [ 47.4409068, -19.380552, 1565.5 ], [ 47.4408209, -19.3806735, 1565.2 ], [ 47.4407244, -19.3807595, 1564.5 ], [ 47.4406493, -19.3808177, 1564.0 ], [ 47.4405527, -19.380848, 1563.2 ], [ 47.4404374, -19.3808531, 1562.5 ], [ 47.4403542, -19.3808531, 1562.0 ], [ 47.440196, -19.3808354, 1561.5 ], [ 47.4395335, -19.380681, 1561.0 ], [ 47.4391258, -19.3805596, 1562.5 ], [ 47.4385652, -19.3803648, 1561.9 ], [ 47.4380073, -19.3801902, 1561.2 ], [ 47.436524, -19.3796892, 1560.8 ], [ 47.4362102, -19.3795677, 1563.0 ], [ 47.4359098, -19.3794994, 1565.5 ], [ 47.4356845, -19.3794893, 1567.2 ], [ 47.4354324, -19.3794918, 1569.0 ], [ 47.4350756, -19.3795121, 1570.2 ], [ 47.4347591, -19.37955, 1572.0 ], [ 47.4342978, -19.3796133, 1572.2 ], [ 47.4341288, -19.3795981, 1572.8 ], [ 47.4339679, -19.3795121, 1574.0 ], [ 47.4336702, -19.3793324, 1574.0 ], [ 47.4336219, -19.3792388, 1574.5 ], [ 47.4335897, -19.3791477, 1574.8 ], [ 47.4335763, -19.3790389, 1575.0 ], [ 47.4335682, -19.3788618, 1575.5 ], [ 47.4335441, -19.3787758, 1575.6 ], [ 47.4335226, -19.3787151, 1575.7 ], [ 47.4334314, -19.3786366, 1575.9 ], [ 47.4329567, -19.3782647, 1576.8 ], [ 47.4328521, -19.3782191, 1577.5 ], [ 47.4327797, -19.378209, 1577.8 ], [ 47.4327287, -19.3782292, 1578.0 ], [ 47.4325705, -19.3783254, 1579.0 ], [ 47.4323103, -19.3784595, 1578.2 ], [ 47.4296683, -19.3797044, 1570.8 ], [ 47.4295208, -19.3797727, 1570.0 ], [ 47.4293974, -19.3798385, 1569.8 ], [ 47.4291828, -19.3799852, 1568.8 ], [ 47.4289897, -19.3801472, 1567.2 ], [ 47.4288502, -19.3803192, 1566.5 ], [ 47.4287376, -19.3805014, 1565.5 ], [ 47.4286303, -19.3806633, 1565.0 ], [ 47.4284908, -19.3808303, 1564.9 ], [ 47.428346, -19.3809771, 1564.9 ], [ 47.4282441, -19.3810859, 1564.8 ], [ 47.4281421, -19.3812073, 1564.8 ], [ 47.4278444, -19.3820651, 1560.8 ], [ 47.4277344, -19.3823839, 1558.7 ], [ 47.4276996, -19.3824977, 1558.0 ], [ 47.427249, -19.3837856, 1560.0 ], [ 47.4272195, -19.3838817, 1560.2 ], [ 47.4271283, -19.3841449, 1561.2 ], [ 47.4270371, -19.3843422, 1562.0 ], [ 47.4269378, -19.3845118, 1562.8 ], [ 47.4268278, -19.3846155, 1563.2 ], [ 47.4267206, -19.3847268, 1563.8 ], [ 47.4264711, -19.3856807, 1565.0 ], [ 47.4262244, -19.3865839, 1568.8 ], [ 47.4261895, -19.3867029, 1569.5 ], [ 47.4261707, -19.3868395, 1570.5 ], [ 47.4260956, -19.3869356, 1571.0 ], [ 47.4259481, -19.3870495, 1571.2 ], [ 47.4258488, -19.3872165, 1572.0 ], [ 47.425755, -19.3874062, 1572.2 ], [ 47.4256825, -19.3875884, 1572.5 ], [ 47.4256852, -19.3877503, 1573.8 ], [ 47.4257711, -19.3882817, 1578.8 ], [ 47.4257898, -19.3884765, 1580.5 ], [ 47.4257067, -19.3887598, 1582.5 ], [ 47.4254867, -19.3890837, 1583.8 ], [ 47.4252239, -19.3893797, 1584.2 ], [ 47.4246526, -19.3898554, 1584.5 ], [ 47.4241456, -19.3902627, 1584.8 ], [ 47.4241135, -19.3902905, 1585.0 ], [ 47.4237621, -19.3905537, 1586.2 ], [ 47.4216887, -19.3922033, 1595.8 ], [ 47.4215385, -19.3923348, 1596.2 ], [ 47.4214286, -19.3924714, 1596.8 ], [ 47.4212998, -19.3926713, 1597.5 ], [ 47.4205971, -19.3937668, 1604.5 ], [ 47.4204898, -19.3939287, 1605.8 ], [ 47.4204147, -19.3941084, 1607.0 ], [ 47.4203691, -19.3943766, 1608.0 ], [ 47.4203637, -19.3947383, 1608.8 ], [ 47.4203449, -19.3950268, 1610.0 ], [ 47.4202725, -19.396102, 1612.0 ], [ 47.4201304, -19.3982044, 1600.2 ], [ 47.4201331, -19.3984878, 1598.0 ], [ 47.420184, -19.3986952, 1596.5 ], [ 47.4202242, -19.3988597, 1595.5 ], [ 47.4205461, -19.3997072, 1592.5 ], [ 47.4206051, -19.4000538, 1591.2 ], [ 47.4206051, -19.4009241, 1587.2 ], [ 47.4206105, -19.4016223, 1586.5 ], [ 47.4206346, -19.4019816, 1587.0 ], [ 47.4206829, -19.4021865, 1586.8 ], [ 47.4208009, -19.4024521, 1585.8 ], [ 47.4209297, -19.4026773, 1584.5 ], [ 47.4211094, -19.402862, 1583.2 ], [ 47.4213266, -19.4029986, 1581.5 ], [ 47.4216244, -19.4031479, 1579.2 ], [ 47.4230164, -19.4036589, 1572.8 ], [ 47.4232498, -19.403793, 1571.5 ], [ 47.4234617, -19.4039878, 1569.2 ], [ 47.4235609, -19.4041497, 1568.8 ], [ 47.4236467, -19.4043445, 1568.5 ], [ 47.4236843, -19.4045241, 1568.4 ], [ 47.4237835, -19.4054475, 1567.8 ], [ 47.4238184, -19.40587, 1567.0 ], [ 47.4239016, -19.4063051, 1567.3 ], [ 47.4239847, -19.4065606, 1567.5 ], [ 47.4240544, -19.4067655, 1568.0 ], [ 47.4243683, -19.4075852, 1570.0 ], [ 47.424953, -19.4091107, 1567.5 ], [ 47.4250871, -19.4094623, 1567.2 ], [ 47.4251702, -19.4097254, 1567.0 ], [ 47.4251837, -19.409986, 1566.8 ], [ 47.4251595, -19.4102743, 1567.0 ], [ 47.4251193, -19.4104565, 1567.5 ], [ 47.4250361, -19.4106614, 1568.0 ], [ 47.4249315, -19.4108385, 1567.9 ], [ 47.4247518, -19.4110915, 1567.8 ], [ 47.4245802, -19.4112635, 1567.5 ], [ 47.4243522, -19.4114102, 1566.8 ], [ 47.4240652, -19.411519, 1566.5 ], [ 47.4218228, -19.4123184, 1571.8 ], [ 47.4215251, -19.4124019, 1572.8 ], [ 47.4212435, -19.4124373, 1572.5 ], [ 47.4207017, -19.4124626, 1571.5 ], [ 47.4205166, -19.4125056, 1570.2 ], [ 47.4203771, -19.4125916, 1568.5 ], [ 47.4201921, -19.4127029, 1566.2 ], [ 47.4200231, -19.4128496, 1562.9 ], [ 47.4199829, -19.4128977, 1562.0 ], [ 47.4193364, -19.4135453, 1562.2 ], [ 47.4191514, -19.4137224, 1563.8 ], [ 47.4189287, -19.4138995, 1565.8 ], [ 47.4168956, -19.4153186, 1571.5 ], [ 47.4167079, -19.4154603, 1571.0 ], [ 47.4165577, -19.4155893, 1570.8 ], [ 47.4164289, -19.4157461, 1570.6 ], [ 47.4163216, -19.415903, 1570.5 ], [ 47.4162519, -19.4160497, 1570.6 ], [ 47.4162009, -19.4162495, 1570.8 ], [ 47.4160936, -19.4168567, 1571.0 ], [ 47.4160695, -19.4170565, 1570.7 ], [ 47.4160212, -19.4171678, 1570.5 ], [ 47.4159434, -19.4172867, 1569.8 ], [ 47.4157959, -19.4174511, 1569.5 ], [ 47.4156564, -19.4175928, 1569.8 ], [ 47.4154848, -19.4177218, 1570.1 ], [ 47.4151441, -19.4178913, 1570.8 ], [ 47.4109009, -19.4192219, 1592.5 ], [ 47.4105066, -19.4193762, 1591.8 ], [ 47.4101579, -19.419619, 1591.0 ], [ 47.4098468, -19.4199403, 1589.5 ], [ 47.4096134, -19.4204032, 1587.0 ], [ 47.409533, -19.4208003, 1583.8 ], [ 47.4094793, -19.4210609, 1581.5 ], [ 47.4093908, -19.4216199, 1576.8 ], [ 47.4091762, -19.4230137, 1569.2 ], [ 47.4090636, -19.4237372, 1568.2 ], [ 47.4087337, -19.4259986, 1565.0 ], [ 47.4086505, -19.4265652, 1564.5 ], [ 47.4085781, -19.4269699, 1563.0 ], [ 47.4083877, -19.4275972, 1561.8 ], [ 47.4083635, -19.4276453, 1561.5 ], [ 47.4082831, -19.4278249, 1560.8 ], [ 47.4075535, -19.4294159, 1561.8 ], [ 47.4075079, -19.4295449, 1561.8 ], [ 47.4074382, -19.4297574, 1562.0 ], [ 47.4074247, -19.4301039, 1563.2 ], [ 47.4075267, -19.4306225, 1563.8 ], [ 47.4075562, -19.4307742, 1564.0 ], [ 47.408039, -19.4322034, 1563.5 ], [ 47.4085137, -19.4331468, 1565.0 ], [ 47.4092111, -19.4345279, 1563.2 ], [ 47.4113488, -19.4387645, 1564.2 ], [ 47.4133417, -19.4427102, 1563.2 ], [ 47.4136126, -19.4432363, 1563.5 ], [ 47.414782, -19.4455101, 1564.2 ], [ 47.4154767, -19.4470175, 1560.5 ], [ 47.4160427, -19.4482517, 1557.2 ], [ 47.4160641, -19.4483023, 1557.2 ], [ 47.4164826, -19.4490737, 1556.2 ], [ 47.4171612, -19.4503332, 1555.7 ], [ 47.4173999, -19.4507733, 1555.5 ], [ 47.4190977, -19.453922, 1554.2 ], [ 47.4198192, -19.4552675, 1553.2 ], [ 47.4200928, -19.4557379, 1553.1 ], [ 47.4207795, -19.45636, 1552.8 ], [ 47.421045, -19.4567773, 1552.6 ], [ 47.4219462, -19.458578, 1552.0 ], [ 47.4233222, -19.4613346, 1554.5 ], [ 47.4238989, -19.4627407, 1554.0 ], [ 47.424438, -19.4638686, 1555.2 ], [ 47.4246526, -19.4642682, 1556.2 ], [ 47.4251381, -19.4651761, 1555.2 ], [ 47.4255699, -19.4658209, 1555.4 ], [ 47.4267071, -19.4672017, 1555.7 ], [ 47.4273241, -19.4679072, 1555.9 ], [ 47.42778, -19.4684383, 1556.0 ], [ 47.4283701, -19.469551, 1553.5 ], [ 47.4287724, -19.4703096, 1552.0 ], [ 47.4288878, -19.4705246, 1552.5 ], [ 47.4298427, -19.4716626, 1555.8 ], [ 47.4317363, -19.4734681, 1559.5 ], [ 47.4320072, -19.473807, 1559.2 ], [ 47.4322057, -19.4741863, 1559.0 ], [ 47.4327073, -19.475261, 1560.0 ], [ 47.4338901, -19.4777923, 1561.8 ], [ 47.4341342, -19.4785812, 1559.5 ], [ 47.4344105, -19.4794688, 1557.5 ], [ 47.4345687, -19.4803842, 1557.8 ], [ 47.4346894, -19.4810922, 1556.8 ], [ 47.4347055, -19.4812717, 1556.5 ], [ 47.4347001, -19.4814892, 1556.4 ], [ 47.4345312, -19.4828471, 1555.5 ], [ 47.4345258, -19.4834742, 1553.5 ], [ 47.4350166, -19.4871583, 1552.2 ], [ 47.4350408, -19.4873227, 1552.3 ], [ 47.4350274, -19.4875781, 1552.4 ], [ 47.4349979, -19.4878006, 1552.5 ], [ 47.4348959, -19.4879978, 1552.8 ], [ 47.4345392, -19.4885971, 1551.8 ], [ 47.4343541, -19.4888727, 1551.9 ], [ 47.4342415, -19.4891635, 1552.0 ], [ 47.4341691, -19.4894391, 1552.2 ], [ 47.4341771, -19.4896768, 1552.3 ], [ 47.4342334, -19.490051, 1552.4 ], [ 47.4343434, -19.4907741, 1552.8 ], [ 47.4343729, -19.4910371, 1552.9 ], [ 47.4343917, -19.4912015, 1553.0 ], [ 47.434397, -19.4916895, 1553.2 ], [ 47.434338, -19.4922862, 1553.5 ], [ 47.4343139, -19.4925365, 1553.8 ], [ 47.4341959, -19.4930624, 1553.7 ], [ 47.433756, -19.494448, 1553.4 ], [ 47.4332356, -19.4960991, 1553.1 ], [ 47.4331418, -19.4964733, 1553.0 ], [ 47.432549, -19.5000889, 1552.8 ], [ 47.4324498, -19.5009688, 1552.2 ], [ 47.4321815, -19.5032948, 1550.8 ], [ 47.4321038, -19.5037449, 1550.4 ], [ 47.4319831, -19.5042606, 1550.2 ], [ 47.4318302, -19.5048017, 1550.0 ], [ 47.4311998, -19.5068647, 1555.5 ], [ 47.4310765, -19.5072743, 1556.8 ], [ 47.4310067, -19.5075853, 1557.5 ], [ 47.4309826, -19.5078988, 1557.9 ], [ 47.4309826, -19.5085182, 1558.8 ], [ 47.431004, -19.508675, 1559.2 ], [ 47.4310336, -19.5088646, 1560.0 ], [ 47.4311113, -19.5092135, 1561.0 ], [ 47.4312079, -19.5097697, 1560.8 ], [ 47.4312454, -19.5099618, 1560.2 ], [ 47.4314252, -19.510872, 1560.4 ], [ 47.4315888, -19.5117366, 1560.6 ], [ 47.4316022, -19.5121133, 1560.6 ], [ 47.4315807, -19.512715, 1560.7 ], [ 47.4315754, -19.5140195, 1561.0 ], [ 47.4315619, -19.5143305, 1561.0 ], [ 47.4315593, -19.5155769, 1561.2 ], [ 47.4315566, -19.5171696, 1561.5 ], [ 47.4315593, -19.5173516, 1562.2 ], [ 47.4316129, -19.5181252, 1561.2 ], [ 47.4317148, -19.5192982, 1562.2 ], [ 47.4317712, -19.519958, 1562.9 ], [ 47.4318168, -19.5205218, 1563.5 ], [ 47.4318972, -19.5215937, 1563.6 ], [ 47.4319804, -19.5225923, 1563.8 ], [ 47.4320447, -19.5232369, 1563.5 ], [ 47.4320662, -19.523381, 1563.2 ], [ 47.4321279, -19.5235908, 1562.8 ], [ 47.4323049, -19.5239928, 1561.5 ], [ 47.4323854, -19.5241849, 1560.8 ], [ 47.4324068, -19.5243492, 1560.0 ], [ 47.4323881, -19.5244958, 1559.5 ], [ 47.4323532, -19.5246248, 1559.2 ], [ 47.4322808, -19.5247663, 1559.0 ], [ 47.4320152, -19.5250773, 1558.0 ], [ 47.4316156, -19.5254539, 1556.2 ], [ 47.4306768, -19.5263969, 1551.8 ], [ 47.4305105, -19.5265536, 1551.0 ], [ 47.4302986, -19.5267533, 1551.2 ], [ 47.4300948, -19.5269808, 1551.5 ], [ 47.4299097, -19.527269, 1551.8 ], [ 47.4296844, -19.5277164, 1553.2 ], [ 47.4294457, -19.5281917, 1554.2 ], [ 47.4287456, -19.529582, 1556.2 ], [ 47.4286598, -19.5297641, 1557.0 ], [ 47.4285552, -19.5299183, 1557.8 ], [ 47.4283782, -19.5301483, 1558.2 ], [ 47.427536, -19.5310356, 1559.0 ], [ 47.4272919, -19.5312909, 1559.2 ], [ 47.4267635, -19.531847, 1560.2 ], [ 47.4260581, -19.5325877, 1560.6 ], [ 47.4259159, -19.5327343, 1560.7 ], [ 47.4254277, -19.5332576, 1561.0 ], [ 47.4229494, -19.5359017, 1563.2 ], [ 47.4214232, -19.5375321, 1564.2 ], [ 47.4197441, -19.5393142, 1563.2 ], [ 47.419492, -19.5395543, 1563.1 ], [ 47.4192962, -19.5396832, 1563.0 ], [ 47.4190387, -19.5398197, 1562.5 ], [ 47.4175367, -19.5405806, 1562.2 ], [ 47.4169868, -19.540846, 1562.4 ], [ 47.4167508, -19.5409496, 1562.4 ], [ 47.4164584, -19.5410507, 1562.5 ], [ 47.4118477, -19.542355, 1564.5 ], [ 47.4115527, -19.5424713, 1564.2 ], [ 47.4113113, -19.5426204, 1564.5 ], [ 47.4111181, -19.5427721, 1564.2 ], [ 47.4095115, -19.5442533, 1564.0 ], [ 47.4093801, -19.5443544, 1564.2 ], [ 47.4092782, -19.5444328, 1564.5 ], [ 47.4090984, -19.5445566, 1564.2 ], [ 47.4090394, -19.5445844, 1564.4 ], [ 47.4088758, -19.5446603, 1564.8 ], [ 47.4085835, -19.5447664, 1566.2 ], [ 47.4081329, -19.544865, 1566.5 ], [ 47.4077439, -19.544956, 1566.2 ], [ 47.4074408, -19.5450394, 1566.0 ], [ 47.4071565, -19.5451633, 1566.2 ], [ 47.4069688, -19.545277, 1565.8 ], [ 47.4067757, -19.5454186, 1565.2 ], [ 47.4067166, -19.545459, 1565.0 ], [ 47.4065745, -19.5455803, 1564.8 ], [ 47.4064189, -19.5457648, 1564.0 ], [ 47.4057752, -19.5466571, 1560.8 ], [ 47.4055177, -19.5470059, 1559.8 ], [ 47.4053326, -19.5472157, 1560.1 ], [ 47.4051636, -19.5473876, 1560.4 ], [ 47.4048766, -19.5476454, 1560.8 ], [ 47.4048498, -19.5476656, 1560.9 ], [ 47.4037877, -19.5484871, 1562.5 ], [ 47.4008802, -19.5507139, 1565.8 ], [ 47.4001586, -19.5512725, 1565.8 ], [ 47.3981711, -19.5523821, 1565.9 ], [ 47.3965564, -19.5532743, 1566.0 ], [ 47.396256, -19.5534108, 1566.0 ], [ 47.3959476, -19.5535018, 1566.0 ], [ 47.3955882, -19.5535574, 1566.0 ], [ 47.393378, -19.5537899, 1565.8 ], [ 47.3930508, -19.5538152, 1565.7 ], [ 47.3926806, -19.5537798, 1565.7 ], [ 47.3884642, -19.5530165, 1565.5 ], [ 47.3881289, -19.5529735, 1565.1 ], [ 47.3878098, -19.5529786, 1564.8 ], [ 47.3875603, -19.553019, 1565.2 ], [ 47.3873082, -19.5531328, 1565.0 ], [ 47.3870856, -19.5532794, 1564.5 ], [ 47.3869005, -19.5534765, 1565.0 ], [ 47.3867556, -19.5536964, 1565.5 ], [ 47.3866725, -19.5539567, 1566.0 ], [ 47.3866618, -19.5540553, 1566.2 ], [ 47.3866484, -19.5541867, 1566.8 ], [ 47.3866376, -19.5556325, 1567.2 ], [ 47.3866081, -19.5558347, 1566.8 ], [ 47.3865303, -19.5560975, 1566.0 ], [ 47.386407, -19.5563326, 1565.8 ], [ 47.3862353, -19.5565601, 1565.5 ], [ 47.3860958, -19.5567117, 1564.8 ], [ 47.3858947, -19.5568785, 1564.6 ], [ 47.3856533, -19.5570125, 1564.5 ], [ 47.3845536, -19.5574649, 1562.2 ], [ 47.3841593, -19.5575938, 1561.2 ], [ 47.3837891, -19.5576393, 1560.2 ], [ 47.3834834, -19.5576216, 1558.8 ], [ 47.3824319, -19.5574093, 1555.8 ], [ 47.382102, -19.5573764, 1555.9 ], [ 47.3819438, -19.5573638, 1556.0 ], [ 47.381587, -19.5573966, 1556.8 ], [ 47.3811445, -19.5575079, 1558.0 ], [ 47.380785, -19.5576822, 1558.8 ], [ 47.3803854, -19.5579679, 1559.8 ], [ 47.3788807, -19.5592265, 1562.5 ], [ 47.3788378, -19.5592619, 1562.7 ], [ 47.3785186, -19.5595045, 1564.0 ], [ 47.3782262, -19.5596486, 1565.0 ], [ 47.3779446, -19.5597219, 1565.2 ], [ 47.377612, -19.5597497, 1566.0 ], [ 47.3753858, -19.5597497, 1570.8 ], [ 47.3750532, -19.5597649, 1572.0 ], [ 47.3747179, -19.5598129, 1572.2 ], [ 47.3744282, -19.5598862, 1572.8 ], [ 47.3737147, -19.5600606, 1573.0 ], [ 47.3733231, -19.5601667, 1573.5 ], [ 47.3729879, -19.560283, 1574.0 ], [ 47.3727491, -19.5604195, 1575.2 ], [ 47.3725051, -19.5605939, 1575.8 ], [ 47.3723093, -19.5607885, 1576.5 ], [ 47.3721457, -19.5610033, 1577.5 ], [ 47.3718131, -19.5615694, 1580.5 ], [ 47.3710272, -19.5629165, 1576.2 ], [ 47.3709735, -19.56301, 1575.2 ], [ 47.3703566, -19.5640665, 1566.2 ], [ 47.3701528, -19.5644608, 1562.8 ], [ 47.3700294, -19.5646857, 1560.5 ], [ 47.3698631, -19.564898, 1559.2 ], [ 47.3696619, -19.5651305, 1559.5 ], [ 47.3694822, -19.5652746, 1559.8 ], [ 47.3692971, -19.5653984, 1560.2 ], [ 47.3690531, -19.5654919, 1561.0 ], [ 47.368809, -19.5655703, 1561.2 ], [ 47.368581, -19.565593, 1561.4 ], [ 47.3681197, -19.5656132, 1561.6 ], [ 47.3668295, -19.5656764, 1562.2 ], [ 47.366285, -19.565689, 1562.5 ], [ 47.3658049, -19.5656663, 1563.8 ], [ 47.363686, -19.565497, 1571.8 ], [ 47.3634392, -19.5654717, 1572.0 ], [ 47.3632139, -19.5654136, 1573.2 ], [ 47.3630315, -19.5653352, 1574.2 ], [ 47.3628733, -19.5652341, 1575.2 ], [ 47.3626909, -19.565085, 1576.8 ], [ 47.362369, -19.5647135, 1579.5 ], [ 47.3621437, -19.5645164, 1581.0 ], [ 47.3619479, -19.5643925, 1582.2 ], [ 47.3617601, -19.5643192, 1582.6 ], [ 47.3615724, -19.5642788, 1583.0 ], [ 47.3613551, -19.5642687, 1583.8 ], [ 47.3610789, -19.5643041, 1583.5 ], [ 47.3599818, -19.5645442, 1579.0 ], [ 47.3597941, -19.5645896, 1577.5 ], [ 47.3593783, -19.5646882, 1573.5 ], [ 47.3590618, -19.5647792, 1571.2 ], [ 47.3588768, -19.5648474, 1570.0 ], [ 47.3581874, -19.5651027, 1568.2 ], [ 47.3579702, -19.5651634, 1568.5 ], [ 47.3572567, -19.5653049, 1571.2 ], [ 47.3569348, -19.5653807, 1572.0 ], [ 47.3567069, -19.5655071, 1571.8 ], [ 47.3561007, -19.565866, 1569.5 ], [ 47.355516, -19.5662324, 1567.5 ], [ 47.3549339, -19.5666494, 1567.2 ], [ 47.3546094, -19.5668946, 1568.8 ], [ 47.3542392, -19.5672383, 1568.5 ], [ 47.3539603, -19.5675163, 1568.2 ], [ 47.3537993, -19.5677336, 1568.0 ], [ 47.3532227, -19.5689796, 1563.5 ], [ 47.3530886, -19.5693208, 1562.5 ], [ 47.3529813, -19.5697302, 1561.0 ], [ 47.3528016, -19.5712415, 1556.5 ], [ 47.3527452, -19.5720628, 1555.5 ], [ 47.3527265, -19.5724217, 1555.0 ], [ 47.3527211, -19.5727629, 1555.8 ], [ 47.3527211, -19.5728286, 1555.9 ], [ 47.3527372, -19.573195, 1556.8 ], [ 47.3528016, -19.573468, 1557.5 ], [ 47.3529142, -19.5737586, 1557.2 ], [ 47.3530564, -19.5739835, 1557.5 ], [ 47.3534131, -19.5744106, 1558.0 ], [ 47.3541132, -19.5752446, 1558.5 ], [ 47.3543277, -19.5755403, 1559.8 ], [ 47.3544323, -19.5757222, 1560.5 ], [ 47.3544887, -19.5758183, 1561.0 ], [ 47.3547891, -19.5764678, 1562.5 ], [ 47.3552155, -19.5774003, 1564.5 ], [ 47.355752, -19.57854, 1566.8 ], [ 47.355819, -19.5786992, 1568.0 ], [ 47.3559532, -19.5790101, 1569.5 ], [ 47.3561087, -19.5793588, 1571.0 ], [ 47.3561946, -19.5796039, 1572.0 ], [ 47.3562428, -19.5799047, 1573.5 ], [ 47.3562482, -19.5801599, 1573.6 ], [ 47.3562214, -19.5804076, 1573.8 ], [ 47.3561597, -19.5806729, 1573.0 ], [ 47.356106, -19.5808751, 1572.2 ], [ 47.3560444, -19.5810722, 1571.5 ], [ 47.3557091, -19.5819491, 1568.2 ], [ 47.3555106, -19.5824646, 1566.2 ], [ 47.3553631, -19.5827906, 1565.8 ], [ 47.355229, -19.583018, 1564.8 ], [ 47.3550466, -19.5832657, 1564.0 ], [ 47.3549044, -19.5834173, 1563.5 ], [ 47.3546711, -19.5836043, 1562.8 ], [ 47.3545021, -19.5837206, 1562.5 ], [ 47.3543277, -19.5838166, 1562.0 ], [ 47.3534453, -19.5842209, 1560.5 ], [ 47.3532844, -19.5842942, 1560.4 ], [ 47.353043, -19.584418, 1560.2 ], [ 47.3529008, -19.5845191, 1560.0 ], [ 47.3527613, -19.5846581, 1559.0 ], [ 47.3526621, -19.5848148, 1557.8 ], [ 47.3526058, -19.5849487, 1557.2 ], [ 47.3525655, -19.58507, 1557.4 ], [ 47.3525468, -19.5851913, 1557.6 ], [ 47.352536, -19.5853101, 1557.8 ], [ 47.3525468, -19.5854465, 1557.9 ], [ 47.3525575, -19.585631, 1558.0 ], [ 47.3526058, -19.5862602, 1558.8 ], [ 47.3527882, -19.5887139, 1562.0 ], [ 47.3527882, -19.5891006, 1562.2 ], [ 47.3525307, -19.5900861, 1564.0 ], [ 47.3520935, -19.5917918, 1565.5 ], [ 47.3513773, -19.5945991, 1567.2 ], [ 47.3512486, -19.594867, 1567.8 ], [ 47.3510689, -19.5951222, 1568.2 ], [ 47.3496902, -19.5965069, 1567.8 ], [ 47.3481184, -19.5980736, 1563.0 ], [ 47.3478851, -19.5983313, 1563.2 ], [ 47.3477617, -19.5985031, 1563.2 ], [ 47.3471501, -19.5994962, 1564.0 ], [ 47.3469973, -19.5997792, 1563.8 ], [ 47.3468578, -19.600095, 1563.5 ], [ 47.3466244, -19.6009516, 1562.8 ], [ 47.3464662, -19.6013685, 1561.8 ], [ 47.3461336, -19.602033, 1563.0 ], [ 47.3451036, -19.6040797, 1567.0 ], [ 47.3449454, -19.604484, 1566.9 ], [ 47.3446262, -19.6054441, 1566.8 ], [ 47.3445565, -19.6057398, 1566.2 ], [ 47.3445055, -19.6061238, 1566.0 ], [ 47.3445457, -19.60718, 1564.2 ], [ 47.3445457, -19.6072052, 1564.2 ], [ 47.3446128, -19.6088981, 1562.8 ], [ 47.344822, -19.6144011, 1561.8 ], [ 47.3448703, -19.6154976, 1564.2 ], [ 47.3449159, -19.6159019, 1564.0 ], [ 47.3449856, -19.6162101, 1563.5 ], [ 47.3460478, -19.6193531, 1568.2 ], [ 47.3461631, -19.6197851, 1568.8 ], [ 47.3461872, -19.6199544, 1569.0 ], [ 47.3461953, -19.6201135, 1569.2 ], [ 47.3461524, -19.6204218, 1569.5 ], [ 47.3461094, -19.6205557, 1569.4 ], [ 47.3460451, -19.62073, 1569.2 ], [ 47.3459297, -19.6208917, 1570.0 ], [ 47.3458225, -19.6210231, 1570.2 ], [ 47.3456857, -19.621157, 1570.5 ], [ 47.345278, -19.6215284, 1572.0 ], [ 47.3435238, -19.6229912, 1570.5 ], [ 47.3434675, -19.6230392, 1570.6 ], [ 47.3431402, -19.6233626, 1571.5 ], [ 47.3428559, -19.6236733, 1572.2 ], [ 47.3426414, -19.6239942, 1572.8 ], [ 47.3425233, -19.6242797, 1573.2 ], [ 47.3424107, -19.6247622, 1572.0 ], [ 47.3422846, -19.6250199, 1571.8 ], [ 47.3421478, -19.6252397, 1571.5 ], [ 47.341834, -19.6255833, 1572.0 ], [ 47.3393664, -19.6278444, 1568.8 ], [ 47.339294, -19.6279101, 1568.5 ], [ 47.3390231, -19.6281046, 1567.2 ], [ 47.3387629, -19.6282713, 1566.0 ], [ 47.3384464, -19.6283724, 1565.2 ], [ 47.3381755, -19.6284305, 1564.5 ], [ 47.3379073, -19.6284558, 1563.2 ], [ 47.3374406, -19.6284507, 1561.2 ], [ 47.3372152, -19.6284482, 1560.5 ], [ 47.3369443, -19.6284406, 1559.2 ], [ 47.3366359, -19.6284861, 1558.0 ], [ 47.3363596, -19.6285543, 1557.0 ], [ 47.3360807, -19.6286806, 1556.5 ], [ 47.3344418, -19.6297796, 1557.9 ], [ 47.3343426, -19.6298503, 1558.0 ], [ 47.3318642, -19.6315682, 1561.8 ], [ 47.3317409, -19.6316718, 1562.2 ], [ 47.3316416, -19.6317678, 1562.5 ], [ 47.3315129, -19.6319244, 1563.0 ], [ 47.3314485, -19.6320255, 1563.2 ], [ 47.3314136, -19.6321341, 1563.3 ], [ 47.331242, -19.6328036, 1563.6 ], [ 47.3311213, -19.6331497, 1563.8 ], [ 47.331073, -19.6332886, 1564.0 ], [ 47.3310274, -19.6334149, 1563.8 ], [ 47.3309362, -19.6335564, 1563.5 ], [ 47.3307994, -19.633708, 1563.8 ], [ 47.3305795, -19.6339151, 1564.1 ], [ 47.3302844, -19.6341147, 1564.5 ], [ 47.3299116, -19.6342839, 1564.8 ], [ 47.3293, -19.6345214, 1565.2 ], [ 47.3278597, -19.6350797, 1567.8 ], [ 47.3276505, -19.6351429, 1567.9 ], [ 47.3275164, -19.635153, 1568.0 ], [ 47.3274064, -19.6351353, 1568.2 ], [ 47.3272777, -19.6350797, 1569.0 ], [ 47.3269317, -19.6348953, 1571.8 ], [ 47.326819, -19.634865, 1572.2 ], [ 47.3267037, -19.6348372, 1572.5 ], [ 47.3259982, -19.634769, 1571.0 ], [ 47.3258802, -19.6347311, 1571.2 ], [ 47.3257515, -19.634673, 1571.8 ], [ 47.3252311, -19.6343597, 1574.2 ], [ 47.3250997, -19.634294, 1575.0 ], [ 47.3249602, -19.6342435, 1575.5 ], [ 47.3248288, -19.6342309, 1575.4 ], [ 47.3246545, -19.6342233, 1575.2 ], [ 47.3229405, -19.634241, 1574.5 ], [ 47.3228198, -19.6342536, 1574.0 ], [ 47.3227152, -19.6342865, 1573.2 ], [ 47.3225623, -19.6343294, 1572.1 ], [ 47.3224309, -19.6343774, 1571.0 ], [ 47.3223773, -19.6343926, 1570.5 ], [ 47.3222914, -19.6344103, 1570.0 ], [ 47.3222297, -19.6344128, 1569.8 ], [ 47.322152, -19.63439, 1569.5 ], [ 47.3220769, -19.6343673, 1569.2 ], [ 47.3219615, -19.6342966, 1568.8 ], [ 47.3217818, -19.6341147, 1568.9 ], [ 47.3215699, -19.633804, 1569.0 ], [ 47.3215216, -19.6337383, 1569.0 ], [ 47.3213553, -19.6336044, 1568.8 ], [ 47.3211756, -19.6335134, 1567.8 ], [ 47.3210254, -19.6334503, 1566.8 ], [ 47.3208511, -19.63342, 1565.5 ], [ 47.3207089, -19.6334124, 1564.8 ], [ 47.3205426, -19.633425, 1564.0 ], [ 47.3204139, -19.6334629, 1563.8 ], [ 47.3202315, -19.6335336, 1563.5 ], [ 47.3200652, -19.6336246, 1563.7 ], [ 47.3199016, -19.6337686, 1564.0 ], [ 47.3197487, -19.6339227, 1564.8 ], [ 47.3195314, -19.6341905, 1566.8 ], [ 47.3192444, -19.6345543, 1568.5 ], [ 47.3190889, -19.6347791, 1569.2 ], [ 47.3189977, -19.6349509, 1568.5 ], [ 47.3183566, -19.6363681, 1568.1 ], [ 47.3182279, -19.6365955, 1568.0 ], [ 47.3180616, -19.636795, 1568.5 ], [ 47.3178121, -19.63703, 1568.2 ], [ 47.3174152, -19.6373533, 1567.2 ], [ 47.3157978, -19.6387377, 1563.5 ], [ 47.3155215, -19.6389827, 1564.0 ], [ 47.3153821, -19.6391318, 1564.5 ], [ 47.3152909, -19.6392606, 1564.6 ], [ 47.3151702, -19.6394172, 1564.8 ], [ 47.3150468, -19.6395915, 1564.8 ], [ 47.314961, -19.63969, 1564.8 ], [ 47.314792, -19.6398492, 1564.8 ], [ 47.3141161, -19.640458, 1565.0 ], [ 47.3137352, -19.6408016, 1566.0 ], [ 47.3133597, -19.64113, 1566.2 ], [ 47.3132256, -19.6412588, 1566.1 ], [ 47.3131478, -19.6413826, 1566.0 ], [ 47.3130861, -19.6414836, 1565.8 ], [ 47.3128313, -19.6421303, 1564.5 ], [ 47.3127401, -19.6422793, 1564.2 ], [ 47.3126435, -19.6423779, 1564.3 ], [ 47.3125389, -19.642441, 1564.4 ], [ 47.312437, -19.6424713, 1564.5 ], [ 47.3123431, -19.6424915, 1564.8 ], [ 47.3122466, -19.642484, 1565.0 ], [ 47.3121125, -19.6424562, 1565.8 ], [ 47.311973, -19.6423981, 1566.4 ], [ 47.3118711, -19.6423324, 1567.0 ], [ 47.3116109, -19.6421859, 1567.8 ], [ 47.3113561, -19.6420924, 1567.5 ], [ 47.3111629, -19.6420419, 1566.8 ], [ 47.3109725, -19.6420065, 1565.5 ], [ 47.310833, -19.6419838, 1564.5 ], [ 47.3106131, -19.6419762, 1563.0 ], [ 47.3104173, -19.6420015, 1562.2 ], [ 47.3098755, -19.6421354, 1563.3 ], [ 47.3094276, -19.6422566, 1564.2 ], [ 47.3091808, -19.6422844, 1566.5 ], [ 47.308934, -19.6423501, 1568.8 ], [ 47.3087463, -19.6424536, 1570.0 ], [ 47.3085397, -19.6425951, 1571.8 ], [ 47.3081937, -19.6427997, 1574.0 ], [ 47.3072764, -19.6433656, 1572.2 ], [ 47.3070592, -19.6435424, 1571.8 ], [ 47.3067507, -19.6438935, 1567.2 ], [ 47.3065388, -19.6441664, 1564.8 ], [ 47.3059058, -19.6448686, 1560.2 ], [ 47.3053506, -19.6453688, 1559.2 ], [ 47.3052379, -19.6454723, 1559.0 ], [ 47.3049241, -19.6457679, 1560.0 ], [ 47.3047444, -19.6459978, 1560.8 ], [ 47.3043448, -19.6465459, 1563.8 ], [ 47.3041999, -19.6467152, 1564.8 ], [ 47.3040605, -19.6468718, 1566.0 ], [ 47.3039022, -19.6470132, 1566.5 ], [ 47.3036098, -19.6472482, 1567.2 ], [ 47.3022848, -19.6482131, 1572.0 ], [ 47.3022527, -19.6482384, 1572.0 ], [ 47.3021829, -19.6482864, 1572.0 ], [ 47.302148, -19.6483116, 1572.2 ], [ 47.3016492, -19.6486501, 1574.5 ], [ 47.3013595, -19.6488295, 1574.8 ], [ 47.3003724, -19.6492943, 1572.5 ], [ 47.3002034, -19.6493827, 1572.0 ], [ 47.2999942, -19.6494433, 1572.2 ], [ 47.2997984, -19.6494534, 1573.0 ], [ 47.2995704, -19.6494105, 1573.8 ], [ 47.2983474, -19.6489179, 1578.0 ], [ 47.2981703, -19.6488825, 1578.5 ], [ 47.2980309, -19.64888, 1578.4 ], [ 47.2977814, -19.6489154, 1578.2 ], [ 47.2975534, -19.648976, 1578.0 ], [ 47.2973415, -19.6491023, 1576.2 ], [ 47.2970143, -19.649365, 1574.2 ], [ 47.2968587, -19.649557, 1573.0 ], [ 47.29651, -19.6501253, 1569.8 ], [ 47.2964028, -19.6502617, 1569.2 ], [ 47.2962955, -19.6503653, 1569.1 ], [ 47.2961667, -19.6504385, 1569.1 ], [ 47.2956544, -19.6506103, 1569.0 ], [ 47.2949034, -19.6508503, 1571.5 ], [ 47.2945735, -19.6510069, 1571.8 ], [ 47.2914568, -19.6529115, 1575.0 ], [ 47.2910625, -19.6531237, 1574.7 ], [ 47.2893968, -19.6538638, 1573.2 ], [ 47.2886673, -19.6541467, 1574.0 ], [ 47.2878224, -19.6544346, 1571.2 ], [ 47.2857329, -19.6551444, 1567.2 ], [ 47.2854647, -19.6552101, 1567.5 ], [ 47.2851348, -19.655248, 1568.0 ], [ 47.2850516, -19.6552429, 1568.1 ], [ 47.2849631, -19.6552227, 1568.2 ], [ 47.2847995, -19.6551722, 1569.0 ], [ 47.2844884, -19.655008, 1569.8 ], [ 47.2842202, -19.6548211, 1571.2 ], [ 47.2837347, -19.6545104, 1574.0 ], [ 47.283614, -19.6544473, 1574.5 ], [ 47.2834906, -19.6543866, 1575.5 ], [ 47.283386, -19.6543513, 1576.2 ], [ 47.283268, -19.654321, 1576.8 ], [ 47.2831392, -19.6543033, 1577.0 ], [ 47.2830158, -19.6543033, 1577.2 ], [ 47.2827235, -19.654326, 1577.8 ], [ 47.2824177, -19.6543614, 1577.5 ], [ 47.2822595, -19.654369, 1578.0 ], [ 47.2821012, -19.6543614, 1578.2 ], [ 47.2819242, -19.6543538, 1578.5 ], [ 47.2817525, -19.6543134, 1578.8 ], [ 47.2810578, -19.6540709, 1580.2 ], [ 47.2806931, -19.6539395, 1580.0 ], [ 47.2805214, -19.6538764, 1579.9 ], [ 47.2803792, -19.6538208, 1579.8 ], [ 47.28028, -19.6537627, 1579.5 ], [ 47.2801888, -19.6537021, 1579.2 ], [ 47.2800949, -19.6536314, 1579.0 ], [ 47.2800037, -19.653543, 1578.8 ], [ 47.279883, -19.6533737, 1579.0 ], [ 47.2797865, -19.653159, 1579.5 ], [ 47.2796416, -19.6527751, 1579.2 ], [ 47.2795746, -19.652573, 1578.2 ], [ 47.2794995, -19.6523835, 1577.0 ], [ 47.2794431, -19.6522547, 1576.2 ], [ 47.2793788, -19.6521411, 1576.0 ], [ 47.2792849, -19.6520375, 1575.8 ], [ 47.2791857, -19.6519567, 1575.2 ], [ 47.2790784, -19.6518708, 1574.8 ], [ 47.2789711, -19.6518076, 1574.5 ], [ 47.2784185, -19.6515828, 1573.0 ], [ 47.2781852, -19.6514363, 1573.2 ], [ 47.2780028, -19.6512696, 1573.3 ], [ 47.2778445, -19.6510321, 1573.3 ], [ 47.2777775, -19.6507745, 1573.4 ], [ 47.2777694, -19.6504891, 1573.4 ], [ 47.2778714, -19.6497439, 1573.5 ], [ 47.2778526, -19.6495115, 1573.2 ], [ 47.2777855, -19.6492665, 1572.5 ], [ 47.2773001, -19.648395, 1570.2 ], [ 47.2771525, -19.648198, 1570.5 ], [ 47.2769406, -19.6480363, 1570.6 ], [ 47.2766644, -19.6478721, 1570.8 ], [ 47.2756666, -19.6474326, 1574.5 ], [ 47.2751489, -19.6472052, 1575.2 ], [ 47.2748861, -19.6470865, 1575.0 ], [ 47.2746661, -19.6469678, 1575.2 ], [ 47.2745213, -19.6468617, 1575.5 ], [ 47.2743791, -19.6467329, 1575.8 ], [ 47.2742718, -19.6466268, 1576.2 ], [ 47.2741377, -19.6464651, 1576.4 ], [ 47.2739956, -19.6461923, 1576.5 ], [ 47.2739124, -19.6459675, 1576.2 ], [ 47.2738883, -19.6457174, 1576.8 ], [ 47.2738776, -19.6454471, 1576.5 ], [ 47.2740895, -19.6439971, 1577.0 ], [ 47.2741029, -19.6438885, 1577.1 ], [ 47.2740841, -19.6437824, 1577.2 ], [ 47.2740626, -19.6436637, 1577.2 ], [ 47.2740144, -19.6435601, 1576.9 ], [ 47.2738829, -19.6433833, 1576.2 ], [ 47.2737005, -19.6432165, 1575.2 ], [ 47.2732177, -19.6428604, 1574.8 ], [ 47.2729468, -19.6427214, 1575.0 ], [ 47.2726652, -19.642633, 1574.8 ], [ 47.2724158, -19.6425572, 1575.0 ], [ 47.2721475, -19.642532, 1574.8 ], [ 47.2715119, -19.6425623, 1575.1 ], [ 47.2711793, -19.6425724, 1575.2 ], [ 47.270844, -19.642537, 1575.8 ], [ 47.2706187, -19.6425143, 1576.0 ], [ 47.2703317, -19.6424309, 1575.8 ], [ 47.2700018, -19.6422617, 1575.5 ], [ 47.2696155, -19.6420116, 1575.0 ], [ 47.2690845, -19.6416655, 1573.8 ], [ 47.2671318, -19.6402913, 1585.5 ], [ 47.266987, -19.6400942, 1587.0 ], [ 47.2669306, -19.6398416, 1588.0 ], [ 47.2668877, -19.639397, 1588.5 ], [ 47.2669199, -19.6388993, 1588.4 ], [ 47.2669145, -19.6386644, 1588.3 ], [ 47.2668529, -19.6384345, 1588.2 ], [ 47.2647339, -19.6353829, 1571.2 ], [ 47.2642753, -19.6346983, 1572.2 ], [ 47.2642028, -19.6345896, 1572.5 ], [ 47.2638327, -19.633996, 1572.8 ], [ 47.2637656, -19.6338368, 1572.5 ], [ 47.2637549, -19.6336549, 1572.2 ], [ 47.2637683, -19.633521, 1572.5 ], [ 47.2638649, -19.6326444, 1573.8 ], [ 47.264007, -19.6315556, 1577.0 ], [ 47.2639641, -19.6310983, 1580.0 ], [ 47.2633123, -19.6297871, 1579.8 ], [ 47.2630307, -19.6294966, 1578.8 ], [ 47.2604826, -19.6274831, 1586.2 ], [ 47.2592649, -19.6253509, 1574.5 ], [ 47.2577816, -19.6243479, 1579.5 ], [ 47.2557807, -19.624598, 1576.5 ], [ 47.2550216, -19.624262, 1578.0 ], [ 47.2547856, -19.624118, 1577.5 ], [ 47.2546354, -19.623974, 1577.2 ], [ 47.2544584, -19.623734, 1576.8 ], [ 47.2543672, -19.6235318, 1576.5 ], [ 47.2543377, -19.6234333, 1576.8 ], [ 47.2543645, -19.6228699, 1578.5 ], [ 47.2543484, -19.6227689, 1578.8 ], [ 47.2543216, -19.6226577, 1578.7 ], [ 47.2539058, -19.6215789, 1578.2 ], [ 47.2538683, -19.6214551, 1578.5 ], [ 47.2538254, -19.6209296, 1579.8 ], [ 47.2537905, -19.6207755, 1580.0 ], [ 47.2537395, -19.6206264, 1579.6 ], [ 47.253643, -19.6204925, 1579.2 ], [ 47.253195, -19.6201161, 1577.5 ], [ 47.2525325, -19.6195249, 1579.5 ], [ 47.2524682, -19.6194668, 1579.8 ], [ 47.2521624, -19.6190954, 1582.2 ], [ 47.2520792, -19.6190272, 1583.0 ], [ 47.25187, -19.6189236, 1583.5 ], [ 47.2517467, -19.618868, 1583.3 ], [ 47.2516072, -19.6188377, 1583.0 ], [ 47.2511217, -19.6188655, 1582.2 ], [ 47.2509339, -19.6188503, 1581.8 ], [ 47.250824, -19.61882, 1582.1 ], [ 47.250604, -19.6186861, 1583.0 ], [ 47.2505209, -19.6186381, 1583.2 ], [ 47.250419, -19.6186027, 1583.3 ], [ 47.2494829, -19.6184107, 1584.0 ], [ 47.2492334, -19.6182894, 1583.8 ], [ 47.2486702, -19.6177816, 1584.2 ], [ 47.2485253, -19.617582, 1585.0 ], [ 47.2485039, -19.6173723, 1587.0 ], [ 47.2485307, -19.6169302, 1592.5 ], [ 47.2483993, -19.6167609, 1592.8 ], [ 47.2481605, -19.6166472, 1592.2 ], [ 47.2476402, -19.6165638, 1588.8 ], [ 47.2473317, -19.616483, 1587.8 ], [ 47.2468892, -19.6161722, 1586.9 ], [ 47.2466397, -19.6160737, 1586.5 ], [ 47.2459558, -19.61596, 1582.0 ], [ 47.2455212, -19.6159448, 1583.1 ], [ 47.2448453, -19.6162101, 1585.0 ], [ 47.244392, -19.616579, 1586.8 ], [ 47.2440702, -19.6166548, 1589.8 ], [ 47.2437966, -19.6167937, 1592.8 ], [ 47.2436303, -19.6169504, 1594.0 ], [ 47.2434962, -19.6171904, 1592.8 ], [ 47.2429812, -19.6185901, 1583.2 ], [ 47.2428551, -19.6188124, 1582.5 ], [ 47.242485, -19.6193101, 1581.6 ], [ 47.2422087, -19.6196815, 1581.0 ], [ 47.2419968, -19.6199367, 1581.7 ], [ 47.2418627, -19.6199973, 1582.0 ], [ 47.2417206, -19.6200403, 1583.2 ], [ 47.2415757, -19.6200226, 1584.0 ], [ 47.2414282, -19.6199746, 1584.2 ], [ 47.2408649, -19.6196866, 1585.0 ], [ 47.2407389, -19.6196563, 1585.1 ], [ 47.240594, -19.6196436, 1585.1 ], [ 47.2403097, -19.6196992, 1585.2 ], [ 47.2370911, -19.6204218, 1597.0 ], [ 47.2367907, -19.6204319, 1597.2 ], [ 47.2365439, -19.6203763, 1597.0 ], [ 47.2363374, -19.6202651, 1595.5 ], [ 47.2346368, -19.6190676, 1593.5 ], [ 47.2341621, -19.6186179, 1594.5 ], [ 47.2339502, -19.618393, 1595.2 ], [ 47.2337598, -19.6181328, 1595.8 ], [ 47.233218, -19.6173041, 1597.0 ], [ 47.2330087, -19.6170565, 1596.8 ], [ 47.2327325, -19.6168392, 1597.2 ], [ 47.2325447, -19.6167356, 1597.8 ], [ 47.2324294, -19.6167028, 1598.2 ], [ 47.2322202, -19.6166775, 1599.0 ], [ 47.2320083, -19.6166851, 1599.8 ], [ 47.2314209, -19.6167685, 1600.3 ], [ 47.2311178, -19.6167962, 1600.6 ], [ 47.2298598, -19.6165714, 1601.8 ], [ 47.229479, -19.6165335, 1605.0 ], [ 47.2288004, -19.616531, 1611.8 ], [ 47.2285697, -19.6165234, 1613.0 ], [ 47.2283202, -19.6164855, 1614.0 ], [ 47.2273171, -19.6160762, 1610.2 ], [ 47.2269255, -19.61596, 1609.2 ], [ 47.2264454, -19.6158589, 1609.8 ], [ 47.2252411, -19.6156113, 1611.2 ], [ 47.2249568, -19.6154774, 1611.0 ], [ 47.2247583, -19.6153536, 1610.8 ], [ 47.2245088, -19.6150959, 1609.0 ], [ 47.2242004, -19.614823, 1607.8 ], [ 47.2239777, -19.6146942, 1606.8 ], [ 47.2237739, -19.6146158, 1606.5 ], [ 47.22298, -19.6144794, 1608.2 ], [ 47.2227198, -19.614396, 1609.2 ], [ 47.2224972, -19.6142773, 1610.5 ], [ 47.2221807, -19.6140398, 1611.2 ], [ 47.2219259, -19.6138528, 1611.0 ], [ 47.2216228, -19.6137164, 1611.5 ], [ 47.2210327, -19.6135319, 1611.7 ], [ 47.2202817, -19.6132641, 1611.9 ], [ 47.2199839, -19.6130342, 1612.0 ], [ 47.2198471, -19.6128144, 1612.2 ], [ 47.2192839, -19.6117835, 1614.2 ], [ 47.218675, -19.6110761, 1615.2 ], [ 47.2179964, -19.6105303, 1618.5 ], [ 47.2168645, -19.6102145, 1624.5 ], [ 47.2159821, -19.6097117, 1627.2 ], [ 47.215738, -19.6096637, 1628.5 ], [ 47.2154537, -19.609689, 1629.8 ], [ 47.2151533, -19.6098052, 1632.8 ], [ 47.2148851, -19.6099391, 1636.2 ], [ 47.2146329, -19.609982, 1637.0 ], [ 47.2140858, -19.6100705, 1638.8 ], [ 47.2137988, -19.6101564, 1640.2 ], [ 47.2132811, -19.6104141, 1646.5 ], [ 47.2129726, -19.6105101, 1647.5 ], [ 47.2126561, -19.6105126, 1646.2 ], [ 47.2123665, -19.6104722, 1644.5 ], [ 47.2120205, -19.6105051, 1645.2 ], [ 47.2119185, -19.6105253, 1646.0 ], [ 47.2117925, -19.6105152, 1646.5 ], [ 47.2116128, -19.6104697, 1646.8 ], [ 47.2114652, -19.6103964, 1646.0 ], [ 47.210395, -19.6098001, 1647.2 ], [ 47.2101241, -19.6096511, 1648.1 ], [ 47.2098988, -19.6096157, 1648.8 ], [ 47.2093463, -19.6096637, 1652.5 ], [ 47.2090432, -19.6096687, 1653.2 ], [ 47.2087026, -19.6096334, 1653.0 ], [ 47.2082466, -19.6095323, 1651.8 ], [ 47.208024, -19.6095045, 1651.2 ], [ 47.2077852, -19.6095323, 1652.8 ], [ 47.2075573, -19.6096157, 1653.5 ], [ 47.2073615, -19.6097496, 1654.0 ], [ 47.2072166, -19.6099467, 1654.8 ], [ 47.2071174, -19.61026, 1655.8 ], [ 47.2069538, -19.610596, 1654.8 ], [ 47.2067901, -19.6108487, 1653.2 ], [ 47.2066963, -19.6109902, 1652.8 ], [ 47.2065702, -19.6111241, 1652.0 ], [ 47.206412, -19.6112833, 1651.5 ], [ 47.2062913, -19.6113793, 1651.6 ], [ 47.2061491, -19.6114652, 1651.8 ], [ 47.2059694, -19.6115511, 1651.6 ], [ 47.2057736, -19.6116016, 1651.5 ], [ 47.2049555, -19.6119023, 1654.8 ], [ 47.2046927, -19.6120261, 1656.0 ], [ 47.2045076, -19.6121549, 1656.5 ], [ 47.2043467, -19.6123343, 1657.0 ], [ 47.2039738, -19.6128927, 1657.5 ], [ 47.2037888, -19.6131226, 1658.2 ], [ 47.2035393, -19.6133273, 1658.0 ], [ 47.2032657, -19.6134258, 1657.5 ], [ 47.2030324, -19.6134662, 1657.0 ], [ 47.2021794, -19.6134309, 1655.0 ], [ 47.1994007, -19.6133172, 1654.2 ], [ 47.1989661, -19.6132869, 1654.0 ], [ 47.1986121, -19.6132161, 1654.2 ], [ 47.1985692, -19.6131934, 1654.4 ], [ 47.1983814, -19.6130873, 1654.9 ], [ 47.1983278, -19.6130544, 1655.0 ], [ 47.1980917, -19.6128422, 1655.2 ], [ 47.1972334, -19.6117532, 1655.0 ], [ 47.1969464, -19.6113515, 1652.8 ], [ 47.1966997, -19.6111468, 1652.0 ], [ 47.196461, -19.6110584, 1652.5 ], [ 47.1962008, -19.6110306, 1652.8 ], [ 47.1958897, -19.6110862, 1653.2 ], [ 47.1956268, -19.6112302, 1654.5 ], [ 47.1954471, -19.6114121, 1655.8 ], [ 47.194908, -19.6123874, 1665.0 ], [ 47.1946236, -19.6127209, 1664.8 ], [ 47.194275, -19.6129281, 1662.5 ], [ 47.1939692, -19.613014, 1660.5 ], [ 47.1936849, -19.6130418, 1658.5 ], [ 47.193296, -19.6129938, 1658.0 ], [ 47.1928883, -19.6128321, 1656.5 ], [ 47.1925101, -19.6125036, 1655.2 ], [ 47.1921211, -19.6120842, 1653.8 ], [ 47.1917564, -19.6118164, 1652.8 ], [ 47.1909571, -19.6113515, 1653.1 ], [ 47.1906272, -19.6111342, 1653.2 ], [ 47.1904448, -19.6109144, 1654.0 ], [ 47.1899083, -19.6101817, 1655.0 ], [ 47.1897179, -19.6099947, 1654.9 ], [ 47.1894336, -19.6098406, 1654.8 ], [ 47.1892002, -19.60979, 1655.0 ], [ 47.1889749, -19.6097673, 1655.2 ], [ 47.1887738, -19.6097673, 1655.3 ], [ 47.1885887, -19.6098128, 1655.5 ], [ 47.1884143, -19.6098936, 1655.8 ], [ 47.1882641, -19.6100124, 1656.5 ], [ 47.18813, -19.6101791, 1657.2 ], [ 47.188004, -19.6103914, 1657.0 ], [ 47.1876633, -19.6110508, 1655.5 ], [ 47.1873119, -19.6118012, 1654.5 ], [ 47.1872073, -19.6120867, 1653.5 ], [ 47.187151, -19.6123571, 1653.0 ], [ 47.1871644, -19.6128068, 1653.5 ], [ 47.1871805, -19.6134966, 1654.2 ], [ 47.1871617, -19.6137619, 1655.0 ], [ 47.1871054, -19.6139488, 1655.2 ], [ 47.1870813, -19.6140196, 1655.3 ], [ 47.1869847, -19.6142545, 1655.5 ], [ 47.1868238, -19.6144642, 1655.4 ], [ 47.1865931, -19.6146588, 1655.2 ], [ 47.1864697, -19.6147422, 1655.5 ], [ 47.1857536, -19.6151136, 1655.0 ], [ 47.1856275, -19.6151919, 1654.8 ], [ 47.1854827, -19.6153056, 1654.5 ], [ 47.1854317, -19.6153662, 1654.6 ], [ 47.1853673, -19.615442, 1654.8 ], [ 47.1846539, -19.6162834, 1656.8 ], [ 47.1843427, -19.6166169, 1658.0 ], [ 47.1840075, -19.6168948, 1659.8 ], [ 47.1837017, -19.6171146, 1660.5 ], [ 47.1833503, -19.6172839, 1661.0 ], [ 47.1829668, -19.6174001, 1660.2 ], [ 47.1820629, -19.6175972, 1657.8 ], [ 47.1820226, -19.6176047, 1657.6 ], [ 47.1817464, -19.6176755, 1656.8 ], [ 47.1814728, -19.6177892, 1656.0 ], [ 47.1812207, -19.6179736, 1655.8 ], [ 47.1810678, -19.6181429, 1656.0 ], [ 47.1807835, -19.6185522, 1657.5 ], [ 47.180526, -19.6189893, 1658.2 ], [ 47.1803007, -19.6192419, 1657.0 ], [ 47.1800727, -19.6194238, 1655.2 ], [ 47.1796811, -19.619583, 1654.2 ], [ 47.1786591, -19.6199645, 1652.8 ], [ 47.1781173, -19.6201843, 1651.2 ], [ 47.1775246, -19.620442, 1653.0 ], [ 47.1768031, -19.6208235, 1654.8 ], [ 47.1759099, -19.621301, 1655.3 ], [ 47.1736917, -19.622448, 1656.5 ], [ 47.173394, -19.6225718, 1656.0 ], [ 47.1731499, -19.6226198, 1655.8 ], [ 47.1726805, -19.6226274, 1655.2 ], [ 47.1723077, -19.6226501, 1655.5 ], [ 47.1720207, -19.6226931, 1655.9 ], [ 47.17168, -19.6228093, 1656.5 ], [ 47.1714145, -19.6229457, 1657.2 ], [ 47.1711785, -19.6231251, 1656.9 ], [ 47.1709719, -19.6233525, 1656.5 ], [ 47.1708003, -19.623643, 1656.0 ], [ 47.1706796, -19.6239563, 1655.8 ], [ 47.1706393, -19.6241786, 1655.5 ], [ 47.1706313, -19.6244742, 1656.0 ], [ 47.1706903, -19.6251614, 1657.8 ], [ 47.1706796, -19.6254216, 1658.0 ], [ 47.1706045, -19.6256515, 1658.2 ], [ 47.1704838, -19.625889, 1658.5 ], [ 47.1702987, -19.626081, 1658.2 ], [ 47.1700627, -19.6262553, 1659.0 ], [ 47.1684051, -19.6271901, 1656.5 ], [ 47.1681637, -19.6273139, 1656.0 ], [ 47.1680376, -19.6273644, 1655.8 ], [ 47.1678901, -19.6273947, 1654.8 ], [ 47.1674341, -19.6274503, 1653.0 ], [ 47.1672705, -19.6274654, 1653.5 ], [ 47.1670774, -19.6274705, 1654.2 ], [ 47.1669298, -19.6274503, 1654.8 ], [ 47.1667823, -19.6274124, 1655.0 ], [ 47.1662593, -19.6272532, 1656.2 ], [ 47.1661091, -19.6272305, 1656.5 ], [ 47.1659562, -19.6272229, 1656.8 ], [ 47.1653581, -19.6272785, 1658.0 ], [ 47.1650711, -19.6273391, 1658.8 ], [ 47.1647733, -19.6274907, 1659.5 ], [ 47.1645936, -19.6276069, 1660.0 ], [ 47.1641833, -19.627953, 1661.0 ], [ 47.1639311, -19.6281501, 1662.0 ], [ 47.1635959, -19.6283522, 1662.8 ], [ 47.1631587, -19.628524, 1662.8 ], [ 47.1618578, -19.6288827, 1663.0 ], [ 47.1599963, -19.6294132, 1670.2 ], [ 47.1596959, -19.6295194, 1671.0 ], [ 47.1593767, -19.6298048, 1672.0 ], [ 47.1591944, -19.6300625, 1672.1 ], [ 47.1591648, -19.6301206, 1672.1 ], [ 47.1590817, -19.6303126, 1672.2 ], [ 47.1590602, -19.6303707, 1672.2 ], [ 47.1590388, -19.6305071, 1672.2 ], [ 47.1589905, -19.6311438, 1673.2 ], [ 47.1589583, -19.6314772, 1673.0 ], [ 47.1588752, -19.631841, 1672.2 ], [ 47.1587276, -19.6321518, 1671.5 ], [ 47.1580571, -19.6333518, 1674.2 ], [ 47.1579015, -19.6336877, 1675.5 ], [ 47.1578157, -19.6339581, 1676.5 ], [ 47.157746, -19.6343117, 1677.8 ], [ 47.1572417, -19.6377979, 1682.0 ], [ 47.1572283, -19.6379217, 1683.2 ], [ 47.1572149, -19.6381491, 1685.2 ], [ 47.157231, -19.6382981, 1686.5 ], [ 47.1572497, -19.6384067, 1687.5 ], [ 47.1573034, -19.6386846, 1688.5 ], [ 47.1577889, -19.6397557, 1688.2 ], [ 47.1578532, -19.6400412, 1687.8 ], [ 47.1579257, -19.6407662, 1686.5 ], [ 47.1579927, -19.6410668, 1686.0 ], [ 47.1582609, -19.6418979, 1685.5 ], [ 47.1583682, -19.6422339, 1685.2 ], [ 47.1584675, -19.6425623, 1685.0 ], [ 47.1586204, -19.6429538, 1684.8 ], [ 47.1588376, -19.6432595, 1684.2 ], [ 47.1590468, -19.6434641, 1683.8 ], [ 47.1593016, -19.6436384, 1684.0 ], [ 47.1600768, -19.6439845, 1684.5 ], [ 47.1602994, -19.6440855, 1685.0 ], [ 47.1605596, -19.6442598, 1685.8 ], [ 47.1607903, -19.6444872, 1686.2 ], [ 47.1609432, -19.6447044, 1686.0 ], [ 47.1610531, -19.6449444, 1685.2 ], [ 47.1612141, -19.6453991, 1685.0 ], [ 47.1613669, -19.6459599, 1684.7 ], [ 47.1614286, -19.6463009, 1684.5 ], [ 47.1614394, -19.6465838, 1683.5 ], [ 47.1613026, -19.6477054, 1681.0 ], [ 47.1613026, -19.6479706, 1681.8 ], [ 47.1613374, -19.6482965, 1682.2 ], [ 47.1614501, -19.6485718, 1682.5 ], [ 47.1616405, -19.648832, 1683.2 ], [ 47.1619034, -19.6490669, 1682.5 ], [ 47.1622521, -19.6492943, 1682.2 ], [ 47.163443, -19.6499965, 1681.8 ], [ 47.1637595, -19.6502188, 1680.8 ], [ 47.163966, -19.6503981, 1679.0 ], [ 47.1641135, -19.6505699, 1677.2 ], [ 47.1643764, -19.6509867, 1673.8 ], [ 47.1647975, -19.6517445, 1671.0 ], [ 47.1653768, -19.6527473, 1673.8 ], [ 47.1664739, -19.654518, 1681.0 ], [ 47.1666536, -19.6547251, 1682.2 ], [ 47.1668655, -19.6549146, 1683.8 ], [ 47.1671739, -19.6550863, 1685.5 ], [ 47.1680269, -19.6554905, 1689.0 ], [ 47.168279, -19.6556824, 1690.8 ], [ 47.1684802, -19.6559401, 1692.0 ], [ 47.169022, -19.6567913, 1695.0 ], [ 47.1693197, -19.6572965, 1698.8 ], [ 47.1694618, -19.6575971, 1700.8 ], [ 47.1695477, -19.6578724, 1702.5 ], [ 47.1696228, -19.6582715, 1704.8 ], [ 47.1696979, -19.6588802, 1707.2 ], [ 47.1697971, -19.660181, 1706.2 ], [ 47.169781, -19.6606357, 1706.5 ], [ 47.1697113, -19.6611181, 1707.0 ], [ 47.1694484, -19.6623659, 1710.8 ], [ 47.168617, -19.6656014, 1706.2 ], [ 47.1685123, -19.6658414, 1704.8 ], [ 47.1683756, -19.666056, 1703.0 ], [ 47.1681985, -19.6662758, 1701.8 ], [ 47.1670586, -19.6675462, 1696.2 ], [ 47.1654251, -19.6690541, 1689.5 ], [ 47.1648994, -19.6696148, 1685.8 ], [ 47.1646178, -19.670024, 1682.0 ], [ 47.1644971, -19.6702816, 1681.2 ], [ 47.1643978, -19.6706453, 1679.8 ], [ 47.1642745, -19.6715242, 1675.2 ], [ 47.1642396, -19.671994, 1673.0 ], [ 47.1642986, -19.6724486, 1671.2 ], [ 47.1643844, -19.6728982, 1670.5 ], [ 47.1647653, -19.6739211, 1669.0 ], [ 47.1649531, -19.6743201, 1666.5 ], [ 47.1658301, -19.6751157, 1665.8 ], [ 47.1660689, -19.6755652, 1664.2 ], [ 47.1660984, -19.6761158, 1662.2 ], [ 47.1658167, -19.677515, 1662.5 ], [ 47.1658409, -19.6782196, 1666.0 ], [ 47.1672785, -19.6830737, 1675.2 ], [ 47.1676996, -19.686175, 1674.8 ], [ 47.1679062, -19.6875286, 1671.2 ], [ 47.1680322, -19.6884327, 1668.5 ], [ 47.1680403, -19.6888494, 1669.0 ], [ 47.1679276, -19.6895767, 1670.0 ], [ 47.1679035, -19.6897333, 1669.9 ], [ 47.1679196, -19.6899959, 1669.8 ], [ 47.1679625, -19.6901777, 1669.8 ], [ 47.1680349, -19.6903848, 1670.2 ], [ 47.1681127, -19.6905338, 1670.5 ], [ 47.1682012, -19.6906954, 1670.0 ], [ 47.1683273, -19.6910364, 1669.8 ], [ 47.1684211, -19.6915288, 1668.2 ], [ 47.1684909, -19.6920692, 1669.0 ], [ 47.1688262, -19.6946299, 1670.3 ], [ 47.169207, -19.6975441, 1671.8 ], [ 47.1692419, -19.6979052, 1671.5 ], [ 47.1692419, -19.6981703, 1671.6 ], [ 47.169199, -19.6984506, 1671.8 ], [ 47.1691266, -19.6987183, 1672.0 ], [ 47.1690676, -19.698885, 1671.7 ], [ 47.1687376, -19.6998244, 1670.0 ], [ 47.1675977, -19.703044, 1664.5 ], [ 47.1674341, -19.7035061, 1665.2 ], [ 47.1670264, -19.7046601, 1664.2 ], [ 47.1666884, -19.7056298, 1663.2 ], [ 47.1665597, -19.7059631, 1663.0 ], [ 47.1664149, -19.7062484, 1662.2 ], [ 47.1662325, -19.7065186, 1661.5 ], [ 47.1659133, -19.7068999, 1660.8 ], [ 47.1654949, -19.70741, 1658.5 ], [ 47.1651328, -19.7078165, 1657.0 ], [ 47.1649101, -19.7080008, 1656.2 ], [ 47.1646848, -19.7081549, 1655.0 ], [ 47.1641967, -19.7084579, 1652.5 ], [ 47.1639714, -19.7086296, 1651.8 ], [ 47.1637836, -19.7088316, 1650.2 ], [ 47.1635583, -19.7091422, 1649.2 ], [ 47.163392, -19.7094578, 1649.5 ], [ 47.163105, -19.7099603, 1650.0 ], [ 47.1629226, -19.7102103, 1650.2 ], [ 47.1627, -19.7104325, 1652.5 ], [ 47.162472, -19.7105714, 1654.5 ], [ 47.1622118, -19.7106698, 1656.2 ], [ 47.1619436, -19.7107153, 1656.8 ], [ 47.1616593, -19.7107178, 1657.0 ], [ 47.1610987, -19.710632, 1658.0 ], [ 47.1598756, -19.7103012, 1658.5 ], [ 47.1587169, -19.7099679, 1658.2 ], [ 47.1580008, -19.709781, 1658.8 ], [ 47.1577138, -19.7097381, 1658.5 ], [ 47.1574482, -19.7097204, 1657.5 ], [ 47.1572176, -19.7097406, 1656.8 ], [ 47.1569762, -19.7097861, 1656.2 ], [ 47.1566302, -19.7098997, 1656.0 ], [ 47.1559703, -19.7101371, 1654.2 ], [ 47.1554527, -19.710329, 1652.8 ], [ 47.1552059, -19.7104426, 1652.4 ], [ 47.1549752, -19.710589, 1652.0 ], [ 47.154766, -19.7107784, 1651.8 ], [ 47.154581, -19.7110082, 1651.5 ], [ 47.154471, -19.7111951, 1651.0 ], [ 47.1543717, -19.7114349, 1650.2 ], [ 47.1543047, -19.7116849, 1649.8 ], [ 47.1541706, -19.7122556, 1649.0 ], [ 47.1540874, -19.7125636, 1650.0 ], [ 47.1540311, -19.7127429, 1650.5 ], [ 47.1539131, -19.7129525, 1651.0 ], [ 47.1537629, -19.7131267, 1652.8 ], [ 47.1536341, -19.7132277, 1654.5 ], [ 47.1535966, -19.713258, 1655.0 ], [ 47.153433, -19.7133388, 1656.2 ], [ 47.1532103, -19.7134171, 1657.8 ], [ 47.1526444, -19.7135938, 1660.2 ], [ 47.1523681, -19.7136898, 1659.8 ], [ 47.152124, -19.7138312, 1659.0 ], [ 47.151947, -19.714013, 1658.5 ], [ 47.1516761, -19.7144195, 1659.2 ], [ 47.1514723, -19.7147326, 1662.5 ], [ 47.1512738, -19.7149649, 1665.2 ], [ 47.1511102, -19.7150886, 1666.2 ], [ 47.15074, -19.7153361, 1665.5 ], [ 47.1504772, -19.7155078, 1665.0 ], [ 47.1502921, -19.7156643, 1663.0 ], [ 47.1501634, -19.7158057, 1661.8 ], [ 47.1500561, -19.7159749, 1661.0 ], [ 47.149922, -19.7162804, 1660.8 ], [ 47.1497905, -19.7166036, 1661.5 ], [ 47.1496698, -19.7168561, 1662.0 ], [ 47.1495008, -19.7170808, 1661.5 ], [ 47.1492782, -19.7173106, 1661.0 ], [ 47.148723, -19.7178661, 1659.5 ], [ 47.1482912, -19.7182271, 1658.0 ], [ 47.1477145, -19.7186614, 1654.2 ], [ 47.1473363, -19.7189644, 1652.2 ], [ 47.1471217, -19.719174, 1651.2 ], [ 47.147001, -19.7193356, 1650.8 ], [ 47.1468696, -19.7196184, 1651.1 ], [ 47.1464646, -19.7204188, 1652.2 ], [ 47.1463439, -19.720598, 1652.8 ], [ 47.1461481, -19.7208303, 1651.8 ], [ 47.146014, -19.7209869, 1650.5 ], [ 47.1458986, -19.7211384, 1649.5 ], [ 47.1458101, -19.7213025, 1649.7 ], [ 47.1457592, -19.7214843, 1650.0 ], [ 47.1457189, -19.7217671, 1651.2 ], [ 47.1456599, -19.7223882, 1654.0 ], [ 47.1455929, -19.7229512, 1656.5 ], [ 47.1455473, -19.7231204, 1657.0 ], [ 47.1454936, -19.7232921, 1657.5 ], [ 47.1453649, -19.7234739, 1657.0 ], [ 47.1451932, -19.7236582, 1656.0 ], [ 47.1449438, -19.7239031, 1654.8 ], [ 47.1448231, -19.7240622, 1654.5 ], [ 47.1447158, -19.7242313, 1654.1 ], [ 47.1446353, -19.7244106, 1653.8 ], [ 47.1445709, -19.7246277, 1653.4 ], [ 47.1442679, -19.7261098, 1651.2 ], [ 47.1442169, -19.7264153, 1650.5 ], [ 47.1441793, -19.72664, 1650.0 ], [ 47.1441767, -19.7268647, 1649.2 ], [ 47.1441928, -19.7271778, 1648.8 ], [ 47.144233, -19.7275817, 1647.2 ], [ 47.1442062, -19.727862, 1646.5 ], [ 47.1439299, -19.7294324, 1645.0 ], [ 47.1438709, -19.7296647, 1644.8 ], [ 47.1438494, -19.7297127, 1644.7 ], [ 47.1437877, -19.7298717, 1644.5 ], [ 47.1436697, -19.7300914, 1644.2 ], [ 47.1435142, -19.7302984, 1644.0 ], [ 47.1434069, -19.7304196, 1643.8 ], [ 47.143203, -19.7305913, 1643.5 ], [ 47.1424037, -19.7311745, 1642.5 ], [ 47.1422455, -19.731326, 1641.2 ], [ 47.1420497, -19.7315835, 1639.5 ], [ 47.1418592, -19.7320051, 1638.5 ], [ 47.1416903, -19.7323308, 1636.8 ], [ 47.1415588, -19.7325252, 1635.5 ], [ 47.1413282, -19.7327196, 1634.0 ], [ 47.1410787, -19.7328105, 1631.2 ], [ 47.1406308, -19.7329216, 1626.0 ], [ 47.1404725, -19.7329771, 1624.0 ], [ 47.1402982, -19.7330832, 1621.8 ], [ 47.1401238, -19.7332397, 1620.0 ], [ 47.1399844, -19.7334442, 1618.2 ], [ 47.1397296, -19.7339037, 1615.6 ], [ 47.1395901, -19.7341864, 1614.0 ], [ 47.1394452, -19.7344743, 1614.6 ], [ 47.1393728, -19.7346737, 1615.0 ], [ 47.1393675, -19.734911, 1616.0 ], [ 47.1394265, -19.7352367, 1616.5 ], [ 47.1394667, -19.7354841, 1617.5 ], [ 47.1394801, -19.7357038, 1618.2 ], [ 47.1394587, -19.735878, 1619.2 ], [ 47.1392977, -19.7366657, 1623.5 ], [ 47.1391582, -19.737471, 1629.5 ], [ 47.1390188, -19.7384304, 1634.8 ], [ 47.1390134, -19.7384607, 1634.8 ], [ 47.1389329, -19.7391827, 1635.0 ], [ 47.1388042, -19.7396169, 1635.5 ], [ 47.1386594, -19.7399098, 1637.0 ], [ 47.1385279, -19.740137, 1637.5 ], [ 47.1382812, -19.7404198, 1638.0 ], [ 47.1380532, -19.7406268, 1637.0 ], [ 47.1368784, -19.7415634, 1630.2 ], [ 47.1366826, -19.741783, 1629.0 ], [ 47.1365511, -19.7419648, 1628.2 ], [ 47.1364546, -19.7421769, 1627.8 ], [ 47.1364009, -19.7423612, 1628.2 ], [ 47.1363956, -19.742548, 1629.2 ], [ 47.1363983, -19.7427272, 1630.5 ], [ 47.1364224, -19.7429014, 1631.5 ], [ 47.1365485, -19.7432498, 1633.2 ], [ 47.1367121, -19.7436992, 1635.2 ], [ 47.1367657, -19.7438961, 1635.5 ], [ 47.1367899, -19.7440627, 1635.2 ], [ 47.1368086, -19.7442066, 1635.5 ], [ 47.1368006, -19.7443631, 1635.8 ], [ 47.1367764, -19.7445424, 1636.0 ], [ 47.1367416, -19.7447014, 1635.9 ], [ 47.1366826, -19.744868, 1635.8 ], [ 47.1366075, -19.7450321, 1635.2 ], [ 47.136519, -19.7452013, 1634.8 ], [ 47.1359637, -19.7459056, 1628.8 ], [ 47.135835, -19.7460722, 1627.5 ], [ 47.135717, -19.7463146, 1626.5 ], [ 47.135658, -19.7465216, 1625.8 ], [ 47.1356311, -19.7466579, 1625.2 ], [ 47.1356419, -19.7468447, 1625.5 ], [ 47.1356741, -19.7470492, 1625.8 ], [ 47.1357358, -19.7472562, 1626.5 ], [ 47.135902, -19.7476475, 1629.0 ], [ 47.1360201, -19.7479201, 1630.8 ], [ 47.1360871, -19.7481196, 1631.8 ], [ 47.1361408, -19.7483695, 1633.2 ], [ 47.1361515, -19.7486598, 1634.2 ], [ 47.1359181, -19.7507677, 1633.2 ], [ 47.1358672, -19.7511817, 1631.8 ], [ 47.1357197, -19.7518254, 1629.8 ], [ 47.1355346, -19.7523404, 1629.0 ], [ 47.1345153, -19.7553141, 1632.2 ], [ 47.1344966, -19.7553772, 1632.2 ], [ 47.1330616, -19.7598831, 1627.8 ], [ 47.1325064, -19.761067, 1621.0 ], [ 47.1321175, -19.7619984, 1616.0 ], [ 47.1319994, -19.762266, 1616.2 ], [ 47.1318251, -19.7625235, 1617.5 ], [ 47.1316427, -19.7627052, 1619.0 ], [ 47.1313664, -19.7629147, 1621.0 ], [ 47.1310472, -19.7630536, 1622.2 ], [ 47.1307066, -19.763152, 1622.1 ], [ 47.1303633, -19.763205, 1622.0 ], [ 47.1291134, -19.7633514, 1625.2 ], [ 47.128467, -19.7634347, 1629.2 ], [ 47.1278501, -19.7635357, 1631.8 ], [ 47.1274531, -19.7636392, 1633.2 ], [ 47.1270964, -19.7637856, 1633.5 ], [ 47.1269006, -19.7638992, 1633.5 ], [ 47.1268389, -19.763932, 1633.6 ], [ 47.1264473, -19.7642223, 1633.6 ], [ 47.1238911, -19.7664739, 1634.2 ], [ 47.1237302, -19.7666152, 1633.8 ], [ 47.1229389, -19.7673523, 1633.0 ], [ 47.1227512, -19.7675542, 1632.5 ], [ 47.122542, -19.767847, 1630.2 ], [ 47.121174, -19.7700708, 1616.0 ], [ 47.12093, -19.7704292, 1613.0 ], [ 47.120702, -19.7706715, 1609.8 ], [ 47.120482, -19.7708835, 1607.5 ], [ 47.1202192, -19.7710653, 1605.0 ], [ 47.1199134, -19.7712445, 1604.8 ], [ 47.1195808, -19.7713934, 1606.2 ], [ 47.1183684, -19.7718906, 1618.0 ], [ 47.1181244, -19.7720219, 1619.8 ], [ 47.1179312, -19.7721658, 1621.5 ], [ 47.1177757, -19.7723222, 1622.8 ], [ 47.1176147, -19.7725343, 1623.8 ], [ 47.1175289, -19.7726908, 1624.2 ], [ 47.1174404, -19.7728674, 1624.5 ], [ 47.1172714, -19.7732461, 1625.5 ], [ 47.1170917, -19.773607, 1626.0 ], [ 47.1168503, -19.7739149, 1626.8 ], [ 47.1166277, -19.7741396, 1626.5 ], [ 47.1166009, -19.7741648, 1626.4 ], [ 47.116271, -19.7744879, 1626.0 ], [ 47.1138194, -19.7769185, 1622.8 ], [ 47.1133983, -19.7773451, 1621.8 ], [ 47.1132159, -19.7775293, 1621.6 ], [ 47.1105498, -19.7801593, 1618.8 ], [ 47.1091497, -19.781545, 1616.8 ], [ 47.1084255, -19.7822466, 1615.8 ], [ 47.1081224, -19.7825621, 1616.0 ], [ 47.107704, -19.7829432, 1616.2 ], [ 47.1076584, -19.7829912, 1616.2 ], [ 47.1072373, -19.7834152, 1615.8 ], [ 47.1069235, -19.7837105, 1615.2 ], [ 47.1066257, -19.7839326, 1614.8 ], [ 47.1066123, -19.7839402, 1614.7 ], [ 47.1061242, -19.7842304, 1614.0 ], [ 47.1060759, -19.7842607, 1613.9 ], [ 47.1045443, -19.7851188, 1612.2 ], [ 47.1036538, -19.7856034, 1611.3 ], [ 47.1026561, -19.7861536, 1610.2 ], [ 47.1017441, -19.7866508, 1607.2 ], [ 47.1013364, -19.7868956, 1606.5 ], [ 47.1010333, -19.7871328, 1605.8 ], [ 47.1007973, -19.7873474, 1605.0 ], [ 47.1006605, -19.7874685, 1604.5 ], [ 47.1000651, -19.7881802, 1604.2 ], [ 47.0995152, -19.7889651, 1601.8 ], [ 47.099365, -19.7892049, 1601.5 ], [ 47.0992658, -19.7894548, 1601.0 ], [ 47.0990673, -19.7901337, 1600.2 ], [ 47.0989224, -19.7904567, 1599.2 ], [ 47.0987642, -19.7907141, 1598.0 ], [ 47.0985925, -19.7909009, 1597.5 ], [ 47.0981446, -19.7912719, 1595.5 ], [ 47.0977932, -19.7915975, 1593.2 ], [ 47.0976886, -19.7916807, 1592.8 ], [ 47.0968893, -19.792347, 1589.5 ], [ 47.0966533, -19.792607, 1587.2 ], [ 47.0963609, -19.7930991, 1584.5 ], [ 47.0956153, -19.7947219, 1582.2 ], [ 47.0954195, -19.7951913, 1581.5 ], [ 47.0953149, -19.7957011, 1580.5 ], [ 47.0953256, -19.7961856, 1579.0 ], [ 47.0953605, -19.7971421, 1578.8 ], [ 47.0953524, -19.7973667, 1579.5 ], [ 47.095331, -19.7975661, 1580.0 ], [ 47.0952049, -19.7981339, 1580.2 ], [ 47.0951432, -19.7986058, 1580.0 ], [ 47.09517, -19.7992418, 1577.4 ], [ 47.0951754, -19.7993377, 1577.0 ], [ 47.0951861, -19.7997238, 1576.0 ], [ 47.0952478, -19.8013667, 1574.5 ], [ 47.0952183, -19.8016695, 1575.5 ], [ 47.0951593, -19.8018664, 1576.0 ], [ 47.0950842, -19.8020329, 1576.2 ], [ 47.0949823, -19.8022121, 1576.5 ], [ 47.0948374, -19.8024241, 1577.0 ], [ 47.0946255, -19.8026512, 1577.8 ], [ 47.0940757, -19.8031357, 1580.8 ], [ 47.0934346, -19.8036783, 1582.8 ], [ 47.0922169, -19.8047836, 1579.0 ], [ 47.0916322, -19.8053161, 1577.8 ], [ 47.0914713, -19.8055382, 1578.0 ], [ 47.0913103, -19.8058763, 1578.8 ], [ 47.0909616, -19.8065678, 1582.2 ], [ 47.0906693, -19.8070624, 1583.8 ], [ 47.0905325, -19.8072315, 1584.2 ], [ 47.0903152, -19.8074384, 1584.5 ], [ 47.0899585, -19.8076958, 1585.0 ], [ 47.0889527, -19.8082358, 1582.2 ], [ 47.0885825, -19.8085159, 1579.8 ], [ 47.0884672, -19.808632, 1578.8 ], [ 47.0883143, -19.8088112, 1577.5 ], [ 47.0881346, -19.8091317, 1575.0 ], [ 47.087692, -19.810729, 1569.2 ], [ 47.0875552, -19.8110798, 1568.2 ], [ 47.0869169, -19.8120816, 1562.0 ], [ 47.0867881, -19.8123188, 1560.5 ], [ 47.0866621, -19.812768, 1558.8 ], [ 47.0863831, -19.8143148, 1551.2 ], [ 47.0862114, -19.814764, 1548.8 ], [ 47.0859674, -19.8151173, 1547.8 ], [ 47.0856053, -19.8153999, 1547.0 ], [ 47.0852298, -19.8156043, 1545.8 ], [ 47.0847175, -19.8157885, 1544.2 ], [ 47.0843554, -19.8159273, 1543.5 ], [ 47.0838565, -19.8161014, 1542.0 ], [ 47.0835721, -19.8161418, 1541.9 ], [ 47.082738, -19.8161973, 1541.8 ], [ 47.082392, -19.8162755, 1540.8 ], [ 47.0820165, -19.816437, 1538.2 ], [ 47.0812923, -19.8170123, 1532.5 ], [ 47.0812038, -19.8170779, 1531.5 ], [ 47.0811474, -19.8171208, 1531.0 ], [ 47.0808712, -19.817353, 1529.0 ], [ 47.0805573, -19.8175322, 1528.5 ], [ 47.0803106, -19.8176331, 1529.2 ], [ 47.0800611, -19.8176861, 1530.2 ], [ 47.0797366, -19.8176987, 1531.8 ], [ 47.0795032, -19.8176861, 1533.2 ], [ 47.0793933, -19.8176659, 1534.0 ], [ 47.0780414, -19.8172697, 1538.5 ], [ 47.077792, -19.8172243, 1538.8 ], [ 47.0774192, -19.8171839, 1538.9 ], [ 47.0770839, -19.8171789, 1539.1 ], [ 47.0767915, -19.8172041, 1539.3 ], [ 47.0763195, -19.8173202, 1539.5 ], [ 47.0757374, -19.8175473, 1540.0 ], [ 47.0742542, -19.8181731, 1539.0 ], [ 47.0723283, -19.8189705, 1540.0 ], [ 47.0722184, -19.8190184, 1539.8 ], [ 47.0713681, -19.8193818, 1540.5 ], [ 47.0704508, -19.8197729, 1540.2 ], [ 47.0701021, -19.819947, 1539.5 ], [ 47.0699438, -19.8200378, 1539.2 ], [ 47.0697641, -19.820169, 1539.1 ], [ 47.0681602, -19.8214029, 1537.2 ], [ 47.0678088, -19.8216578, 1536.8 ], [ 47.0674574, -19.8219051, 1537.0 ], [ 47.0673314, -19.8219833, 1537.2 ], [ 47.0671356, -19.8220817, 1537.2 ], [ 47.0668647, -19.822218, 1537.1 ], [ 47.0668057, -19.8222457, 1537.1 ], [ 47.0667011, -19.8222836, 1537.1 ], [ 47.0642468, -19.8231945, 1536.5 ], [ 47.0625114, -19.8238657, 1536.0 ], [ 47.0621413, -19.8239969, 1536.5 ], [ 47.0620689, -19.8240246, 1536.4 ], [ 47.0619857, -19.8240574, 1536.3 ], [ 47.0613527, -19.8243047, 1535.5 ], [ 47.060701, -19.8245394, 1533.5 ], [ 47.0605347, -19.8246226, 1533.3 ], [ 47.0604032, -19.8246908, 1533.1 ], [ 47.0583138, -19.8260558, 1530.5 ], [ 47.0570666, -19.8269036, 1528.5 ], [ 47.0570049, -19.826939, 1528.4 ], [ 47.0563424, -19.827378, 1527.5 ], [ 47.0563021, -19.8274083, 1528.0 ], [ 47.0562351, -19.8274487, 1528.0 ], [ 47.0555618, -19.8278902, 1528.2 ], [ 47.0553875, -19.8280012, 1528.2 ], [ 47.0543066, -19.8286573, 1527.2 ], [ 47.0541805, -19.828743, 1527.1 ], [ 47.0537728, -19.8290509, 1526.7 ], [ 47.0535985, -19.8291972, 1526.5 ], [ 47.0533893, -19.8293638, 1526.0 ], [ 47.0532283, -19.8294722, 1525.9 ], [ 47.0530593, -19.829553, 1525.8 ], [ 47.0528769, -19.8296463, 1525.8 ], [ 47.0526892, -19.829722, 1525.0 ], [ 47.0525953, -19.8297574, 1524.8 ], [ 47.0524317, -19.8298078, 1524.2 ], [ 47.0518604, -19.829992, 1522.2 ], [ 47.0516619, -19.8300627, 1520.2 ], [ 47.0514983, -19.8301283, 1518.5 ], [ 47.0513481, -19.8302166, 1516.8 ], [ 47.051222, -19.8302847, 1515.2 ], [ 47.0511389, -19.8303478, 1514.2 ], [ 47.0510343, -19.8304386, 1513.5 ], [ 47.0503315, -19.8312359, 1507.8 ], [ 47.050176, -19.8313848, 1506.8 ], [ 47.050015, -19.8315059, 1506.0 ], [ 47.0496342, -19.8317456, 1504.8 ], [ 47.0495161, -19.8318314, 1504.0 ], [ 47.0488402, -19.8323032, 1497.0 ], [ 47.0479417, -19.8329239, 1488.3 ], [ 47.0477083, -19.8330854, 1486.0 ], [ 47.0473114, -19.8333352, 1489.5 ], [ 47.0470941, -19.8334361, 1492.5 ], [ 47.0469439, -19.8334941, 1494.5 ], [ 47.0467991, -19.833532, 1496.5 ], [ 47.0466623, -19.8335648, 1498.2 ], [ 47.046504, -19.8335875, 1500.0 ], [ 47.0463404, -19.8335951, 1501.8 ], [ 47.0453292, -19.833585, 1510.0 ], [ 47.0448357, -19.8336077, 1511.8 ], [ 47.0445862, -19.8336203, 1512.8 ], [ 47.0444441, -19.8336455, 1513.2 ], [ 47.0442966, -19.8336884, 1513.8 ], [ 47.0441303, -19.8337616, 1514.0 ], [ 47.0439935, -19.8338373, 1514.2 ], [ 47.0437413, -19.8340038, 1514.5 ], [ 47.0436609, -19.8340644, 1514.8 ], [ 47.0435616, -19.8341628, 1515.2 ], [ 47.0431083, -19.8346825, 1519.2 ], [ 47.0427731, -19.8350559, 1521.8 ], [ 47.042639, -19.8351922, 1522.8 ], [ 47.0425558, -19.8352603, 1523.2 ], [ 47.0424378, -19.8353385, 1523.8 ], [ 47.0423359, -19.835389, 1524.0 ], [ 47.0422339, -19.8354344, 1524.5 ], [ 47.0419094, -19.8355505, 1526.2 ], [ 47.0417941, -19.8355858, 1527.0 ], [ 47.0410323, -19.8358557, 1528.8 ], [ 47.0409223, -19.8359062, 1529.2 ], [ 47.0408204, -19.8359693, 1529.5 ], [ 47.0406917, -19.8360727, 1530.0 ], [ 47.0405254, -19.8362342, 1530.8 ], [ 47.0404583, -19.836325, 1531.0 ], [ 47.0403644, -19.8364588, 1531.0 ], [ 47.0402652, -19.8366278, 1531.5 ], [ 47.0402169, -19.8367136, 1532.0 ], [ 47.0397931, -19.8375386, 1532.5 ], [ 47.03971, -19.8376597, 1532.4 ], [ 47.0393237, -19.838288, 1532.0 ], [ 47.0391172, -19.838621, 1531.0 ], [ 47.0390582, -19.8387118, 1531.0 ], [ 47.0389429, -19.8389187, 1530.9 ], [ 47.038621, -19.8395646, 1530.8 ], [ 47.0384976, -19.8398371, 1530.9 ], [ 47.0383233, -19.8402055, 1531.0 ], [ 47.0380846, -19.8407126, 1529.8 ], [ 47.0379451, -19.8410229, 1529.4 ], [ 47.0379263, -19.8410683, 1529.4 ], [ 47.0378888, -19.8411465, 1529.3 ], [ 47.037642, -19.8416511, 1528.8 ], [ 47.0376179, -19.8416991, 1529.0 ], [ 47.0372692, -19.842456, 1528.0 ], [ 47.0370036, -19.8430009, 1527.5 ], [ 47.0369956, -19.8430161, 1527.5 ], [ 47.0369393, -19.8431069, 1527.2 ], [ 47.0368454, -19.8432128, 1527.0 ], [ 47.0367971, -19.8432583, 1527.0 ], [ 47.0367381, -19.8433011, 1527.1 ], [ 47.0366764, -19.843339, 1527.1 ], [ 47.0366013, -19.8433794, 1527.2 ], [ 47.0361668, -19.8435635, 1527.5 ], [ 47.0357242, -19.8437427, 1527.8 ], [ 47.0355901, -19.8438007, 1527.5 ], [ 47.035448, -19.8438612, 1527.0 ], [ 47.0353541, -19.8438814, 1526.8 ], [ 47.0352039, -19.8439268, 1527.0 ], [ 47.0351717, -19.8439193, 1527.0 ], [ 47.0351395, -19.8439218, 1527.0 ], [ 47.0351127, -19.8439369, 1527.0 ], [ 47.0350885, -19.8439571, 1527.0 ], [ 47.0350778, -19.8439849, 1527.0 ], [ 47.0350751, -19.8440126, 1527.0 ], [ 47.0350564, -19.8440479, 1527.0 ], [ 47.0350108, -19.8441287, 1526.9 ], [ 47.034941, -19.8442548, 1526.9 ], [ 47.034874, -19.8443835, 1526.8 ], [ 47.0348391, -19.8444617, 1526.8 ], [ 47.0347962, -19.8445727, 1526.8 ], [ 47.0346889, -19.8448553, 1526.0 ], [ 47.0346728, -19.8448956, 1526.0 ], [ 47.0345199, -19.8452993, 1525.6 ], [ 47.0338467, -19.8469796, 1524.0 ], [ 47.0337984, -19.8471057, 1523.8 ], [ 47.0333317, -19.8483318, 1521.5 ], [ 47.0332754, -19.8484807, 1520.8 ], [ 47.0330259, -19.8491089, 1519.0 ], [ 47.0327899, -19.8497472, 1518.8 ], [ 47.0327497, -19.8498809, 1518.8 ], [ 47.0327228, -19.8499717, 1518.8 ], [ 47.0326719, -19.8504157, 1519.0 ], [ 47.0326477, -19.8506529, 1518.6 ], [ 47.032645, -19.8509026, 1518.2 ], [ 47.0326424, -19.851001, 1518.1 ], [ 47.0326504, -19.8510565, 1518.0 ], [ 47.0326665, -19.8510994, 1518.0 ], [ 47.0325914, -19.8520959, 1517.2 ], [ 47.0325753, -19.8523331, 1517.2 ], [ 47.0326021, -19.8526711, 1517.1 ], [ 47.0326155, -19.8528502, 1517.0 ], [ 47.0326531, -19.8531202, 1516.8 ], [ 47.0327255, -19.8536777, 1516.5 ], [ 47.0329267, -19.8550778, 1515.0 ], [ 47.033034, -19.8552292, 1514.9 ], [ 47.0330983, -19.85532, 1514.9 ], [ 47.0333746, -19.8557893, 1514.8 ], [ 47.0337582, -19.8565839, 1514.5 ], [ 47.0340371, -19.8571541, 1513.5 ], [ 47.0343295, -19.8577646, 1513.0 ], [ 47.0344448, -19.8579941, 1512.8 ], [ 47.0344582, -19.8580219, 1512.8 ], [ 47.0344716, -19.8580496, 1512.8 ], [ 47.0345896, -19.8582414, 1513.0 ], [ 47.0348713, -19.8588695, 1512.7 ], [ 47.0351771, -19.8595052, 1512.5 ], [ 47.0354989, -19.8601384, 1512.2 ], [ 47.0357484, -19.8606455, 1512.0 ], [ 47.0357752, -19.8606985, 1511.9 ], [ 47.0358369, -19.8608246, 1511.7 ], [ 47.0358905, -19.8609306, 1511.6 ], [ 47.0360944, -19.8613241, 1511.0 ], [ 47.0367327, -19.8610214, 1511.0 ], [ 47.0369205, -19.8609432, 1511.0 ], [ 47.0371941, -19.8608095, 1510.0 ], [ 47.0374113, -19.8607338, 1509.2 ], [ 47.0375723, -19.8607111, 1508.8 ], [ 47.0377225, -19.8607313, 1508.0 ], [ 47.0378807, -19.8607943, 1506.8 ], [ 47.0379665, -19.8609053, 1506.2 ], [ 47.0380148, -19.8611147, 1506.0 ], [ 47.0381516, -19.8621112, 1505.8 ], [ 47.0383394, -19.8634482, 1507.2 ], [ 47.0383769, -19.8636399, 1507.2 ], [ 47.0384762, -19.863872, 1507.1 ], [ 47.03857, -19.8640637, 1507.0 ], [ 47.0388624, -19.8647044, 1506.0 ], [ 47.0395947, -19.8662306, 1506.0 ], [ 47.0396188, -19.8663239, 1506.0 ], [ 47.0395491, -19.8663845, 1506.0 ], [ 47.0394927, -19.8664072, 1506.0 ], [ 47.0394579, -19.8664551, 1506.0 ], [ 47.0394498, -19.866498, 1506.0 ], [ 47.0394632, -19.8665409, 1506.0 ], [ 47.0394927, -19.8665737, 1506.0 ], [ 47.0398307, -19.8671362, 1506.0 ], [ 47.0400426, -19.8675297, 1505.5 ], [ 47.0403081, -19.8679308, 1505.7 ], [ 47.0406729, -19.8684883, 1506.0 ], [ 47.0411825, -19.869235, 1505.0 ], [ 47.0412228, -19.8692955, 1504.8 ], [ 47.0415071, -19.8697143, 1504.2 ], [ 47.0415232, -19.8697395, 1504.2 ], [ 47.0416009, -19.8698681, 1503.8 ], [ 47.0421132, -19.8706249, 1501.0 ], [ 47.0421937, -19.8707409, 1501.0 ], [ 47.0425934, -19.8713488, 1500.8 ], [ 47.0428884, -19.8717903, 1500.8 ], [ 47.0430198, -19.871982, 1500.2 ], [ 47.0431271, -19.872146, 1500.0 ], [ 47.0431915, -19.8722443, 1499.8 ], [ 47.0432854, -19.872431, 1499.5 ], [ 47.0433229, -19.8727539, 1499.0 ], [ 47.0433229, -19.8730818, 1498.5 ], [ 47.0432693, -19.8735207, 1498.0 ], [ 47.0431218, -19.8743052, 1497.0 ], [ 47.0430842, -19.8745171, 1496.5 ], [ 47.0429957, -19.8749812, 1496.8 ], [ 47.042942, -19.87541, 1497.0 ], [ 47.0429367, -19.8754403, 1497.0 ], [ 47.042875, -19.8757909, 1496.8 ], [ 47.0428482, -19.8759448, 1496.6 ], [ 47.0428455, -19.87597, 1496.5 ], [ 47.0428348, -19.8760356, 1496.5 ], [ 47.0424914, -19.8781317, 1494.0 ], [ 47.0424271, -19.8785454, 1493.0 ], [ 47.0421857, -19.8800563, 1492.2 ], [ 47.0420945, -19.8804775, 1491.9 ], [ 47.0420703, -19.8806011, 1491.8 ], [ 47.0420355, -19.8807676, 1491.7 ], [ 47.0419255, -19.8811989, 1491.5 ], [ 47.0418075, -19.8816378, 1491.2 ], [ 47.0414507, -19.8828006, 1490.8 ], [ 47.0414212, -19.8828889, 1490.5 ], [ 47.0412979, -19.8832798, 1490.0 ], [ 47.041094, -19.8838675, 1489.2 ], [ 47.0408097, -19.8847579, 1489.0 ], [ 47.0405871, -19.8854515, 1489.0 ], [ 47.0405254, -19.8856256, 1489.2 ], [ 47.0404878, -19.8857895, 1489.5 ], [ 47.0403832, -19.8864201, 1488.8 ], [ 47.040292, -19.8871036, 1487.0 ], [ 47.0403135, -19.8872398, 1486.5 ], [ 47.0404235, -19.8875501, 1486.8 ], [ 47.0406273, -19.8881176, 1485.8 ], [ 47.0406917, -19.8883269, 1485.6 ], [ 47.0407695, -19.8885817, 1485.3 ], [ 47.0407856, -19.8886296, 1485.3 ], [ 47.0407963, -19.8886775, 1485.3 ], [ 47.0408633, -19.888965, 1485.0 ], [ 47.0409411, -19.8894468, 1484.4 ], [ 47.0410806, -19.8902262, 1483.5 ], [ 47.0411074, -19.8903775, 1483.0 ], [ 47.0412442, -19.8911064, 1480.2 ], [ 47.0413756, -19.8918, 1479.0 ], [ 47.0413837, -19.8918504, 1479.0 ], [ 47.0413917, -19.8918958, 1478.9 ], [ 47.0414641, -19.8923246, 1478.7 ], [ 47.0415071, -19.8925567, 1478.5 ], [ 47.0415258, -19.8926701, 1478.5 ], [ 47.0416546, -19.8933965, 1478.0 ], [ 47.04166, -19.8934243, 1478.0 ], [ 47.0416653, -19.8934621, 1478.0 ], [ 47.0418262, -19.8943373, 1477.8 ], [ 47.0418423, -19.894418, 1477.8 ], [ 47.0418772, -19.894645, 1477.8 ], [ 47.0419255, -19.8948115, 1477.8 ], [ 47.0420006, -19.8954697, 1476.8 ], [ 47.0420381, -19.8956639, 1476.0 ], [ 47.0420837, -19.8959161, 1476.2 ], [ 47.0420972, -19.8960095, 1476.3 ], [ 47.0421159, -19.8961305, 1476.4 ], [ 47.0421374, -19.8962768, 1476.5 ], [ 47.0422688, -19.8970763, 1476.0 ], [ 47.0423573, -19.8975505, 1474.2 ], [ 47.0423681, -19.897611, 1474.0 ], [ 47.0425478, -19.8986728, 1472.5 ], [ 47.042698, -19.8995404, 1470.8 ], [ 47.0429286, -19.9009023, 1471.0 ], [ 47.0429313, -19.900925, 1471.0 ], [ 47.0432961, -19.9028846, 1470.0 ], [ 47.0433041, -19.9029199, 1470.0 ], [ 47.0434839, -19.9038682, 1469.5 ], [ 47.0435992, -19.9043978, 1469.2 ], [ 47.043846, -19.9056008, 1468.8 ], [ 47.0438969, -19.9058656, 1468.7 ], [ 47.0439023, -19.9059084, 1468.6 ], [ 47.0439184, -19.9059917, 1468.6 ], [ 47.044082, -19.9068945, 1468.2 ], [ 47.044149, -19.9072577, 1467.2 ], [ 47.0441839, -19.9074569, 1467.1 ], [ 47.0442107, -19.9075931, 1467.0 ], [ 47.0443046, -19.9079916, 1466.5 ], [ 47.0443368, -19.9081631, 1466.4 ], [ 47.0444977, -19.9089348, 1466.0 ], [ 47.0445406, -19.909245, 1465.8 ], [ 47.0446292, -19.9097342, 1466.0 ], [ 47.0446855, -19.9102033, 1465.2 ], [ 47.0448491, -19.9116029, 1464.0 ], [ 47.0448545, -19.9116735, 1464.0 ], [ 47.0449752, -19.9131261, 1462.5 ], [ 47.0450476, -19.9138398, 1461.5 ], [ 47.0450583, -19.9139508, 1461.4 ], [ 47.0450878, -19.9143769, 1461.0 ], [ 47.0451683, -19.9152949, 1459.2 ], [ 47.045179, -19.9154336, 1459.1 ], [ 47.0451844, -19.9155092, 1459.0 ], [ 47.0451871, -19.915537, 1459.0 ], [ 47.0454714, -19.919423, 1457.8 ], [ 47.0455384, -19.9211454, 1457.2 ], [ 47.0455652, -19.9220305, 1456.9 ], [ 47.045584, -19.9233947, 1456.2 ], [ 47.0455331, -19.9238032, 1455.8 ], [ 47.045415, -19.9244009, 1455.2 ], [ 47.0453641, -19.9246606, 1454.8 ], [ 47.0453265, -19.9248144, 1454.5 ], [ 47.0451763, -19.9254272, 1454.2 ], [ 47.0450798, -19.9259189, 1454.0 ], [ 47.0450664, -19.9262341, 1453.2 ], [ 47.0450771, -19.9265947, 1452.8 ], [ 47.045238, -19.9285162, 1451.8 ], [ 47.0453641, -19.929898, 1449.2 ], [ 47.0453721, -19.9299711, 1449.1 ], [ 47.0453748, -19.9300291, 1449.0 ], [ 47.0454821, -19.9313529, 1448.6 ], [ 47.0455438, -19.9321094, 1448.4 ], [ 47.0455626, -19.9323288, 1448.3 ], [ 47.0455894, -19.9326591, 1448.2 ], [ 47.0456564, -19.933524, 1448.0 ], [ 47.0456672, -19.9336677, 1448.1 ], [ 47.0456725, -19.9338013, 1448.1 ], [ 47.0457047, -19.934351, 1448.3 ], [ 47.0457342, -19.9349234, 1448.5 ], [ 47.045694, -19.9359547, 1447.5 ], [ 47.0456296, -19.9371852, 1446.0 ], [ 47.0454928, -19.93893, 1444.7 ], [ 47.0454901, -19.9389527, 1444.7 ], [ 47.0454472, -19.9392452, 1444.5 ], [ 47.0453775, -19.9394595, 1444.2 ], [ 47.0452595, -19.9397066, 1443.5 ], [ 47.0451066, -19.9399638, 1443.4 ], [ 47.0449296, -19.9401756, 1443.3 ], [ 47.044782, -19.9403319, 1443.2 ], [ 47.0445192, -19.9405387, 1443.0 ], [ 47.0442376, -19.940695, 1443.1 ], [ 47.0438728, -19.9408942, 1443.2 ], [ 47.043516, -19.9410833, 1443.6 ], [ 47.0432425, -19.9412144, 1443.9 ], [ 47.0429689, -19.9413657, 1444.2 ], [ 47.0426953, -19.9415296, 1443.2 ], [ 47.0424727, -19.9416935, 1442.2 ], [ 47.0423171, -19.9418624, 1442.2 ], [ 47.0421723, -19.9420263, 1442.1 ], [ 47.042065, -19.9421927, 1442.1 ], [ 47.0419899, -19.9424095, 1442.0 ], [ 47.0419577, -19.9425558, 1442.8 ], [ 47.0419148, -19.9427751, 1442.5 ], [ 47.0419148, -19.9429819, 1442.4 ], [ 47.0419309, -19.9432416, 1442.3 ], [ 47.0419738, -19.9435366, 1442.2 ], [ 47.0420408, -19.9438316, 1442.0 ], [ 47.0420998, -19.9441367, 1441.6 ], [ 47.0421615, -19.9444569, 1441.2 ], [ 47.0421803, -19.9447292, 1441.0 ], [ 47.0421723, -19.9450166, 1440.2 ], [ 47.0421267, -19.9453091, 1440.0 ], [ 47.0420516, -19.945594, 1440.2 ], [ 47.0419362, -19.9459243, 1440.5 ], [ 47.0416814, -19.9466151, 1440.0 ], [ 47.0416036, -19.9468925, 1439.5 ], [ 47.0415661, -19.9471698, 1438.8 ], [ 47.0415285, -19.9474875, 1437.8 ], [ 47.0414963, -19.9478027, 1436.5 ], [ 47.041432, -19.9480548, 1434.8 ], [ 47.0413139, -19.9483195, 1433.5 ], [ 47.0405549, -19.9495751, 1434.2 ], [ 47.0404449, -19.9497743, 1435.0 ], [ 47.0403564, -19.9499659, 1435.8 ], [ 47.0402706, -19.9501701, 1437.0 ], [ 47.0402062, -19.9503718, 1437.8 ], [ 47.0401767, -19.9505887, 1438.0 ], [ 47.0401579, -19.9508181, 1438.2 ], [ 47.0401713, -19.9510551, 1438.0 ], [ 47.0402303, -19.9513173, 1437.5 ], [ 47.0404476, -19.9518997, 1436.8 ], [ 47.0405254, -19.952114, 1436.5 ], [ 47.0410269, -19.953299, 1441.0 ], [ 47.0413461, -19.9540982, 1445.8 ], [ 47.0415419, -19.9546453, 1448.5 ], [ 47.0417324, -19.955147, 1450.2 ], [ 47.0421186, -19.957053, 1452.2 ], [ 47.0430574, -19.9609254, 1451.2 ], [ 47.0432049, -19.9613792, 1450.8 ], [ 47.0433766, -19.962075, 1450.2 ], [ 47.043685, -19.9633154, 1449.2 ], [ 47.0440444, -19.9648003, 1448.0 ], [ 47.044369, -19.9660734, 1449.5 ], [ 47.044428, -19.966391, 1450.0 ], [ 47.0445782, -19.966986, 1450.8 ], [ 47.0453614, -19.9701321, 1448.5 ], [ 47.0454311, -19.9704044, 1448.0 ], [ 47.0454848, -19.970659, 1446.8 ], [ 47.0454901, -19.970901, 1446.5 ], [ 47.0454606, -19.97108, 1446.2 ], [ 47.0453855, -19.9713573, 1445.5 ], [ 47.0447767, -19.9729253, 1449.0 ], [ 47.0447016, -19.9732026, 1450.0 ], [ 47.0446587, -19.9733967, 1450.2 ], [ 47.0446292, -19.9736513, 1451.2 ], [ 47.0446345, -19.9739235, 1451.3 ], [ 47.0446452, -19.9743723, 1451.5 ], [ 47.0447043, -19.9753453, 1452.5 ], [ 47.0447311, -19.9756201, 1453.0 ], [ 47.0447525, -19.9757789, 1453.2 ], [ 47.0448169, -19.9759755, 1453.8 ], [ 47.0449162, -19.976152, 1454.0 ], [ 47.0450288, -19.9763259, 1455.0 ], [ 47.0454311, -19.9768326, 1459.0 ], [ 47.0455626, -19.9770595, 1460.8 ], [ 47.0456538, -19.9772586, 1462.2 ], [ 47.0457235, -19.9774628, 1462.8 ], [ 47.0460051, -19.9782342, 1463.0 ], [ 47.0461768, -19.9786753, 1463.2 ], [ 47.0462573, -19.9788669, 1463.2 ], [ 47.0463431, -19.9790484, 1463.5 ], [ 47.0464799, -19.9792954, 1464.2 ], [ 47.0466328, -19.9795097, 1465.2 ], [ 47.0469359, -19.979845, 1467.2 ], [ 47.0472685, -19.9801626, 1469.5 ], [ 47.0496583, -19.9822724, 1473.7 ], [ 47.0504335, -19.982948, 1475.0 ], [ 47.050589, -19.9830866, 1474.2 ], [ 47.0507285, -19.9832278, 1474.0 ], [ 47.0507982, -19.9833513, 1473.8 ], [ 47.0509002, -19.9835101, 1473.5 ], [ 47.0510665, -19.9838151, 1474.5 ], [ 47.0512006, -19.9841176, 1477.5 ], [ 47.0512596, -19.9842436, 1478.8 ], [ 47.0513213, -19.9843722, 1480.0 ], [ 47.0516431, -19.9848411, 1484.0 ], [ 47.0527428, -19.9863207, 1488.0 ], [ 47.0540625, -19.9880247, 1472.5 ], [ 47.0549047, -19.9891085, 1468.0 ], [ 47.0559347, -19.9905428, 1470.8 ], [ 47.0560312, -19.9906789, 1471.2 ], [ 47.0561707, -19.9909133, 1472.5 ], [ 47.0562673, -19.9911376, 1474.5 ], [ 47.0563558, -19.9914073, 1476.8 ], [ 47.0563906, -19.9916594, 1478.2 ], [ 47.0564041, -19.9921988, 1478.5 ], [ 47.0564041, -19.9934818, 1474.0 ], [ 47.0564228, -19.9948706, 1471.0 ], [ 47.0564443, -19.9957578, 1464.2 ], [ 47.0564148, -19.9965165, 1458.0 ], [ 47.0564148, -19.9974566, 1454.0 ], [ 47.0564148, -19.9977364, 1453.0 ], [ 47.0564443, -19.9988051, 1449.5 ], [ 47.0564228, -19.999221, 1448.8 ], [ 47.0564041, -19.9995007, 1449.2 ], [ 47.0562994, -20.0001409, 1454.2 ], [ 47.0561975, -20.0007559, 1459.2 ], [ 47.0560929, -20.0010206, 1460.2 ], [ 47.0559508, -20.0012953, 1461.0 ], [ 47.0548591, -20.0029562, 1463.0 ], [ 47.0541912, -20.0039468, 1464.0 ], [ 47.0539874, -20.004282, 1463.8 ], [ 47.0535153, -20.0050028, 1463.5 ], [ 47.0534214, -20.005275, 1462.8 ], [ 47.0533705, -20.0055976, 1461.5 ], [ 47.0533302, -20.0059757, 1460.5 ], [ 47.0533249, -20.0063285, 1460.1 ], [ 47.0533034, -20.0066108, 1459.8 ], [ 47.0532551, -20.0068931, 1459.2 ], [ 47.0532149, -20.0069863, 1458.8 ], [ 47.053121, -20.0071905, 1457.5 ], [ 47.0526463, -20.007934, 1452.5 ], [ 47.0524961, -20.008181, 1451.8 ], [ 47.052362, -20.0084305, 1451.5 ], [ 47.0523164, -20.0086724, 1451.2 ], [ 47.0522976, -20.0089673, 1450.2 ], [ 47.0523217, -20.0093403, 1448.8 ], [ 47.0524639, -20.010293, 1441.0 ], [ 47.0525739, -20.011044, 1435.2 ], [ 47.0526141, -20.0114246, 1433.2 ], [ 47.0526329, -20.0117346, 1432.0 ], [ 47.0526168, -20.012032, 1429.8 ], [ 47.0525631, -20.0122311, 1428.5 ], [ 47.0525444, -20.0123067, 1428.0 ], [ 47.0524237, -20.0126091, 1425.2 ], [ 47.0522171, -20.012846, 1423.5 ], [ 47.0520374, -20.0130048, 1422.0 ], [ 47.0519891, -20.0130451, 1421.5 ], [ 47.05167, -20.0132291, 1418.5 ], [ 47.0509002, -20.0135416, 1411.8 ], [ 47.0495752, -20.0140608, 1405.1 ], [ 47.0494437, -20.0141137, 1404.5 ], [ 47.0491031, -20.0142523, 1402.8 ], [ 47.0488214, -20.014401, 1401.2 ], [ 47.0486498, -20.0145472, 1399.5 ], [ 47.0484781, -20.0147387, 1397.5 ], [ 47.0483735, -20.014963, 1396.0 ], [ 47.0483628, -20.0150084, 1395.8 ], [ 47.0482984, -20.015215, 1394.2 ], [ 47.0482609, -20.0155578, 1391.8 ], [ 47.0482367, -20.0158778, 1390.2 ], [ 47.0481455, -20.0162508, 1388.2 ], [ 47.0480973, -20.0163819, 1387.5 ], [ 47.0480248, -20.0165608, 1386.2 ], [ 47.0480141, -20.0167675, 1385.2 ], [ 47.0480356, -20.0169665, 1384.2 ], [ 47.0481348, -20.0171631, 1382.8 ], [ 47.0483145, -20.0172488, 1381.2 ], [ 47.048521, -20.0173244, 1379.2 ], [ 47.0486444, -20.017337, 1378.2 ], [ 47.0487919, -20.017332, 1377.2 ], [ 47.0489824, -20.0172513, 1377.0 ], [ 47.0491862, -20.0172186, 1375.8 ], [ 47.0494652, -20.017143, 1374.5 ], [ 47.0496958, -20.0170598, 1373.0 ], [ 47.0499024, -20.0169615, 1371.5 ], [ 47.0501009, -20.016833, 1369.8 ], [ 47.0502698, -20.0166742, 1368.5 ], [ 47.0503771, -20.0166087, 1368.2 ], [ 47.0505247, -20.0164852, 1367.8 ], [ 47.0507661, -20.0164121, 1367.2 ], [ 47.0510235, -20.0164045, 1367.0 ], [ 47.0511979, -20.0164676, 1366.5 ], [ 47.0513454, -20.0165532, 1366.0 ], [ 47.0514768, -20.0166641, 1364.8 ], [ 47.0515305, -20.0167448, 1363.8 ], [ 47.0515734, -20.0168053, 1363.0 ], [ 47.0516217, -20.016964, 1361.2 ], [ 47.0516485, -20.0171455, 1359.5 ], [ 47.0516485, -20.0172236, 1358.8 ], [ 47.0516512, -20.0173269, 1358.0 ], [ 47.0515385, -20.0184711, 1355.5 ], [ 47.0513964, -20.0199202, 1353.5 ], [ 47.0514178, -20.0201974, 1353.0 ], [ 47.0514768, -20.0204494, 1352.5 ], [ 47.0516887, -20.0208728, 1353.0 ], [ 47.0519704, -20.021281, 1354.3 ], [ 47.0523325, -20.0217825, 1356.0 ], [ 47.0524853, -20.0218783, 1358.0 ], [ 47.0526275, -20.022221, 1359.5 ], [ 47.0527321, -20.0224075, 1359.9 ], [ 47.0527616, -20.0224579, 1360.0 ], [ 47.0528555, -20.0227049, 1359.8 ], [ 47.0529225, -20.0230703, 1359.5 ], [ 47.0529601, -20.0234382, 1359.8 ], [ 47.0532042, -20.0266967, 1366.8 ], [ 47.0540249, -20.037608, 1364.8 ], [ 47.054033, -20.0377063, 1364.8 ], [ 47.0540303, -20.0377214, 1364.8 ], [ 47.0540464, -20.0379305, 1364.8 ], [ 47.0541912, -20.0398532, 1360.2 ], [ 47.0545319, -20.0444014, 1358.8 ], [ 47.0546284, -20.0456713, 1359.0 ], [ 47.054784, -20.0479592, 1362.0 ], [ 47.0548028, -20.0483497, 1362.5 ], [ 47.0548403, -20.049151, 1362.0 ], [ 47.0549315, -20.0500127, 1362.5 ], [ 47.0549878, -20.0510684, 1367.0 ], [ 47.0550147, -20.0515144, 1368.8 ], [ 47.0552078, -20.0535578, 1372.2 ], [ 47.0552132, -20.0536334, 1372.5 ], [ 47.055307, -20.0548479, 1369.8 ], [ 47.0553312, -20.055576, 1368.8 ], [ 47.0553473, -20.0557322, 1369.0 ], [ 47.0553178, -20.0560497, 1369.6 ], [ 47.0552802, -20.0562865, 1370.0 ], [ 47.0552373, -20.0565133, 1370.2 ], [ 47.0551112, -20.0568786, 1370.5 ], [ 47.0550334, -20.0572515, 1369.8 ], [ 47.0547304, -20.058156, 1367.5 ], [ 47.0546848, -20.0584659, 1367.4 ], [ 47.0546874, -20.0586801, 1367.2 ], [ 47.0547116, -20.0589925, 1367.5 ], [ 47.0548806, -20.0599323, 1366.8 ], [ 47.0550227, -20.0608695, 1366.2 ], [ 47.0552078, -20.0616203, 1365.0 ], [ 47.0552641, -20.0619831, 1364.9 ], [ 47.0554519, -20.0624165, 1364.8 ], [ 47.0556477, -20.062681, 1364.8 ], [ 47.0563075, -20.0636107, 1364.0 ], [ 47.0564443, -20.0638047, 1363.9 ], [ 47.0565543, -20.0639558, 1363.8 ], [ 47.0565891, -20.0640062, 1363.8 ], [ 47.0566911, -20.0641574, 1363.7 ], [ 47.0568949, -20.0644345, 1363.5 ], [ 47.0575762, -20.0653919, 1362.5 ], [ 47.0576674, -20.0655179, 1362.6 ], [ 47.0578498, -20.0657774, 1362.8 ], [ 47.0590863, -20.0675208, 1365.5 ], [ 47.0593277, -20.0678609, 1366.0 ], [ 47.0595771, -20.0682136, 1365.8 ], [ 47.0598051, -20.0685361, 1365.2 ], [ 47.06054, -20.0695715, 1366.0 ], [ 47.0610711, -20.0703878, 1366.5 ], [ 47.0615298, -20.0710328, 1367.2 ], [ 47.0617899, -20.0714585, 1367.7 ], [ 47.0618382, -20.0715668, 1367.8 ], [ 47.0619562, -20.071907, 1366.5 ], [ 47.0619777, -20.0722067, 1365.2 ], [ 47.0619804, -20.0725317, 1364.5 ], [ 47.0619267, -20.073154, 1364.2 ], [ 47.0618704, -20.0735798, 1364.1 ], [ 47.0618623, -20.0736226, 1364.0 ], [ 47.0618463, -20.0739325, 1363.9 ], [ 47.0618919, -20.0743028, 1363.8 ], [ 47.0619401, -20.0746076, 1364.0 ], [ 47.0626214, -20.0778196, 1358.0 ], [ 47.0629621, -20.0794017, 1357.0 ], [ 47.063241, -20.0806915, 1359.6 ], [ 47.0632571, -20.0807772, 1359.8 ], [ 47.0639035, -20.0835558, 1360.0 ], [ 47.0643112, -20.0854249, 1355.4 ], [ 47.0643193, -20.0854678, 1355.3 ], [ 47.0645446, -20.086158, 1353.5 ], [ 47.0648316, -20.0866341, 1353.2 ], [ 47.0651802, -20.087017, 1353.0 ], [ 47.065604, -20.0874175, 1354.8 ], [ 47.0663711, -20.0879188, 1356.2 ], [ 47.0675245, -20.0886292, 1355.0 ], [ 47.0678169, -20.0888483, 1355.5 ], [ 47.0681065, -20.0891506, 1356.8 ], [ 47.0687905, -20.0900045, 1356.0 ], [ 47.0690051, -20.0902766, 1356.2 ], [ 47.0692036, -20.090458, 1356.5 ], [ 47.0694718, -20.0906217, 1357.8 ], [ 47.0698366, -20.0908736, 1359.2 ], [ 47.0700029, -20.09106, 1359.0 ], [ 47.0701504, -20.0912968, 1358.0 ], [ 47.0702738, -20.0916772, 1357.5 ], [ 47.0703489, -20.0920676, 1357.0 ], [ 47.0704213, -20.0924102, 1357.8 ], [ 47.0704964, -20.0926369, 1358.5 ], [ 47.0706385, -20.0929795, 1359.8 ], [ 47.0715237, -20.0948586, 1362.2 ], [ 47.0716551, -20.0950576, 1361.8 ], [ 47.0718777, -20.0953851, 1362.0 ], [ 47.0731813, -20.0971382, 1358.8 ], [ 47.0735246, -20.0975815, 1359.5 ], [ 47.0740825, -20.0983045, 1360.8 ], [ 47.0743373, -20.098715, 1360.5 ], [ 47.075386, -20.1009039, 1361.0 ], [ 47.0759037, -20.1017855, 1358.0 ], [ 47.0760593, -20.1022691, 1355.5 ], [ 47.0763704, -20.1036469, 1357.8 ], [ 47.0764294, -20.1039668, 1358.0 ], [ 47.0764402, -20.1042766, 1357.2 ], [ 47.0764294, -20.1046267, 1355.8 ], [ 47.0763651, -20.1052841, 1352.8 ], [ 47.0763034, -20.1057375, 1352.0 ], [ 47.0762926, -20.1059591, 1351.8 ], [ 47.0763141, -20.1061959, 1351.5 ], [ 47.0763704, -20.106415, 1351.2 ], [ 47.0764509, -20.1066291, 1351.1 ], [ 47.0765635, -20.1068482, 1351.0 ], [ 47.0768344, -20.107221, 1351.5 ], [ 47.0770597, -20.1075208, 1353.5 ], [ 47.0772368, -20.1077701, 1355.2 ], [ 47.0773387, -20.1079389, 1356.0 ], [ 47.0774058, -20.1081026, 1356.5 ], [ 47.0774594, -20.1083141, 1357.0 ], [ 47.0775238, -20.1086844, 1358.2 ], [ 47.077733, -20.1099941, 1362.6 ], [ 47.0777571, -20.1102082, 1363.2 ], [ 47.0777705, -20.1104072, 1362.8 ], [ 47.077741, -20.1106288, 1361.5 ], [ 47.0776927, -20.110853, 1360.0 ], [ 47.0774943, -20.1115935, 1355.8 ], [ 47.0773897, -20.1119864, 1355.0 ], [ 47.0773199, -20.1122584, 1354.0 ], [ 47.0772716, -20.1125556, 1353.8 ], [ 47.0772851, -20.1128251, 1353.9 ], [ 47.0773092, -20.1130593, 1354.0 ], [ 47.0773628, -20.1133036, 1353.8 ], [ 47.0774379, -20.1135354, 1353.5 ], [ 47.0775747, -20.1138099, 1352.8 ], [ 47.0777357, -20.114102, 1352.5 ], [ 47.0780441, -20.1146007, 1353.2 ], [ 47.0781836, -20.1148249, 1353.8 ], [ 47.0782828, -20.1150667, 1354.2 ], [ 47.078366, -20.1152757, 1355.0 ], [ 47.078433, -20.1154974, 1355.8 ], [ 47.0784545, -20.1156661, 1355.5 ], [ 47.0784625, -20.1158248, 1355.2 ], [ 47.0784438, -20.1167592, 1355.1 ], [ 47.0784357, -20.1170362, 1355.0 ], [ 47.0784357, -20.1172679, 1355.0 ], [ 47.0784625, -20.1175953, 1356.2 ], [ 47.0787683, -20.1196958, 1350.4 ], [ 47.07883, -20.1201794, 1349.0 ], [ 47.0788783, -20.1206831, 1350.2 ], [ 47.0788622, -20.1208896, 1351.8 ], [ 47.07883, -20.1210785, 1353.2 ], [ 47.0787871, -20.1212548, 1354.8 ], [ 47.0784491, -20.1223654, 1353.8 ], [ 47.0783687, -20.1226047, 1353.5 ], [ 47.0782962, -20.1228817, 1353.2 ], [ 47.0782533, -20.1231285, 1352.8 ], [ 47.0782211, -20.1233048, 1352.6 ], [ 47.0782077, -20.1234811, 1352.5 ], [ 47.0781943, -20.123806, 1352.2 ], [ 47.0781997, -20.1247076, 1354.7 ], [ 47.0781729, -20.1250249, 1355.5 ], [ 47.0780897, -20.1257074, 1354.4 ], [ 47.078079, -20.1258283, 1354.2 ], [ 47.0780709, -20.1259114, 1354.5 ], [ 47.0780763, -20.1261481, 1355.0 ], [ 47.0781004, -20.1263446, 1355.5 ], [ 47.0781487, -20.1266468, 1356.8 ], [ 47.0785779, -20.1285885, 1358.2 ], [ 47.0791814, -20.1309507, 1359.2 ], [ 47.0794496, -20.132084, 1359.8 ], [ 47.0794979, -20.1324189, 1360.0 ], [ 47.0795059, -20.1327664, 1359.5 ], [ 47.0794818, -20.133527, 1357.2 ], [ 47.0795059, -20.1338317, 1355.5 ], [ 47.0795864, -20.1341188, 1355.0 ], [ 47.0796803, -20.134358, 1354.8 ], [ 47.0798224, -20.1345897, 1354.2 ], [ 47.0806298, -20.1357582, 1357.5 ], [ 47.0807827, -20.1359848, 1356.5 ], [ 47.0809436, -20.1362643, 1354.8 ], [ 47.0810777, -20.1365514, 1353.2 ], [ 47.0811635, -20.1367831, 1351.5 ], [ 47.0812225, -20.1370878, 1350.7 ], [ 47.0812494, -20.1372842, 1350.2 ], [ 47.0813003, -20.1390168, 1352.0 ], [ 47.0813379, -20.1392283, 1352.2 ], [ 47.0813996, -20.1395154, 1352.5 ], [ 47.0815095, -20.1397823, 1352.8 ], [ 47.0816544, -20.1400316, 1353.8 ], [ 47.0819172, -20.1404597, 1354.2 ], [ 47.082046, -20.1406838, 1354.5 ], [ 47.0821479, -20.1409004, 1354.2 ], [ 47.0822123, -20.1410943, 1353.8 ], [ 47.0822498, -20.1413461, 1352.0 ], [ 47.0822391, -20.141958, 1351.2 ], [ 47.0822257, -20.1421519, 1351.0 ], [ 47.0820218, -20.1448917, 1351.8 ], [ 47.0820138, -20.1453021, 1351.5 ], [ 47.0820057, -20.1457705, 1352.0 ], [ 47.0820165, -20.1461986, 1352.8 ], [ 47.082046, -20.1465511, 1353.2 ], [ 47.0821533, -20.1472612, 1352.8 ], [ 47.0822874, -20.1480997, 1353.5 ], [ 47.0823249, -20.148422, 1354.0 ], [ 47.0823196, -20.1488073, 1354.5 ], [ 47.0822498, -20.1496181, 1351.8 ], [ 47.0822498, -20.1498573, 1351.2 ], [ 47.0822713, -20.1501343, 1351.0 ], [ 47.0823222, -20.1504063, 1350.8 ], [ 47.0823947, -20.1506354, 1351.0 ], [ 47.0826763, -20.1512246, 1352.2 ], [ 47.0830572, -20.1520052, 1354.0 ], [ 47.0831645, -20.1522746, 1353.5 ], [ 47.0832396, -20.1525642, 1353.2 ], [ 47.0832717, -20.1528588, 1353.0 ], [ 47.0832852, -20.1531761, 1353.2 ], [ 47.0832691, -20.1534908, 1353.0 ], [ 47.0832047, -20.1538635, 1352.2 ], [ 47.082966, -20.1548656, 1350.8 ], [ 47.0829096, -20.1551401, 1351.0 ], [ 47.0828748, -20.1553818, 1350.9 ], [ 47.0828801, -20.1556638, 1350.8 ], [ 47.0829204, -20.1559836, 1350.8 ], [ 47.083194, -20.1575825, 1351.5 ], [ 47.0833147, -20.1582296, 1351.0 ], [ 47.0833898, -20.1585091, 1350.8 ], [ 47.0834649, -20.158713, 1350.2 ], [ 47.0835882, -20.1589522, 1350.0 ], [ 47.0848355, -20.1607878, 1356.5 ], [ 47.0849615, -20.1609842, 1358.5 ], [ 47.0850527, -20.1611629, 1359.2 ], [ 47.0850983, -20.1613115, 1358.8 ], [ 47.0851251, -20.1614726, 1357.5 ], [ 47.0851386, -20.1617018, 1355.8 ], [ 47.0851117, -20.1624722, 1349.2 ], [ 47.0850956, -20.1628146, 1348.0 ], [ 47.0850956, -20.1630211, 1347.2 ], [ 47.0851091, -20.1632603, 1346.8 ], [ 47.0851144, -20.1634819, 1346.0 ], [ 47.0851386, -20.1637538, 1345.8 ], [ 47.0851842, -20.1641214, 1346.3 ], [ 47.0852432, -20.1645771, 1347.0 ], [ 47.0852727, -20.1648339, 1348.5 ], [ 47.0853505, -20.1651512, 1349.5 ], [ 47.0854014, -20.1653778, 1350.8 ], [ 47.0854577, -20.165549, 1351.3 ], [ 47.0855463, -20.1656824, 1351.8 ], [ 47.0874238, -20.1680668, 1349.0 ], [ 47.0879039, -20.168807, 1349.8 ], [ 47.0887622, -20.1697159, 1351.0 ], [ 47.0888829, -20.1700079, 1351.2 ], [ 47.0888481, -20.1705392, 1354.0 ], [ 47.0889446, -20.1708337, 1353.5 ], [ 47.089532, -20.1717879, 1350.0 ], [ 47.0896259, -20.1720599, 1349.5 ], [ 47.0896661, -20.1723972, 1349.2 ], [ 47.0895749, -20.17886, 1352.8 ], [ 47.0895562, -20.1817501, 1353.0 ], [ 47.0895267, -20.1826212, 1355.0 ], [ 47.0894811, -20.1831398, 1356.2 ], [ 47.0892611, -20.1853728, 1356.5 ], [ 47.0892558, -20.1856648, 1357.8 ], [ 47.0895588, -20.1868002, 1358.8 ], [ 47.0896876, -20.1870998, 1358.2 ], [ 47.0906746, -20.1884542, 1357.0 ], [ 47.0907202, -20.188575, 1357.2 ], [ 47.0907095, -20.1887386, 1358.0 ], [ 47.0903715, -20.1895895, 1366.2 ], [ 47.0903286, -20.1897305, 1368.8 ], [ 47.090334, -20.1898262, 1369.8 ], [ 47.0903689, -20.1899847, 1370.8 ], [ 47.0907149, -20.1909414, 1370.2 ], [ 47.0909187, -20.1913693, 1366.5 ], [ 47.0909321, -20.1914952, 1366.1 ], [ 47.0909026, -20.1916261, 1365.8 ], [ 47.0907417, -20.1919055, 1369.0 ], [ 47.0907095, -20.1920012, 1369.5 ], [ 47.0907068, -20.1921497, 1369.0 ], [ 47.090849, -20.1926809, 1364.0 ], [ 47.0908436, -20.1928445, 1363.7 ], [ 47.090798, -20.1929955, 1363.5 ], [ 47.0903689, -20.193796, 1364.0 ], [ 47.0899102, -20.195032, 1364.8 ], [ 47.0898163, -20.1953014, 1365.0 ], [ 47.0897359, -20.195606, 1365.2 ], [ 47.0896956, -20.1958023, 1365.2 ], [ 47.0896903, -20.1959257, 1364.5 ], [ 47.0897171, -20.1960591, 1363.2 ], [ 47.0897868, -20.19619, 1362.4 ], [ 47.0899478, -20.1963713, 1361.0 ], [ 47.0905244, -20.1970484, 1359.5 ], [ 47.0906264, -20.1971793, 1359.3 ], [ 47.0906988, -20.1973429, 1359.0 ], [ 47.0912057, -20.1991226, 1359.5 ], [ 47.0916617, -20.2007261, 1358.8 ], [ 47.0918843, -20.2015014, 1359.8 ], [ 47.0919406, -20.2017028, 1360.5 ], [ 47.0920721, -20.202166, 1361.8 ], [ 47.0921713, -20.2025133, 1362.1 ], [ 47.0922008, -20.2026845, 1362.2 ], [ 47.0921955, -20.2028607, 1362.8 ], [ 47.0920828, -20.2035001, 1363.0 ], [ 47.0920748, -20.2036461, 1363.0 ], [ 47.0921016, -20.2038223, 1362.2 ], [ 47.0921847, -20.2041646, 1361.8 ], [ 47.093102, -20.2078547, 1361.0 ], [ 47.093161, -20.2080838, 1361.0 ], [ 47.0934051, -20.2090881, 1360.5 ], [ 47.0935982, -20.2098961, 1361.8 ], [ 47.094368, -20.2129518, 1363.2 ], [ 47.0947543, -20.2145148, 1364.5 ], [ 47.0950171, -20.2156299, 1366.0 ], [ 47.095103, -20.2159722, 1365.8 ], [ 47.0951459, -20.2161937, 1366.0 ], [ 47.095162, -20.2163774, 1366.2 ], [ 47.0951566, -20.216546, 1366.3 ], [ 47.0951325, -20.2167499, 1366.5 ], [ 47.0950305, -20.2172307, 1367.2 ], [ 47.0948669, -20.2179279, 1367.8 ], [ 47.0947435, -20.2185722, 1367.2 ], [ 47.0946738, -20.2189699, 1365.8 ], [ 47.0945504, -20.2195186, 1366.2 ], [ 47.0945263, -20.2196872, 1366.8 ], [ 47.0945129, -20.2198533, 1367.5 ], [ 47.0945236, -20.2200245, 1368.0 ], [ 47.0945558, -20.2201956, 1368.5 ], [ 47.0946389, -20.2205153, 1368.2 ], [ 47.0954356, -20.2233971, 1369.8 ], [ 47.0954302, -20.2238828, 1370.5 ], [ 47.0946336, -20.2252142, 1371.2 ], [ 47.0940891, -20.2261354, 1372.0 ], [ 47.0935151, -20.2277487, 1372.2 ], [ 47.0933998, -20.2280708, 1372.1 ], [ 47.0933113, -20.22833, 1372.0 ], [ 47.0930189, -20.2291631, 1372.5 ], [ 47.0927346, -20.2305096, 1379.2 ], [ 47.09263, -20.2307889, 1381.2 ], [ 47.0922384, -20.2311085, 1386.5 ], [ 47.0922008, -20.231398, 1388.0 ], [ 47.0924073, -20.231778, 1387.0 ], [ 47.092402, -20.2319315, 1387.8 ], [ 47.0923483, -20.2320498, 1389.5 ], [ 47.0920748, -20.2323996, 1396.0 ], [ 47.0920426, -20.2325028, 1397.5 ], [ 47.0920587, -20.232606, 1398.5 ], [ 47.0921311, -20.2327167, 1399.0 ], [ 47.092225, -20.2327973, 1399.2 ], [ 47.0927024, -20.2332075, 1401.5 ], [ 47.093035, -20.2336907, 1409.5 ], [ 47.0931986, -20.2338467, 1413.0 ], [ 47.0933595, -20.2339071, 1415.2 ], [ 47.0935553, -20.2338568, 1415.5 ], [ 47.0941105, -20.2335623, 1413.5 ], [ 47.0942447, -20.2334491, 1413.2 ], [ 47.094309, -20.2333308, 1412.5 ], [ 47.0943949, -20.2330892, 1410.0 ], [ 47.0944726, -20.2329583, 1409.5 ], [ 47.0945907, -20.2328728, 1409.0 ], [ 47.094706, -20.2328325, 1409.8 ], [ 47.0948938, -20.2328375, 1412.0 ], [ 47.0951137, -20.2328753, 1415.0 ], [ 47.0952854, -20.2328828, 1417.0 ], [ 47.0954838, -20.2328476, 1418.2 ], [ 47.0958459, -20.2327268, 1418.1 ], [ 47.0960337, -20.2327318, 1418.0 ], [ 47.0962214, -20.2328023, 1417.2 ], [ 47.0963395, -20.2329181, 1417.0 ], [ 47.0964119, -20.2330691, 1416.8 ], [ 47.0964602, -20.2339776, 1420.5 ], [ 47.0964924, -20.2341286, 1421.2 ], [ 47.0965943, -20.2342469, 1421.8 ], [ 47.0967498, -20.2343073, 1422.1 ], [ 47.0969617, -20.2343098, 1422.5 ], [ 47.097356, -20.2342318, 1420.8 ], [ 47.0976537, -20.2341739, 1417.8 ], [ 47.0978066, -20.2341739, 1416.5 ], [ 47.0979112, -20.2342016, 1416.2 ], [ 47.09804, -20.2342796, 1416.0 ], [ 47.0981392, -20.2344004, 1416.8 ], [ 47.0981982, -20.2345514, 1418.0 ], [ 47.0983887, -20.2355379, 1425.2 ], [ 47.098437, -20.2357216, 1426.5 ], [ 47.098496, -20.2358122, 1426.8 ], [ 47.0985684, -20.2358752, 1427.0 ], [ 47.0986918, -20.235933, 1426.8 ], [ 47.098968, -20.2359934, 1426.5 ], [ 47.0991156, -20.2360538, 1427.0 ], [ 47.0992202, -20.2361268, 1428.2 ], [ 47.0993194, -20.23623, 1430.0 ], [ 47.0995393, -20.2366402, 1434.2 ], [ 47.0998183, -20.2371159, 1438.5 ], [ 47.0999765, -20.2373927, 1440.5 ], [ 47.1000677, -20.2375814, 1441.2 ], [ 47.100108, -20.2377576, 1441.8 ], [ 47.1000758, -20.2382408, 1442.8 ], [ 47.1000758, -20.2384119, 1443.2 ], [ 47.1001107, -20.238495, 1443.5 ], [ 47.1001643, -20.2385629, 1443.8 ], [ 47.1003172, -20.2387592, 1445.0 ], [ 47.1004084, -20.238875, 1445.8 ], [ 47.100513, -20.2390461, 1447.2 ], [ 47.1005559, -20.239255, 1449.5 ], [ 47.1005613, -20.2395394, 1452.2 ], [ 47.1005157, -20.2407599, 1456.3 ], [ 47.1004969, -20.2409864, 1457.0 ], [ 47.1004567, -20.2411827, 1457.2 ], [ 47.1003601, -20.2413513, 1458.0 ], [ 47.0999578, -20.2419301, 1461.5 ], [ 47.0998773, -20.2421012, 1462.8 ], [ 47.0998612, -20.2422724, 1463.5 ], [ 47.0998827, -20.2424032, 1463.6 ], [ 47.099939, -20.2425039, 1463.8 ], [ 47.100049, -20.2426071, 1464.0 ], [ 47.1002179, -20.2427002, 1464.2 ], [ 47.1003842, -20.2427656, 1465.2 ], [ 47.1006015, -20.2428059, 1467.0 ], [ 47.1007732, -20.2427983, 1468.2 ], [ 47.1009234, -20.2427681, 1469.0 ], [ 47.1021008, -20.2422824, 1470.5 ], [ 47.1023744, -20.2422321, 1470.0 ], [ 47.1035787, -20.242071, 1463.0 ], [ 47.103745, -20.2420635, 1461.8 ], [ 47.1039408, -20.242066, 1460.8 ], [ 47.104134, -20.2420987, 1460.0 ], [ 47.1043137, -20.2421742, 1459.2 ], [ 47.1044773, -20.2423051, 1459.0 ], [ 47.1045873, -20.242446, 1458.8 ], [ 47.1046811, -20.2426398, 1458.7 ], [ 47.1047214, -20.2428134, 1458.6 ], [ 47.1047482, -20.2431355, 1458.5 ], [ 47.1047938, -20.2433016, 1458.4 ], [ 47.104885, -20.2434652, 1458.2 ], [ 47.1062797, -20.2445272, 1458.0 ], [ 47.1064353, -20.2446807, 1457.8 ], [ 47.1065077, -20.2448317, 1458.2 ], [ 47.106607, -20.2458483, 1460.8 ], [ 47.1066365, -20.2461126, 1461.5 ], [ 47.1067008, -20.2463139, 1462.2 ], [ 47.1068108, -20.2465429, 1463.0 ], [ 47.1068752, -20.246709, 1463.8 ], [ 47.1069127, -20.2469002, 1464.8 ], [ 47.1068779, -20.247177, 1466.5 ], [ 47.1068081, -20.2475595, 1466.2 ], [ 47.1068081, -20.2477256, 1466.8 ], [ 47.1068618, -20.2478691, 1467.5 ], [ 47.1069583, -20.2480326, 1468.5 ], [ 47.1072185, -20.2484302, 1471.2 ], [ 47.1073419, -20.2485384, 1472.5 ], [ 47.1075001, -20.2486215, 1474.2 ], [ 47.1078783, -20.2487851, 1478.2 ], [ 47.1080393, -20.2488958, 1479.5 ], [ 47.1081546, -20.2489939, 1480.0 ], [ 47.1083558, -20.2492607, 1480.5 ], [ 47.1084845, -20.2493915, 1481.0 ], [ 47.1086347, -20.2494997, 1482.0 ], [ 47.1088386, -20.2496834, 1484.5 ], [ 47.1089378, -20.2497866, 1485.2 ], [ 47.1089941, -20.2498923, 1485.5 ], [ 47.1090075, -20.2500584, 1485.8 ], [ 47.1089727, -20.250227, 1486.5 ], [ 47.1088654, -20.2505189, 1488.2 ], [ 47.1084765, -20.2513619, 1493.0 ], [ 47.1084121, -20.251538, 1493.2 ], [ 47.1083665, -20.2517066, 1493.5 ], [ 47.1083665, -20.2518652, 1494.2 ], [ 47.1084175, -20.2520262, 1496.0 ], [ 47.108691, -20.2524439, 1504.8 ], [ 47.1087313, -20.2525697, 1506.8 ], [ 47.1087286, -20.2527157, 1508.0 ], [ 47.1087098, -20.2528717, 1509.2 ], [ 47.1086428, -20.2530328, 1509.0 ], [ 47.1085328, -20.2531888, 1507.0 ], [ 47.1084604, -20.2533523, 1506.2 ], [ 47.1084014, -20.2535461, 1506.8 ], [ 47.1083423, -20.253838, 1509.2 ], [ 47.1082941, -20.2542431, 1511.8 ], [ 47.108286, -20.2544973, 1514.0 ], [ 47.1083397, -20.2548395, 1516.0 ], [ 47.1083879, -20.2551012, 1517.8 ], [ 47.1084604, -20.2553403, 1518.2 ], [ 47.1089888, -20.2567796, 1509.5 ], [ 47.1096137, -20.2584831, 1493.5 ], [ 47.1097371, -20.25877, 1491.0 ], [ 47.1099222, -20.2589788, 1490.8 ], [ 47.110633, -20.2594469, 1490.0 ], [ 47.1112552, -20.2600382, 1489.2 ], [ 47.1114188, -20.2602596, 1488.5 ], [ 47.1125829, -20.262796, 1484.0 ], [ 47.1135807, -20.2639711, 1482.2 ], [ 47.1137631, -20.2644516, 1481.8 ], [ 47.1143156, -20.26498, 1480.2 ], [ 47.1156862, -20.267534, 1469.0 ], [ 47.1158794, -20.2677478, 1468.0 ], [ 47.116456, -20.2679793, 1468.2 ], [ 47.1166545, -20.2681101, 1468.2 ], [ 47.1168396, -20.2683894, 1468.0 ], [ 47.1168798, -20.2684549, 1468.0 ], [ 47.1181324, -20.2703369, 1465.2 ], [ 47.1185133, -20.2707948, 1466.0 ], [ 47.1186018, -20.2709659, 1466.5 ], [ 47.1186313, -20.2711622, 1466.2 ], [ 47.1186823, -20.2726492, 1463.8 ], [ 47.1187896, -20.2728882, 1462.8 ], [ 47.1190175, -20.2731272, 1462.0 ], [ 47.1196264, -20.273326, 1463.2 ], [ 47.1197659, -20.273482, 1462.5 ], [ 47.1199831, -20.2743475, 1455.2 ], [ 47.1196586, -20.2763326, 1454.8 ], [ 47.1195701, -20.2764836, 1454.8 ], [ 47.1194145, -20.2765314, 1453.2 ], [ 47.1188995, -20.2765314, 1448.2 ], [ 47.1186393, -20.2766471, 1445.2 ], [ 47.1184489, -20.2768711, 1443.2 ], [ 47.1183255, -20.2773416, 1439.2 ], [ 47.118414, -20.2775906, 1438.5 ], [ 47.1189344, -20.2781391, 1440.8 ], [ 47.1190658, -20.2784486, 1441.2 ], [ 47.1188647, -20.2795757, 1428.0 ], [ 47.1188754, -20.2798097, 1424.8 ], [ 47.1190524, -20.2800437, 1423.2 ], [ 47.119267, -20.2801292, 1423.8 ], [ 47.1195352, -20.2800814, 1425.8 ], [ 47.1200824, -20.27985, 1429.2 ], [ 47.1204016, -20.2798424, 1429.5 ], [ 47.1206295, -20.280006, 1428.0 ], [ 47.1213135, -20.2811985, 1429.5 ], [ 47.1213672, -20.2831131, 1420.0 ], [ 47.1216407, -20.2849598, 1408.2 ], [ 47.1218526, -20.2854554, 1405.8 ], [ 47.1222711, -20.2861221, 1407.5 ], [ 47.1222684, -20.2869246, 1396.5 ], [ 47.1225098, -20.2879762, 1394.0 ], [ 47.1226385, -20.2894002, 1384.2 ], [ 47.1227539, -20.2898103, 1381.2 ], [ 47.1229792, -20.2900392, 1381.8 ], [ 47.1240038, -20.290648, 1388.2 ], [ 47.1241969, -20.290887, 1387.2 ], [ 47.124323, -20.2913751, 1379.2 ], [ 47.1245295, -20.2915839, 1378.5 ], [ 47.1249157, -20.2917147, 1380.8 ], [ 47.1251678, -20.2918204, 1381.2 ], [ 47.1253476, -20.2919411, 1382.0 ], [ 47.1254843, -20.2920619, 1383.0 ], [ 47.125589, -20.2922204, 1383.1 ], [ 47.1256587, -20.292399, 1383.2 ], [ 47.1257097, -20.2926707, 1382.2 ], [ 47.1259001, -20.293116, 1381.8 ], [ 47.1264043, -20.2941449, 1386.5 ], [ 47.1264687, -20.2942908, 1386.8 ], [ 47.1265063, -20.2944367, 1386.5 ], [ 47.1265063, -20.2946229, 1385.2 ], [ 47.1264929, -20.2948216, 1383.5 ], [ 47.1264929, -20.2949877, 1382.2 ], [ 47.126525, -20.2951713, 1381.8 ], [ 47.1266001, -20.2953776, 1381.5 ], [ 47.1282417, -20.2986102, 1379.2 ], [ 47.128408, -20.2988995, 1378.8 ], [ 47.1286842, -20.2992995, 1377.2 ], [ 47.1303472, -20.3014805, 1371.0 ], [ 47.130492, -20.3017396, 1370.2 ], [ 47.1306664, -20.302122, 1369.5 ], [ 47.1320558, -20.305357, 1358.6 ], [ 47.1321362, -20.3055432, 1358.0 ], [ 47.132265, -20.3058651, 1359.0 ], [ 47.1323025, -20.3060613, 1360.0 ], [ 47.1323133, -20.306255, 1361.0 ], [ 47.1322998, -20.3064663, 1362.0 ], [ 47.1322677, -20.3066877, 1362.2 ], [ 47.1322516, -20.3069493, 1362.0 ], [ 47.1322194, -20.3088686, 1362.6 ], [ 47.1322328, -20.3090372, 1362.7 ], [ 47.1322596, -20.3092032, 1362.8 ], [ 47.132324, -20.3093793, 1362.5 ], [ 47.1331152, -20.3115652, 1359.0 ], [ 47.1332896, -20.3119174, 1357.5 ], [ 47.1339628, -20.3132052, 1354.4 ], [ 47.1340379, -20.3133587, 1354.0 ], [ 47.1341801, -20.3136706, 1356.0 ], [ 47.1343598, -20.3140353, 1358.8 ], [ 47.1345583, -20.3143774, 1362.2 ], [ 47.1346226, -20.3145485, 1363.5 ], [ 47.1347004, -20.3147522, 1364.2 ], [ 47.1347111, -20.3149484, 1364.0 ], [ 47.1347192, -20.3155446, 1361.0 ], [ 47.1347433, -20.315781, 1360.5 ], [ 47.1350652, -20.3173254, 1356.0 ], [ 47.1351752, -20.3180096, 1355.8 ], [ 47.1352959, -20.3185252, 1357.0 ], [ 47.1353629, -20.3187063, 1356.8 ], [ 47.135497, -20.3189302, 1357.5 ], [ 47.1373048, -20.3216014, 1350.5 ], [ 47.1378332, -20.3224164, 1350.8 ], [ 47.1380398, -20.3227459, 1351.0 ], [ 47.1381739, -20.3230628, 1350.8 ], [ 47.138316, -20.3233646, 1351.0 ], [ 47.1385226, -20.3236212, 1351.5 ], [ 47.1393621, -20.3244738, 1351.2 ], [ 47.1397886, -20.3248134, 1353.5 ], [ 47.1405289, -20.3253667, 1357.5 ], [ 47.1407703, -20.3255654, 1359.0 ], [ 47.1409848, -20.3258396, 1360.5 ], [ 47.1411216, -20.3261263, 1361.2 ], [ 47.1411806, -20.3263376, 1361.0 ], [ 47.1412182, -20.326657, 1360.5 ], [ 47.1412826, -20.3269035, 1359.5 ], [ 47.1414489, -20.3271802, 1358.0 ], [ 47.1416903, -20.3275172, 1355.5 ], [ 47.141811, -20.3278492, 1354.0 ], [ 47.1422482, -20.3289232, 1352.8 ], [ 47.1424466, -20.3294463, 1351.5 ], [ 47.1425459, -20.32964, 1351.0 ], [ 47.1426398, -20.3298387, 1350.5 ], [ 47.1427873, -20.3300751, 1350.2 ], [ 47.1430904, -20.3304398, 1350.0 ], [ 47.1433774, -20.3307819, 1349.5 ], [ 47.1442732, -20.3318608, 1348.5 ], [ 47.1448392, -20.3325097, 1347.3 ], [ 47.1449652, -20.3326632, 1347.0 ], [ 47.1453005, -20.3330781, 1346.0 ], [ 47.1453729, -20.3332039, 1345.7 ], [ 47.1454158, -20.3333146, 1345.4 ], [ 47.1454588, -20.3335309, 1345.0 ], [ 47.1456143, -20.3353241, 1347.0 ], [ 47.1456304, -20.33547, 1347.5 ], [ 47.1456572, -20.3355756, 1347.8 ], [ 47.1457082, -20.3356938, 1348.2 ], [ 47.1457645, -20.3357843, 1348.5 ], [ 47.1459281, -20.3359906, 1348.8 ], [ 47.1469957, -20.3370217, 1347.5 ], [ 47.1501607, -20.3402032, 1342.0 ], [ 47.1505818, -20.3406207, 1341.0 ], [ 47.1518531, -20.3418932, 1343.0 ], [ 47.1519551, -20.3420064, 1343.2 ], [ 47.1520221, -20.3421145, 1343.5 ], [ 47.1520811, -20.3422328, 1343.8 ], [ 47.1522957, -20.3427609, 1345.0 ], [ 47.1524084, -20.3430853, 1345.5 ], [ 47.1525452, -20.3435154, 1347.2 ], [ 47.1526015, -20.3437593, 1348.5 ], [ 47.1526632, -20.3441441, 1350.0 ], [ 47.1527061, -20.3445892, 1352.8 ], [ 47.1527088, -20.3446521, 1353.0 ], [ 47.1527436, -20.3453387, 1353.5 ], [ 47.1527705, -20.3457209, 1352.0 ], [ 47.1528322, -20.3465584, 1345.8 ], [ 47.1528375, -20.3468073, 1344.0 ], [ 47.1528402, -20.3469331, 1343.2 ], [ 47.1528295, -20.3470211, 1343.0 ], [ 47.1527919, -20.3471343, 1343.5 ], [ 47.1527249, -20.3472625, 1344.5 ], [ 47.1526176, -20.347421, 1346.8 ], [ 47.152521, -20.3475618, 1349.0 ], [ 47.1524888, -20.3476071, 1349.8 ], [ 47.1524727, -20.3476699, 1350.5 ], [ 47.1524727, -20.3477403, 1350.7 ], [ 47.1525076, -20.3478082, 1350.9 ], [ 47.1525398, -20.3478585, 1351.0 ], [ 47.1525908, -20.3478937, 1350.5 ], [ 47.1526846, -20.3479415, 1349.5 ], [ 47.1527731, -20.3479642, 1348.5 ], [ 47.1528509, -20.3479642, 1347.2 ], [ 47.1531782, -20.347939, 1341.2 ], [ 47.153264, -20.3479415, 1339.8 ], [ 47.1533284, -20.3479491, 1338.8 ], [ 47.1534115, -20.3479692, 1337.8 ], [ 47.1534839, -20.3479918, 1337.0 ], [ 47.1535563, -20.3480346, 1336.5 ], [ 47.15361, -20.3480748, 1336.0 ], [ 47.1537361, -20.3482131, 1335.8 ], [ 47.1542054, -20.3487765, 1334.0 ], [ 47.1542618, -20.3488645, 1333.5 ], [ 47.15431, -20.3489626, 1333.4 ], [ 47.1543369, -20.3490556, 1333.2 ], [ 47.1543369, -20.3493448, 1334.2 ], [ 47.154353, -20.3494555, 1334.5 ], [ 47.1543798, -20.3495359, 1334.2 ], [ 47.15442, -20.3496189, 1333.8 ], [ 47.1544898, -20.3497145, 1332.5 ], [ 47.1549082, -20.3501948, 1327.8 ], [ 47.1550772, -20.3504035, 1326.5 ], [ 47.1552891, -20.3506374, 1325.0 ], [ 47.1553588, -20.3507204, 1324.2 ], [ 47.1553963, -20.3507782, 1323.8 ], [ 47.1557611, -20.3513592, 1320.8 ], [ 47.1559006, -20.3515578, 1319.8 ], [ 47.1561179, -20.3519074, 1318.8 ], [ 47.156193, -20.3520633, 1318.5 ], [ 47.1562359, -20.3522142, 1318.2 ], [ 47.1564478, -20.3538211, 1311.5 ], [ 47.1565014, -20.3543517, 1310.7 ], [ 47.1565309, -20.35449, 1310.5 ], [ 47.1565765, -20.3546183, 1310.0 ], [ 47.1566463, -20.3547541, 1309.5 ], [ 47.1572176, -20.3555638, 1307.0 ], [ 47.1574134, -20.3558505, 1306.5 ], [ 47.1575636, -20.3560315, 1306.2 ], [ 47.157754, -20.3562453, 1306.2 ], [ 47.158336, -20.3568538, 1306.0 ], [ 47.1584353, -20.3569796, 1305.5 ], [ 47.1585023, -20.3570877, 1304.8 ], [ 47.1585801, -20.3572411, 1303.8 ], [ 47.1586525, -20.3573794, 1302.5 ], [ 47.1586874, -20.3574951, 1301.2 ], [ 47.1587008, -20.3575831, 1300.0 ], [ 47.1587035, -20.3577264, 1298.0 ], [ 47.1586901, -20.3578321, 1296.5 ], [ 47.1586472, -20.3579226, 1295.0 ], [ 47.1585613, -20.3580081, 1294.0 ], [ 47.1584433, -20.3580634, 1293.2 ], [ 47.1583226, -20.3580936, 1292.8 ], [ 47.1573409, -20.3581891, 1298.2 ], [ 47.1572739, -20.3582118, 1298.8 ], [ 47.1572122, -20.358247, 1299.0 ], [ 47.1571559, -20.3582897, 1299.1 ], [ 47.1571183, -20.35834, 1299.2 ], [ 47.1570808, -20.3584557, 1298.5 ], [ 47.15707, -20.358599, 1297.2 ], [ 47.15707, -20.3588631, 1294.8 ], [ 47.1570539, -20.3590517, 1294.3 ], [ 47.1570083, -20.3592428, 1293.8 ], [ 47.1568796, -20.359625, 1295.2 ], [ 47.1568608, -20.359713, 1295.5 ], [ 47.1568528, -20.3598111, 1295.6 ], [ 47.1568581, -20.3599041, 1295.8 ], [ 47.1568877, -20.3599796, 1295.2 ], [ 47.1569198, -20.3600475, 1294.8 ], [ 47.1569628, -20.3601154, 1294.0 ], [ 47.1577272, -20.3610307, 1278.8 ], [ 47.1578237, -20.361169, 1276.8 ], [ 47.1578774, -20.3612696, 1275.2 ], [ 47.1579069, -20.3613576, 1274.2 ], [ 47.1579203, -20.3614481, 1274.0 ], [ 47.1579149, -20.361516, 1273.8 ], [ 47.1578962, -20.3615814, 1274.0 ], [ 47.1578345, -20.3616795, 1274.8 ], [ 47.1573222, -20.362205, 1277.0 ], [ 47.1571934, -20.3623207, 1276.8 ], [ 47.1569601, -20.3625244, 1276.5 ], [ 47.1567804, -20.3626602, 1276.0 ], [ 47.1565658, -20.3628387, 1275.8 ], [ 47.1563753, -20.3630298, 1275.5 ], [ 47.1562466, -20.3631857, 1276.2 ], [ 47.156193, -20.3632687, 1277.2 ], [ 47.1561688, -20.363314, 1277.8 ], [ 47.1561554, -20.3633567, 1278.2 ], [ 47.1561581, -20.3633994, 1278.3 ], [ 47.1561715, -20.3634573, 1278.4 ], [ 47.1561903, -20.3634925, 1278.5 ], [ 47.1562251, -20.3635252, 1278.2 ], [ 47.1562788, -20.3635604, 1277.8 ], [ 47.1563432, -20.3635855, 1277.2 ], [ 47.1564102, -20.3635981, 1276.5 ], [ 47.1573141, -20.3636132, 1265.0 ], [ 47.1576065, -20.3636559, 1261.2 ], [ 47.1578613, -20.3637037, 1257.8 ], [ 47.1580598, -20.3637791, 1255.5 ], [ 47.1582422, -20.3638672, 1253.8 ], [ 47.1583682, -20.3639627, 1253.4 ], [ 47.1584648, -20.3640985, 1253.0 ], [ 47.1585372, -20.3642695, 1254.0 ], [ 47.1586177, -20.364443, 1255.2 ], [ 47.1587142, -20.3645939, 1255.0 ], [ 47.158851, -20.3646995, 1253.2 ], [ 47.1591944, -20.3648629, 1248.0 ], [ 47.1593285, -20.364956, 1246.2 ], [ 47.1594197, -20.3650666, 1245.2 ], [ 47.1595404, -20.3652728, 1244.2 ], [ 47.1596289, -20.3654891, 1243.7 ], [ 47.1596584, -20.36565, 1243.2 ], [ 47.159645, -20.3657833, 1243.5 ], [ 47.1596262, -20.365914, 1243.8 ], [ 47.1595296, -20.3662811, 1244.2 ], [ 47.1595055, -20.3663842, 1244.8 ], [ 47.1595001, -20.3664823, 1244.8 ], [ 47.1595109, -20.3665376, 1244.9 ], [ 47.1595323, -20.3665904, 1244.9 ], [ 47.1595672, -20.3666508, 1245.0 ], [ 47.1596047, -20.3667036, 1244.8 ], [ 47.1597737, -20.3668494, 1243.5 ], [ 47.1603397, -20.3673196, 1240.0 ], [ 47.1604174, -20.3674177, 1239.8 ], [ 47.160463, -20.3675032, 1239.5 ], [ 47.1605086, -20.3676063, 1239.4 ], [ 47.1605301, -20.3677069, 1239.2 ], [ 47.1606293, -20.3684939, 1239.5 ], [ 47.1606374, -20.3685869, 1239.2 ], [ 47.1606293, -20.3686674, 1239.2 ], [ 47.1606052, -20.3687554, 1239.1 ], [ 47.1605623, -20.3688359, 1239.0 ], [ 47.1605006, -20.3689189, 1239.2 ], [ 47.1602431, -20.3691728, 1240.2 ], [ 47.1599025, -20.3694871, 1241.8 ], [ 47.1597978, -20.3695877, 1242.8 ], [ 47.1597388, -20.3696707, 1243.2 ], [ 47.159712, -20.3697361, 1243.3 ], [ 47.1597013, -20.3697964, 1243.4 ], [ 47.1597013, -20.3698668, 1243.5 ], [ 47.1597308, -20.3700403, 1243.0 ], [ 47.1598032, -20.3702993, 1242.5 ], [ 47.159991, -20.3709053, 1241.5 ], [ 47.1600205, -20.371031, 1241.4 ], [ 47.1600285, -20.3711517, 1241.2 ], [ 47.1600285, -20.3713101, 1241.8 ], [ 47.1600285, -20.3714233, 1242.2 ], [ 47.1599776, -20.3719739, 1245.0 ], [ 47.1599588, -20.37216, 1245.2 ], [ 47.1599615, -20.3722581, 1245.2 ], [ 47.1599749, -20.3724064, 1245.8 ], [ 47.1600097, -20.3726252, 1245.9 ], [ 47.1600366, -20.3727735, 1246.1 ], [ 47.1600312, -20.3729068, 1246.2 ], [ 47.1600071, -20.3730074, 1246.2 ], [ 47.1599454, -20.3731633, 1246.0 ], [ 47.1598703, -20.3733393, 1245.0 ], [ 47.1596959, -20.3738145, 1242.5 ], [ 47.159602, -20.373988, 1241.5 ], [ 47.1591568, -20.374682, 1239.0 ], [ 47.1590602, -20.3748529, 1237.8 ], [ 47.1587357, -20.3755922, 1234.8 ], [ 47.1586311, -20.3757632, 1235.2 ], [ 47.1585399, -20.3758788, 1236.0 ], [ 47.158438, -20.3759744, 1236.5 ], [ 47.1583119, -20.3760322, 1236.8 ], [ 47.1582153, -20.3760573, 1237.0 ], [ 47.158033, -20.3760875, 1237.2 ], [ 47.1578345, -20.3760951, 1238.8 ], [ 47.157636, -20.3761378, 1239.8 ], [ 47.1572524, -20.3762484, 1240.5 ], [ 47.1569869, -20.376349, 1241.0 ], [ 47.1567321, -20.3764873, 1241.5 ], [ 47.1565846, -20.3766105, 1241.2 ], [ 47.1564907, -20.3767312, 1240.5 ], [ 47.156378, -20.3768821, 1239.8 ], [ 47.1563244, -20.377043, 1238.8 ], [ 47.1562681, -20.3772969, 1237.8 ], [ 47.1562117, -20.3776791, 1238.8 ], [ 47.1562171, -20.3778174, 1238.8 ], [ 47.1562386, -20.3778953, 1238.9 ], [ 47.1562734, -20.3779582, 1238.9 ], [ 47.15637, -20.3780789, 1239.0 ], [ 47.1569788, -20.3785591, 1236.5 ], [ 47.1571156, -20.3786723, 1236.0 ], [ 47.1572042, -20.3787653, 1235.9 ], [ 47.1572605, -20.3788432, 1235.8 ], [ 47.1573034, -20.3789237, 1235.8 ], [ 47.1573302, -20.3789966, 1235.5 ], [ 47.1573436, -20.3790796, 1235.0 ], [ 47.1573409, -20.3791676, 1234.5 ], [ 47.1573249, -20.3792229, 1234.2 ], [ 47.1572444, -20.3793411, 1234.5 ], [ 47.1567187, -20.3799395, 1238.2 ], [ 47.1566328, -20.3800325, 1239.0 ], [ 47.1565846, -20.3801281, 1239.5 ], [ 47.1565524, -20.3802085, 1239.8 ], [ 47.1565121, -20.3804122, 1240.0 ], [ 47.15648, -20.3804977, 1240.5 ], [ 47.1563914, -20.380646, 1241.2 ], [ 47.1561742, -20.3808371, 1241.7 ], [ 47.1559811, -20.3809352, 1242.0 ], [ 47.1558523, -20.3809704, 1241.8 ], [ 47.1557665, -20.3809729, 1241.5 ], [ 47.1556941, -20.3809653, 1241.2 ], [ 47.1539989, -20.3805681, 1243.5 ], [ 47.1537709, -20.3805329, 1243.8 ], [ 47.1535698, -20.3805505, 1242.5 ], [ 47.1533498, -20.3805957, 1241.2 ], [ 47.1531433, -20.3806561, 1240.0 ], [ 47.1529475, -20.3807315, 1239.2 ], [ 47.1527705, -20.3808547, 1239.0 ], [ 47.1526551, -20.3809955, 1238.5 ], [ 47.1523172, -20.3815713, 1237.0 ], [ 47.1522608, -20.381692, 1237.5 ], [ 47.1522126, -20.3818001, 1237.6 ], [ 47.1521804, -20.3819157, 1237.7 ], [ 47.1521643, -20.3820691, 1237.8 ], [ 47.1521831, -20.38222, 1238.0 ], [ 47.1522287, -20.3823406, 1237.8 ], [ 47.1522903, -20.3824362, 1237.0 ], [ 47.1524084, -20.3825644, 1236.2 ], [ 47.1529314, -20.3830195, 1233.0 ], [ 47.1532264, -20.3833061, 1231.0 ], [ 47.1533874, -20.3834167, 1229.5 ], [ 47.1535403, -20.3834922, 1228.5 ], [ 47.1537173, -20.3835475, 1228.8 ], [ 47.1541303, -20.383638, 1231.0 ], [ 47.1543208, -20.3837059, 1231.3 ], [ 47.1544495, -20.3837662, 1231.5 ], [ 47.1545944, -20.3838643, 1231.0 ], [ 47.1549672, -20.3841861, 1225.5 ], [ 47.1550906, -20.3842565, 1225.0 ], [ 47.1552113, -20.3842967, 1224.5 ], [ 47.1553481, -20.3843168, 1225.0 ], [ 47.1555251, -20.3843018, 1227.2 ], [ 47.155678, -20.3842716, 1229.8 ], [ 47.1558174, -20.384254, 1232.2 ], [ 47.1559328, -20.3842691, 1234.0 ], [ 47.1561071, -20.3843194, 1236.8 ], [ 47.1562895, -20.3844149, 1239.0 ], [ 47.1563646, -20.3844903, 1238.8 ], [ 47.1564075, -20.3845884, 1237.2 ], [ 47.1564209, -20.3846965, 1234.8 ], [ 47.1564183, -20.3848071, 1232.0 ], [ 47.1564156, -20.384963, 1228.5 ], [ 47.1564022, -20.3851767, 1223.8 ], [ 47.1564102, -20.3852974, 1221.8 ], [ 47.1564397, -20.3854256, 1220.2 ], [ 47.1565068, -20.3856921, 1219.5 ], [ 47.1565443, -20.3858581, 1220.2 ], [ 47.1565497, -20.3860039, 1220.5 ], [ 47.1565229, -20.3861321, 1220.2 ], [ 47.1564558, -20.3863006, 1218.5 ], [ 47.1563324, -20.3865495, 1215.5 ], [ 47.1562439, -20.3866676, 1213.5 ], [ 47.1561474, -20.3867506, 1210.8 ], [ 47.1560106, -20.3868813, 1207.0 ], [ 47.1559489, -20.3869618, 1205.5 ], [ 47.1558952, -20.3870674, 1204.0 ], [ 47.1558604, -20.3872107, 1202.5 ], [ 47.1558416, -20.387354, 1200.8 ], [ 47.1558416, -20.3874697, 1199.5 ], [ 47.1558711, -20.3875828, 1198.5 ], [ 47.1559221, -20.3876758, 1198.0 ], [ 47.1560428, -20.387794, 1197.8 ], [ 47.1562546, -20.3879524, 1198.2 ], [ 47.1565148, -20.3881108, 1198.4 ], [ 47.156724, -20.388234, 1198.5 ], [ 47.1568447, -20.3882968, 1198.5 ], [ 47.1569601, -20.3883371, 1199.2 ], [ 47.1570727, -20.3883547, 1200.8 ], [ 47.1572337, -20.3883597, 1203.2 ], [ 47.1573302, -20.3883773, 1203.8 ], [ 47.1574134, -20.3884125, 1204.2 ], [ 47.1574911, -20.3884879, 1202.8 ], [ 47.1579927, -20.3891139, 1193.8 ], [ 47.1581563, -20.389305, 1193.0 ], [ 47.1582556, -20.3894232, 1192.2 ], [ 47.1583655, -20.3895137, 1192.0 ], [ 47.1584916, -20.3895816, 1192.2 ], [ 47.1586311, -20.3896193, 1192.5 ], [ 47.1587276, -20.3896319, 1192.8 ], [ 47.1589074, -20.3896419, 1193.2 ], [ 47.159079, -20.3896344, 1193.8 ], [ 47.1594599, -20.3896092, 1195.2 ], [ 47.1598381, -20.3895866, 1195.0 ], [ 47.1602243, -20.3895263, 1193.8 ], [ 47.1605435, -20.3894735, 1194.0 ], [ 47.1608332, -20.3894106, 1195.5 ], [ 47.1610424, -20.3893905, 1197.5 ], [ 47.1611953, -20.3894006, 1199.5 ], [ 47.1612945, -20.3894383, 1200.2 ], [ 47.1613669, -20.3894961, 1200.0 ], [ 47.1614367, -20.3895816, 1199.0 ], [ 47.1615306, -20.3897525, 1196.5 ], [ 47.1616405, -20.3899587, 1195.0 ], [ 47.1623325, -20.3911806, 1200.0 ], [ 47.1626598, -20.3916935, 1201.2 ], [ 47.1629763, -20.3921762, 1200.5 ], [ 47.1631077, -20.3923647, 1200.2 ], [ 47.1632364, -20.3926237, 1198.5 ], [ 47.1632981, -20.3927318, 1197.5 ], [ 47.1633008, -20.3928525, 1195.5 ], [ 47.163282, -20.3929731, 1194.7 ], [ 47.1630138, -20.3941246, 1187.0 ], [ 47.1629548, -20.3943911, 1190.0 ], [ 47.1629682, -20.3945143, 1191.2 ], [ 47.1630085, -20.3947707, 1193.2 ], [ 47.1631157, -20.3954646, 1195.1 ], [ 47.1631989, -20.3957814, 1196.0 ], [ 47.1633196, -20.3960579, 1194.8 ], [ 47.1640143, -20.397687, 1198.0 ], [ 47.1642128, -20.3981521, 1200.2 ], [ 47.164253, -20.3982602, 1200.8 ], [ 47.1642718, -20.3983457, 1201.0 ], [ 47.1642718, -20.3984312, 1201.5 ], [ 47.1642557, -20.398494, 1202.2 ], [ 47.1640652, -20.3990949, 1210.5 ], [ 47.1640384, -20.3992331, 1212.2 ], [ 47.1640331, -20.3993236, 1213.8 ], [ 47.1640491, -20.3994016, 1214.8 ], [ 47.1640867, -20.3994644, 1215.0 ], [ 47.1641511, -20.3995273, 1215.2 ], [ 47.1645078, -20.3998063, 1215.0 ], [ 47.1646151, -20.3998742, 1214.2 ], [ 47.1649665, -20.3999873, 1210.5 ], [ 47.1650711, -20.4000351, 1210.0 ], [ 47.165747, -20.4004851, 1211.2 ], [ 47.1658006, -20.4005203, 1211.2 ], [ 47.1664631, -20.4007365, 1205.8 ], [ 47.166557, -20.4007868, 1205.2 ], [ 47.1666428, -20.4008773, 1205.5 ], [ 47.1667019, -20.4009879, 1206.5 ], [ 47.1667662, -20.4011312, 1207.8 ], [ 47.1668145, -20.4012669, 1209.0 ], [ 47.1668467, -20.4014178, 1210.8 ], [ 47.1668816, -20.4016465, 1213.0 ], [ 47.1669459, -20.4023404, 1216.5 ], [ 47.1670318, -20.4028859, 1218.5 ], [ 47.1670371, -20.4030041, 1219.0 ], [ 47.1670076, -20.4031071, 1219.8 ], [ 47.1668628, -20.4034038, 1222.8 ], [ 47.1668226, -20.4035018, 1223.5 ], [ 47.1668226, -20.40362, 1224.0 ], [ 47.1668977, -20.4043918, 1226.0 ], [ 47.1670184, -20.405699, 1223.8 ], [ 47.1670157, -20.4058247, 1223.2 ], [ 47.1669915, -20.4060509, 1222.8 ], [ 47.1669593, -20.406242, 1222.5 ], [ 47.1669647, -20.4063677, 1222.2 ], [ 47.1669969, -20.4064708, 1221.8 ], [ 47.167072, -20.4065537, 1220.5 ], [ 47.1674663, -20.4067297, 1217.0 ], [ 47.1676943, -20.4068202, 1215.0 ], [ 47.1678472, -20.4068654, 1214.5 ], [ 47.1683595, -20.4069509, 1215.0 ], [ 47.1684721, -20.4069861, 1215.2 ], [ 47.1685445, -20.4070339, 1215.5 ], [ 47.1686009, -20.4070967, 1215.8 ], [ 47.1686411, -20.4071721, 1216.0 ], [ 47.1686465, -20.4072752, 1216.2 ], [ 47.1686143, -20.4073783, 1216.5 ], [ 47.1684802, -20.4076171, 1217.8 ], [ 47.1684426, -20.4076975, 1218.5 ], [ 47.1684185, -20.407788, 1219.2 ], [ 47.1684211, -20.4078785, 1219.8 ], [ 47.1684372, -20.4079891, 1220.2 ], [ 47.1685365, -20.4083235, 1221.8 ], [ 47.1686009, -20.4085598, 1222.0 ], [ 47.1686518, -20.4087257, 1221.8 ], [ 47.168676, -20.4088665, 1222.2 ], [ 47.1686572, -20.4089997, 1222.8 ], [ 47.168574, -20.4092511, 1223.2 ], [ 47.1684265, -20.4096231, 1225.2 ], [ 47.1682522, -20.410048, 1225.5 ], [ 47.1681637, -20.4102742, 1225.2 ], [ 47.1681154, -20.4103823, 1225.0 ], [ 47.1680832, -20.4104904, 1226.0 ], [ 47.1680832, -20.4106111, 1226.2 ], [ 47.1681288, -20.4107242, 1226.5 ], [ 47.1681958, -20.4108222, 1226.8 ], [ 47.168279, -20.4108901, 1226.6 ], [ 47.1684131, -20.4109353, 1226.5 ], [ 47.1685553, -20.4109529, 1226.8 ], [ 47.1687216, -20.410963, 1227.0 ], [ 47.1689415, -20.4110208, 1228.2 ], [ 47.1698079, -20.4112697, 1233.0 ], [ 47.1700385, -20.4113275, 1234.5 ], [ 47.1702048, -20.4113526, 1236.0 ], [ 47.1703389, -20.4113551, 1237.8 ], [ 47.1704704, -20.4113954, 1239.0 ], [ 47.1706098, -20.4114658, 1240.2 ], [ 47.1707547, -20.4115764, 1241.5 ], [ 47.1708566, -20.4116794, 1242.8 ], [ 47.1709102, -20.4118101, 1242.5 ], [ 47.1709156, -20.4119157, 1241.5 ], [ 47.1709317, -20.4120942, 1240.5 ], [ 47.1709424, -20.4129338, 1239.0 ], [ 47.1709371, -20.4131123, 1238.5 ], [ 47.170921, -20.4132681, 1237.8 ], [ 47.170862, -20.413424, 1235.8 ], [ 47.1708083, -20.4135698, 1234.0 ], [ 47.1707895, -20.4136678, 1233.2 ], [ 47.1707949, -20.4137458, 1233.0 ], [ 47.1708378, -20.4138564, 1233.2 ], [ 47.1709934, -20.4140273, 1233.8 ], [ 47.1711731, -20.4142334, 1234.2 ], [ 47.1714225, -20.4145426, 1233.8 ], [ 47.171621, -20.4147739, 1233.2 ], [ 47.1717176, -20.4149046, 1233.5 ], [ 47.1717927, -20.4150504, 1233.6 ], [ 47.1718383, -20.4152113, 1233.8 ], [ 47.1719456, -20.4155079, 1234.0 ], [ 47.1721387, -20.4160333, 1236.0 ], [ 47.1722916, -20.4164832, 1235.8 ], [ 47.1723559, -20.4166642, 1235.5 ], [ 47.1724176, -20.4167924, 1235.8 ], [ 47.1725062, -20.4169307, 1236.8 ], [ 47.1726054, -20.4170337, 1238.5 ], [ 47.1726805, -20.4171418, 1239.8 ], [ 47.1727368, -20.4172449, 1240.5 ], [ 47.1727636, -20.417363, 1240.0 ], [ 47.1727583, -20.417544, 1237.8 ], [ 47.172761, -20.4177099, 1236.2 ], [ 47.1728066, -20.4178884, 1236.0 ], [ 47.1728817, -20.4181749, 1235.5 ], [ 47.1729487, -20.4183534, 1234.8 ], [ 47.1730158, -20.418469, 1234.2 ], [ 47.1730909, -20.4185721, 1234.2 ], [ 47.1731794, -20.4186601, 1234.1 ], [ 47.1733215, -20.4187707, 1234.0 ], [ 47.1735254, -20.4188788, 1233.2 ], [ 47.1740323, -20.4190874, 1231.8 ], [ 47.1742228, -20.4191804, 1231.6 ], [ 47.1743569, -20.4192583, 1231.6 ], [ 47.1744347, -20.4193564, 1231.5 ], [ 47.1745098, -20.4194946, 1231.8 ], [ 47.1745554, -20.419653, 1232.2 ], [ 47.1746814, -20.4202839, 1237.0 ], [ 47.174719, -20.4204322, 1238.0 ], [ 47.1747833, -20.4205654, 1239.0 ], [ 47.1748826, -20.4206836, 1240.5 ], [ 47.1750087, -20.4208042, 1242.8 ], [ 47.1751079, -20.4208947, 1244.5 ], [ 47.1751776, -20.4209953, 1245.8 ], [ 47.1752152, -20.4211134, 1246.2 ], [ 47.1752527, -20.4212215, 1246.8 ], [ 47.1753091, -20.4213019, 1247.2 ], [ 47.1756604, -20.4216287, 1248.8 ], [ 47.1759233, -20.4218851, 1248.0 ], [ 47.1761271, -20.4220661, 1247.5 ], [ 47.1762478, -20.4221591, 1247.0 ], [ 47.17639, -20.4222345, 1246.9 ], [ 47.1765456, -20.4222797, 1246.8 ], [ 47.1766984, -20.4223074, 1247.0 ], [ 47.1771866, -20.4223577, 1249.0 ], [ 47.1773154, -20.4223803, 1249.8 ], [ 47.1774495, -20.4224507, 1249.5 ], [ 47.1777713, -20.4227196, 1248.5 ], [ 47.1779081, -20.4228252, 1249.2 ], [ 47.1780235, -20.4229182, 1249.9 ], [ 47.1780664, -20.4229961, 1250.2 ], [ 47.1780798, -20.4231017, 1250.0 ], [ 47.1780583, -20.4232022, 1249.5 ], [ 47.1779779, -20.4233782, 1248.8 ], [ 47.1776184, -20.4240242, 1246.5 ], [ 47.1773958, -20.4244439, 1245.8 ], [ 47.1773502, -20.4245671, 1245.5 ], [ 47.1773314, -20.4246928, 1245.2 ], [ 47.1773529, -20.4248386, 1245.5 ], [ 47.1774119, -20.4249567, 1246.0 ], [ 47.1775621, -20.4250975, 1247.0 ], [ 47.1777713, -20.4252659, 1248.2 ], [ 47.1778518, -20.425374, 1248.8 ], [ 47.1779323, -20.4255348, 1248.2 ], [ 47.1780288, -20.4257862, 1246.5 ], [ 47.1781039, -20.4259194, 1245.2 ], [ 47.1781951, -20.42603, 1244.8 ], [ 47.1783185, -20.4261557, 1244.2 ], [ 47.1784875, -20.4263191, 1243.0 ], [ 47.1785706, -20.4263794, 1242.5 ], [ 47.1787262, -20.4264146, 1242.4 ], [ 47.1788549, -20.4264096, 1242.3 ], [ 47.1790347, -20.4263819, 1242.2 ], [ 47.1794021, -20.426304, 1242.1 ], [ 47.1795711, -20.4262864, 1242.1 ], [ 47.1797132, -20.4262864, 1242.0 ], [ 47.1798661, -20.4263191, 1242.2 ], [ 47.1800619, -20.4263819, 1242.8 ], [ 47.1802846, -20.4264825, 1244.0 ], [ 47.180475, -20.426578, 1245.0 ], [ 47.1806493, -20.4266986, 1245.8 ], [ 47.1810973, -20.4270555, 1246.8 ], [ 47.1812528, -20.4271888, 1246.0 ], [ 47.1813521, -20.4273119, 1245.0 ], [ 47.1814245, -20.4274552, 1244.8 ], [ 47.1815613, -20.4278473, 1243.8 ], [ 47.181572, -20.4279629, 1244.0 ], [ 47.181572, -20.4281163, 1244.8 ], [ 47.1815318, -20.4282997, 1245.5 ], [ 47.1814781, -20.4284279, 1246.0 ], [ 47.1810007, -20.4292398, 1246.8 ], [ 47.1809578, -20.429363, 1247.0 ], [ 47.1809524, -20.4294811, 1247.8 ], [ 47.1809873, -20.4296068, 1248.5 ], [ 47.1810544, -20.4297048, 1248.8 ], [ 47.1811563, -20.4297852, 1248.9 ], [ 47.1812528, -20.4298229, 1249.0 ], [ 47.1813735, -20.4298405, 1249.2 ], [ 47.1820629, -20.4297877, 1253.0 ], [ 47.1821433, -20.4298053, 1253.8 ], [ 47.1822345, -20.4298556, 1254.5 ], [ 47.1823016, -20.4299235, 1254.8 ], [ 47.1823499, -20.4300014, 1255.0 ], [ 47.1823847, -20.430107, 1254.8 ], [ 47.1823901, -20.43021, 1254.5 ], [ 47.1823606, -20.4303281, 1254.0 ], [ 47.1822909, -20.4305217, 1253.0 ], [ 47.1822748, -20.4306147, 1252.8 ], [ 47.1822774, -20.4307278, 1252.7 ], [ 47.1822989, -20.4308283, 1252.7 ], [ 47.1823552, -20.4309917, 1252.6 ], [ 47.1824142, -20.4310746, 1252.5 ], [ 47.1824706, -20.4311274, 1252.5 ], [ 47.1825457, -20.4311928, 1252.2 ], [ 47.1835274, -20.4317432, 1253.8 ], [ 47.1836373, -20.4318463, 1255.0 ], [ 47.1837178, -20.431982, 1256.2 ], [ 47.1838894, -20.4326431, 1258.2 ], [ 47.1839565, -20.4328994, 1257.5 ], [ 47.1839994, -20.4330301, 1257.0 ], [ 47.1841013, -20.4332312, 1256.7 ], [ 47.1842059, -20.433387, 1256.5 ], [ 47.1843401, -20.4335278, 1256.2 ], [ 47.1844849, -20.4336409, 1255.5 ], [ 47.1846566, -20.4337113, 1255.0 ], [ 47.1848229, -20.4337364, 1255.2 ], [ 47.1851662, -20.433759, 1255.8 ], [ 47.1854103, -20.4338143, 1254.5 ], [ 47.1855846, -20.4338922, 1253.5 ], [ 47.1868265, -20.4344603, 1254.0 ], [ 47.187615, -20.4348147, 1256.5 ], [ 47.18824, -20.4351087, 1257.0 ], [ 47.1884358, -20.4351992, 1256.5 ], [ 47.188645, -20.4352545, 1256.0 ], [ 47.1889669, -20.4353274, 1255.4 ], [ 47.1891814, -20.435345, 1255.1 ], [ 47.1893692, -20.4353199, 1254.8 ], [ 47.1895435, -20.4352671, 1255.2 ], [ 47.1898144, -20.4351314, 1256.2 ], [ 47.190021, -20.435071, 1256.6 ], [ 47.190249, -20.4350534, 1257.0 ], [ 47.1908498, -20.4350534, 1259.0 ], [ 47.1910751, -20.4350911, 1259.8 ], [ 47.191987, -20.4353802, 1260.8 ], [ 47.1921828, -20.4354304, 1260.5 ], [ 47.1924376, -20.4354355, 1261.2 ], [ 47.1928373, -20.4353978, 1263.2 ], [ 47.1942374, -20.4353098, 1275.8 ], [ 47.1945003, -20.4353199, 1278.2 ], [ 47.1946585, -20.4353701, 1279.5 ], [ 47.1947417, -20.4354656, 1280.0 ], [ 47.1947899, -20.4355687, 1280.1 ], [ 47.1947899, -20.4357094, 1280.2 ], [ 47.1946022, -20.4362071, 1279.0 ], [ 47.1945781, -20.4363177, 1278.9 ], [ 47.1945888, -20.4364459, 1278.9 ], [ 47.1946156, -20.4365489, 1278.8 ], [ 47.1947095, -20.436652, 1278.8 ], [ 47.1948248, -20.4367349, 1278.5 ], [ 47.1949643, -20.4367751, 1278.8 ], [ 47.1950984, -20.4367977, 1279.0 ], [ 47.1953425, -20.4367751, 1280.0 ], [ 47.1964315, -20.4366645, 1285.0 ], [ 47.1966943, -20.4366469, 1286.2 ], [ 47.1969089, -20.4366595, 1287.0 ], [ 47.1973917, -20.4367525, 1289.5 ], [ 47.1978906, -20.4368229, 1290.1 ], [ 47.1981373, -20.4369309, 1290.5 ], [ 47.1983063, -20.4370466, 1290.8 ], [ 47.1998996, -20.4384691, 1301.2 ], [ 47.2023591, -20.4406231, 1306.0 ], [ 47.2030538, -20.441181, 1302.0 ], [ 47.204183, -20.4420908, 1295.6 ], [ 47.2043467, -20.442214, 1294.8 ], [ 47.2045156, -20.442312, 1295.2 ], [ 47.2046712, -20.4423522, 1295.0 ], [ 47.2048563, -20.4423598, 1294.5 ], [ 47.2054893, -20.4423497, 1292.0 ], [ 47.2061437, -20.442317, 1290.5 ], [ 47.2074741, -20.4421863, 1294.5 ], [ 47.2079542, -20.4422064, 1298.5 ], [ 47.2084531, -20.4421637, 1304.0 ], [ 47.2086033, -20.4421914, 1305.2 ], [ 47.2087374, -20.4422693, 1306.0 ], [ 47.2090808, -20.4424955, 1306.5 ], [ 47.2104943, -20.4430358, 1313.5 ], [ 47.2108349, -20.4432143, 1315.0 ], [ 47.210961, -20.4433525, 1315.8 ], [ 47.2114438, -20.443923, 1319.0 ], [ 47.2115967, -20.4440738, 1320.0 ], [ 47.2117388, -20.4441718, 1321.2 ], [ 47.2119024, -20.4442196, 1322.8 ], [ 47.2121009, -20.4442146, 1324.2 ], [ 47.2129136, -20.4440462, 1329.2 ], [ 47.2131336, -20.4441316, 1330.2 ], [ 47.2132033, -20.444207, 1330.8 ], [ 47.2136137, -20.4446493, 1335.5 ], [ 47.2138819, -20.4448529, 1337.0 ], [ 47.2142467, -20.445049, 1335.8 ], [ 47.2146463, -20.445431, 1335.0 ], [ 47.2148073, -20.4455793, 1335.4 ], [ 47.2149682, -20.4456622, 1335.8 ], [ 47.2151425, -20.445715, 1334.5 ], [ 47.2154751, -20.44572, 1331.0 ], [ 47.2158399, -20.4456974, 1327.8 ], [ 47.2161001, -20.4456949, 1324.8 ], [ 47.2163469, -20.4457049, 1322.2 ], [ 47.2164729, -20.4457401, 1321.8 ], [ 47.2165802, -20.4458205, 1321.2 ], [ 47.2167626, -20.4461975, 1325.2 ], [ 47.2168511, -20.446288, 1325.5 ], [ 47.2169718, -20.4463031, 1324.2 ], [ 47.2174171, -20.4463232, 1319.5 ], [ 47.2176504, -20.4463986, 1318.2 ], [ 47.2182485, -20.4468158, 1319.0 ], [ 47.218329, -20.446959, 1320.2 ], [ 47.2183585, -20.4471048, 1321.5 ], [ 47.2184631, -20.4473561, 1322.8 ], [ 47.2185785, -20.447527, 1323.0 ], [ 47.2187313, -20.4476677, 1323.2 ], [ 47.2188815, -20.4476703, 1323.5 ], [ 47.219021, -20.4476074, 1324.5 ], [ 47.2191122, -20.4473837, 1324.8 ], [ 47.2191632, -20.4467931, 1324.5 ], [ 47.2191712, -20.4461598, 1325.8 ], [ 47.2189915, -20.4458205, 1323.8 ], [ 47.2188655, -20.4456496, 1322.2 ], [ 47.2187689, -20.4454084, 1321.8 ], [ 47.2187689, -20.4446795, 1325.0 ], [ 47.2188494, -20.4445513, 1326.2 ], [ 47.2189459, -20.4444458, 1327.0 ], [ 47.2191256, -20.4443528, 1327.8 ], [ 47.2193107, -20.4442975, 1328.2 ], [ 47.2195494, -20.4442975, 1329.2 ], [ 47.2202817, -20.444687, 1336.2 ], [ 47.220566, -20.4446996, 1337.5 ], [ 47.2212955, -20.4444659, 1334.8 ], [ 47.221612, -20.4444986, 1333.2 ], [ 47.221832, -20.444682, 1334.5 ], [ 47.2220761, -20.4451721, 1337.5 ], [ 47.2221458, -20.4454084, 1338.0 ], [ 47.2220653, -20.4456647, 1339.0 ], [ 47.2215477, -20.4463835, 1343.8 ], [ 47.2214913, -20.4464916, 1344.0 ], [ 47.2214592, -20.4466097, 1344.2 ], [ 47.2214779, -20.4469666, 1342.8 ], [ 47.2215289, -20.4474717, 1341.8 ], [ 47.221773, -20.4483488, 1342.0 ], [ 47.2219178, -20.4487484, 1343.5 ], [ 47.2220734, -20.4489897, 1343.2 ], [ 47.2222236, -20.4490852, 1341.8 ], [ 47.2225079, -20.4491405, 1337.2 ], [ 47.2230121, -20.4492435, 1333.0 ], [ 47.224136, -20.4496708, 1324.5 ], [ 47.2246161, -20.4498517, 1320.2 ], [ 47.2248897, -20.4499346, 1318.5 ], [ 47.2251955, -20.4499774, 1317.8 ], [ 47.225453, -20.4500201, 1317.2 ], [ 47.2256836, -20.4501307, 1316.2 ], [ 47.2261155, -20.4504398, 1315.8 ], [ 47.2262496, -20.4506031, 1315.2 ], [ 47.226322, -20.4508042, 1313.8 ], [ 47.2263917, -20.4510304, 1311.2 ], [ 47.2265688, -20.4513118, 1308.2 ], [ 47.2267726, -20.451538, 1306.5 ], [ 47.2270328, -20.4518471, 1303.5 ], [ 47.2273251, -20.4522643, 1298.5 ], [ 47.2277784, -20.4527871, 1295.0 ], [ 47.2282854, -20.4534907, 1294.2 ], [ 47.2284436, -20.4536038, 1293.5 ], [ 47.2286153, -20.4537848, 1293.0 ], [ 47.2292295, -20.4545362, 1292.8 ], [ 47.2294924, -20.4547724, 1291.8 ], [ 47.2296345, -20.4549056, 1291.5 ], [ 47.2297686, -20.4549684, 1290.8 ], [ 47.2300395, -20.4550438, 1290.0 ], [ 47.2301871, -20.4551293, 1289.5 ], [ 47.2303078, -20.4552449, 1289.2 ], [ 47.2305036, -20.4554509, 1287.5 ], [ 47.2305894, -20.4555716, 1287.0 ], [ 47.2306725, -20.4557098, 1286.5 ], [ 47.2307879, -20.4557978, 1286.0 ], [ 47.2309864, -20.4558882, 1285.8 ], [ 47.2313565, -20.4559963, 1285.5 ], [ 47.2316006, -20.4560315, 1285.2 ], [ 47.2317347, -20.4560465, 1285.0 ], [ 47.23185, -20.4560616, 1284.8 ], [ 47.2320592, -20.4561245, 1283.5 ], [ 47.2322711, -20.4562426, 1281.2 ], [ 47.2323757, -20.4563557, 1280.0 ], [ 47.2324187, -20.4564587, 1279.2 ], [ 47.232416, -20.4565441, 1279.2 ], [ 47.2323704, -20.4566899, 1279.0 ], [ 47.2322711, -20.4570141, 1280.0 ], [ 47.232247, -20.4571221, 1280.5 ], [ 47.2322389, -20.4572503, 1281.0 ], [ 47.2322926, -20.4573609, 1281.2 ], [ 47.2323731, -20.4574513, 1281.3 ], [ 47.2324696, -20.457479, 1281.4 ], [ 47.2325662, -20.4574689, 1281.5 ], [ 47.2326842, -20.4574237, 1281.2 ], [ 47.2328129, -20.4573106, 1280.5 ], [ 47.2330114, -20.4571196, 1280.0 ], [ 47.2331938, -20.4570417, 1280.5 ], [ 47.2333977, -20.4569739, 1280.7 ], [ 47.2336042, -20.4568809, 1281.0 ], [ 47.2337303, -20.4567904, 1280.5 ], [ 47.2339019, -20.4566246, 1280.3 ], [ 47.2342184, -20.4562903, 1280.0 ], [ 47.2343096, -20.4561496, 1279.5 ], [ 47.2343874, -20.4560013, 1278.5 ], [ 47.2344437, -20.4557324, 1277.0 ], [ 47.2345027, -20.4555389, 1276.2 ], [ 47.2345966, -20.4553906, 1276.0 ], [ 47.2347361, -20.4552775, 1276.8 ], [ 47.2349238, -20.4551795, 1278.2 ], [ 47.2352323, -20.4550539, 1280.2 ], [ 47.2353879, -20.4549559, 1280.8 ], [ 47.2354496, -20.4548755, 1280.7 ], [ 47.2355488, -20.4547397, 1280.5 ], [ 47.2357875, -20.4543854, 1280.1 ], [ 47.2358975, -20.4542623, 1279.9 ], [ 47.2360584, -20.4541441, 1279.8 ], [ 47.2365305, -20.4539557, 1277.8 ], [ 47.2366834, -20.4539205, 1277.0 ], [ 47.236796, -20.453918, 1276.8 ], [ 47.2369328, -20.4539456, 1276.5 ], [ 47.2370669, -20.4540009, 1277.2 ], [ 47.2372332, -20.4541316, 1279.5 ], [ 47.2376597, -20.4544055, 1282.5 ], [ 47.2378045, -20.4544683, 1282.6 ], [ 47.2379708, -20.4545161, 1282.8 ], [ 47.2381505, -20.4544935, 1282.2 ], [ 47.238349, -20.4544507, 1281.8 ], [ 47.2387835, -20.4543175, 1279.8 ], [ 47.2392341, -20.4541994, 1279.0 ], [ 47.2393575, -20.4541994, 1278.8 ], [ 47.239489, -20.454212, 1278.5 ], [ 47.2396258, -20.4542773, 1279.2 ], [ 47.2397089, -20.4543552, 1280.0 ], [ 47.2397786, -20.4544708, 1280.5 ], [ 47.2398269, -20.4546392, 1280.8 ], [ 47.2402373, -20.4563431, 1275.2 ], [ 47.2402668, -20.456519, 1274.5 ], [ 47.240248, -20.456705, 1274.2 ], [ 47.2401917, -20.4568331, 1274.0 ], [ 47.2400495, -20.457004, 1274.5 ], [ 47.2398081, -20.457293, 1275.0 ], [ 47.2397169, -20.4574388, 1275.8 ], [ 47.2396874, -20.4575569, 1276.5 ], [ 47.2397116, -20.4576675, 1277.0 ], [ 47.2397813, -20.457763, 1277.2 ], [ 47.2398913, -20.4578409, 1277.0 ], [ 47.2406906, -20.4582907, 1275.8 ], [ 47.2414684, -20.4587104, 1274.5 ], [ 47.2423562, -20.4592331, 1268.0 ], [ 47.2425467, -20.4592783, 1266.5 ], [ 47.2427157, -20.459311, 1265.5 ], [ 47.243531, -20.4593035, 1265.0 ], [ 47.2438422, -20.4593562, 1264.5 ], [ 47.2445396, -20.459507, 1262.0 ], [ 47.2446629, -20.4595598, 1261.0 ], [ 47.2447568, -20.4596452, 1260.2 ], [ 47.2448346, -20.4598035, 1259.0 ], [ 47.2448587, -20.4598865, 1258.5 ], [ 47.2448587, -20.4600197, 1257.5 ], [ 47.2448105, -20.4602132, 1256.5 ], [ 47.2445691, -20.460854, 1256.0 ], [ 47.2444993, -20.4609947, 1255.8 ], [ 47.2443652, -20.4611606, 1256.0 ], [ 47.244164, -20.4613792, 1256.6 ], [ 47.2441077, -20.4614646, 1256.8 ], [ 47.2440487, -20.4616054, 1256.6 ], [ 47.2439924, -20.4617762, 1256.5 ], [ 47.243987, -20.4619421, 1256.2 ], [ 47.2440031, -20.4621105, 1256.1 ], [ 47.2440246, -20.4622939, 1256.0 ], [ 47.2444135, -20.4657492, 1259.5 ], [ 47.2445503, -20.4660256, 1261.0 ], [ 47.2456688, -20.467463, 1266.0 ], [ 47.246511, -20.4683827, 1266.2 ], [ 47.2466612, -20.4685461, 1265.0 ], [ 47.2467282, -20.4686591, 1264.0 ], [ 47.2467551, -20.4688576, 1263.8 ], [ 47.2467041, -20.4690587, 1264.0 ], [ 47.2465432, -20.4693954, 1264.5 ], [ 47.2462937, -20.4697246, 1266.8 ], [ 47.2462481, -20.4698301, 1267.0 ], [ 47.2461489, -20.4701467, 1266.2 ], [ 47.245945, -20.4704433, 1268.8 ], [ 47.2459102, -20.4705337, 1269.2 ], [ 47.2459236, -20.4706342, 1269.0 ], [ 47.2459772, -20.4707197, 1268.2 ], [ 47.2460899, -20.4707699, 1266.5 ], [ 47.2463527, -20.4708981, 1263.8 ], [ 47.24657, -20.4710212, 1261.5 ], [ 47.2466934, -20.4711519, 1260.8 ], [ 47.2469884, -20.4717952, 1261.2 ], [ 47.2471064, -20.472054, 1260.8 ], [ 47.2471923, -20.4721846, 1260.5 ], [ 47.2472835, -20.4722952, 1260.4 ], [ 47.2474337, -20.4723806, 1260.3 ], [ 47.2476134, -20.4724007, 1260.2 ], [ 47.2477877, -20.4723982, 1260.5 ], [ 47.2479889, -20.4723731, 1261.0 ], [ 47.2482276, -20.4723178, 1261.2 ], [ 47.2484341, -20.4722424, 1260.8 ], [ 47.2485951, -20.4722073, 1260.5 ], [ 47.2487372, -20.4722022, 1260.2 ], [ 47.2488526, -20.4722349, 1260.5 ], [ 47.2489867, -20.4723027, 1261.0 ], [ 47.2494641, -20.472647, 1261.8 ], [ 47.2495928, -20.4727375, 1262.0 ], [ 47.2497404, -20.4728179, 1262.8 ], [ 47.2498906, -20.4728556, 1263.5 ], [ 47.2500435, -20.472853, 1264.2 ], [ 47.2502151, -20.4728053, 1264.8 ], [ 47.2506174, -20.4726244, 1265.0 ], [ 47.2507784, -20.4725641, 1264.8 ], [ 47.2508883, -20.4725339, 1264.8 ], [ 47.2510278, -20.4725364, 1265.2 ], [ 47.2512209, -20.4725716, 1266.2 ], [ 47.2513551, -20.4726043, 1267.2 ], [ 47.2517172, -20.4726118, 1267.4 ], [ 47.252031, -20.4725942, 1267.5 ], [ 47.2522563, -20.4725691, 1268.2 ], [ 47.2523877, -20.4725741, 1268.8 ], [ 47.2525406, -20.4726219, 1269.8 ], [ 47.2526479, -20.4726822, 1271.1 ], [ 47.2529456, -20.4728757, 1275.0 ], [ 47.2529966, -20.4729912, 1275.5 ], [ 47.2533104, -20.4733682, 1277.0 ], [ 47.2535464, -20.4736622, 1277.2 ], [ 47.2536376, -20.4738079, 1277.0 ], [ 47.253702, -20.4739788, 1276.2 ], [ 47.2537208, -20.474117, 1275.8 ], [ 47.2537234, -20.4742979, 1275.0 ], [ 47.2537073, -20.4745291, 1273.0 ], [ 47.2536725, -20.4746798, 1272.0 ], [ 47.253533, -20.4748633, 1271.6 ], [ 47.2533453, -20.4750216, 1271.2 ], [ 47.2530475, -20.4752502, 1271.5 ], [ 47.2529215, -20.4753608, 1272.0 ], [ 47.2528169, -20.475504, 1272.2 ], [ 47.2527605, -20.4756372, 1272.5 ], [ 47.2527659, -20.475788, 1273.5 ], [ 47.2527981, -20.4759488, 1274.8 ], [ 47.2528732, -20.4761397, 1275.8 ], [ 47.2529188, -20.4763081, 1276.5 ], [ 47.2528973, -20.47669, 1276.2 ], [ 47.2528759, -20.476989, 1275.8 ], [ 47.2528839, -20.4771901, 1275.5 ], [ 47.2529429, -20.4774137, 1275.2 ], [ 47.253018, -20.477665, 1277.0 ], [ 47.2530583, -20.477876, 1277.5 ], [ 47.2530314, -20.4781952, 1278.2 ], [ 47.2529483, -20.4785067, 1277.0 ], [ 47.2529671, -20.478655, 1277.2 ], [ 47.2530609, -20.4789766, 1277.8 ], [ 47.2532782, -20.4794892, 1279.0 ], [ 47.2534928, -20.4799138, 1279.8 ], [ 47.2536215, -20.4801752, 1280.5 ], [ 47.2536644, -20.4803963, 1281.5 ], [ 47.2536671, -20.4807229, 1281.2 ], [ 47.2536725, -20.4809516, 1280.5 ], [ 47.2537476, -20.4812556, 1281.2 ], [ 47.2539568, -20.4818385, 1281.0 ], [ 47.2540802, -20.4822004, 1278.2 ], [ 47.2541472, -20.4822883, 1277.2 ], [ 47.2542357, -20.4823436, 1276.8 ], [ 47.2543806, -20.4823612, 1277.0 ], [ 47.2547159, -20.4823411, 1278.5 ], [ 47.2553998, -20.4822858, 1280.0 ], [ 47.255609, -20.4822682, 1281.0 ], [ 47.2557861, -20.4822858, 1282.0 ], [ 47.2559041, -20.4823612, 1281.5 ], [ 47.2560033, -20.4824692, 1280.8 ], [ 47.2560757, -20.4825848, 1280.2 ], [ 47.2564137, -20.4835748, 1277.8 ], [ 47.2564486, -20.4836803, 1277.5 ], [ 47.2565049, -20.4838863, 1277.0 ], [ 47.256529, -20.4840924, 1276.2 ], [ 47.2565451, -20.484228, 1276.1 ], [ 47.2565478, -20.4843713, 1276.0 ], [ 47.2565773, -20.4848461, 1275.8 ], [ 47.2565693, -20.4850848, 1276.2 ], [ 47.2565666, -20.4852984, 1277.0 ], [ 47.2565317, -20.4853989, 1277.5 ], [ 47.2564137, -20.4856075, 1279.2 ], [ 47.2562152, -20.4859441, 1280.8 ], [ 47.2559497, -20.4864039, 1281.2 ], [ 47.255896, -20.4865472, 1281.0 ], [ 47.2558799, -20.4866828, 1281.2 ], [ 47.2559094, -20.4868838, 1282.2 ], [ 47.2559577, -20.4872733, 1285.2 ], [ 47.2559953, -20.4875271, 1287.0 ], [ 47.2559872, -20.4876376, 1287.1 ], [ 47.255947, -20.4877658, 1287.2 ], [ 47.2558585, -20.4879919, 1287.1 ], [ 47.2557351, -20.4882256, 1287.0 ], [ 47.2555849, -20.4884366, 1286.2 ], [ 47.2553945, -20.48861, 1285.5 ], [ 47.255204, -20.4887431, 1285.2 ], [ 47.2549975, -20.4888386, 1284.5 ], [ 47.2538522, -20.4894165, 1280.2 ], [ 47.2536698, -20.4894793, 1279.5 ], [ 47.2534284, -20.4895245, 1278.2 ], [ 47.2532085, -20.4895421, 1277.2 ], [ 47.2530985, -20.4895773, 1277.1 ], [ 47.2530153, -20.4896627, 1277.0 ], [ 47.2529885, -20.4897481, 1277.2 ], [ 47.2529912, -20.4898562, 1277.5 ], [ 47.2530395, -20.4899718, 1277.8 ], [ 47.2532728, -20.4903562, 1278.2 ], [ 47.2533479, -20.4905195, 1278.5 ], [ 47.2533801, -20.4906527, 1278.2 ], [ 47.2533882, -20.4908059, 1277.8 ], [ 47.2532675, -20.4919416, 1278.8 ], [ 47.253238, -20.4921149, 1280.8 ], [ 47.2531521, -20.4922958, 1282.2 ], [ 47.2530663, -20.4924139, 1282.8 ], [ 47.2529161, -20.4925219, 1282.5 ], [ 47.2525862, -20.4926802, 1281.5 ], [ 47.2519156, -20.4930295, 1282.8 ], [ 47.2516984, -20.4931325, 1283.2 ], [ 47.2515669, -20.493248, 1284.2 ], [ 47.2514918, -20.4933511, 1285.2 ], [ 47.2514194, -20.4935068, 1286.8 ], [ 47.2513685, -20.4936199, 1287.2 ], [ 47.25128, -20.4937028, 1286.8 ], [ 47.2511324, -20.4937606, 1285.2 ], [ 47.250942, -20.4937907, 1283.2 ], [ 47.250824, -20.4938385, 1282.5 ], [ 47.2507006, -20.4939239, 1282.0 ], [ 47.2505879, -20.4940897, 1281.5 ], [ 47.2501642, -20.4950595, 1280.2 ], [ 47.2499496, -20.4957504, 1277.0 ], [ 47.2494131, -20.497695, 1274.8 ], [ 47.2490993, -20.4988306, 1275.0 ], [ 47.2488981, -20.4994964, 1276.2 ], [ 47.248925, -20.4997778, 1277.2 ], [ 47.2490108, -20.4999562, 1278.2 ], [ 47.2497994, -20.501245, 1280.2 ], [ 47.2499791, -20.501353, 1281.5 ], [ 47.2503868, -20.5014711, 1285.5 ], [ 47.2505826, -20.5016972, 1286.5 ], [ 47.2510868, -20.502986, 1280.5 ], [ 47.2511753, -20.5035186, 1278.5 ], [ 47.2512209, -20.5057973, 1289.2 ], [ 47.2510976, -20.5060158, 1289.5 ], [ 47.2502634, -20.5066841, 1287.5 ], [ 47.2500274, -20.5069077, 1286.8 ], [ 47.249161, -20.5077242, 1286.2 ], [ 47.2490269, -20.5078774, 1285.2 ], [ 47.2489545, -20.508209, 1285.8 ], [ 47.2489652, -20.5088295, 1284.5 ], [ 47.2490081, -20.5089878, 1284.2 ], [ 47.2490832, -20.5090983, 1284.0 ], [ 47.2492146, -20.5092616, 1284.2 ], [ 47.249617, -20.5096159, 1282.5 ], [ 47.2501668, -20.5101007, 1278.8 ], [ 47.2502902, -20.5102037, 1278.0 ], [ 47.2505611, -20.5104499, 1276.5 ], [ 47.2507033, -20.510578, 1276.0 ], [ 47.2508428, -20.5107288, 1275.5 ], [ 47.25095, -20.510892, 1275.9 ], [ 47.2510788, -20.5111433, 1276.4 ], [ 47.2512719, -20.5115678, 1277.2 ], [ 47.2513148, -20.5116407, 1277.5 ], [ 47.251339, -20.5117889, 1278.2 ], [ 47.2513336, -20.5119748, 1279.5 ], [ 47.2512826, -20.5121029, 1280.2 ], [ 47.2511807, -20.5123365, 1281.5 ], [ 47.2504377, -20.5136152, 1287.5 ], [ 47.2503117, -20.5137534, 1288.8 ], [ 47.250132, -20.5138514, 1288.5 ], [ 47.2499174, -20.513884, 1288.2 ], [ 47.249499, -20.5139167, 1287.2 ], [ 47.2491235, -20.5139619, 1286.5 ], [ 47.248874, -20.5140071, 1286.2 ], [ 47.2485897, -20.5141402, 1285.8 ], [ 47.2483832, -20.5143035, 1286.0 ], [ 47.2482383, -20.5144593, 1286.2 ], [ 47.2480989, -20.5146402, 1286.5 ], [ 47.2477233, -20.5151325, 1287.0 ], [ 47.2476456, -20.5152431, 1287.2 ], [ 47.2476026, -20.5153636, 1288.2 ], [ 47.2475249, -20.5158334, 1291.2 ], [ 47.247439, -20.5161424, 1292.2 ], [ 47.2473451, -20.5164514, 1292.8 ], [ 47.2471923, -20.5170015, 1291.5 ], [ 47.2471681, -20.5171648, 1291.2 ], [ 47.2471735, -20.5172829, 1291.5 ], [ 47.247211, -20.5173859, 1291.8 ], [ 47.2473291, -20.5175416, 1293.0 ], [ 47.2474498, -20.5176798, 1294.8 ], [ 47.2475114, -20.5178607, 1294.5 ], [ 47.2476456, -20.5183128, 1294.0 ], [ 47.2477314, -20.5184686, 1293.5 ], [ 47.2478145, -20.5185741, 1293.2 ], [ 47.2479862, -20.5187323, 1293.5 ], [ 47.2483322, -20.5189082, 1294.0 ], [ 47.2484931, -20.5190338, 1293.5 ], [ 47.2488016, -20.5193754, 1291.2 ], [ 47.2489357, -20.5194734, 1290.8 ], [ 47.2491664, -20.5195613, 1291.2 ], [ 47.2495043, -20.5196367, 1292.5 ], [ 47.249676, -20.5197145, 1293.0 ], [ 47.2497457, -20.5197949, 1292.8 ], [ 47.2498101, -20.5199431, 1292.2 ], [ 47.2500408, -20.5204933, 1290.8 ], [ 47.2500408, -20.5206616, 1289.5 ], [ 47.2500139, -20.5207947, 1288.5 ], [ 47.2499952, -20.5209932, 1287.8 ], [ 47.2500166, -20.5211966, 1287.2 ], [ 47.2502205, -20.5221738, 1285.5 ], [ 47.2501695, -20.5223597, 1284.5 ], [ 47.2499549, -20.5228746, 1281.8 ], [ 47.2498906, -20.5230254, 1281.0 ], [ 47.2494239, -20.5241758, 1281.8 ], [ 47.2493595, -20.524422, 1282.2 ], [ 47.249279, -20.5247712, 1282.8 ], [ 47.2492656, -20.5249169, 1283.5 ], [ 47.2492576, -20.5249872, 1283.9 ], [ 47.2492442, -20.525153, 1285.0 ], [ 47.2492468, -20.5251957, 1285.2 ], [ 47.2492602, -20.5252937, 1285.8 ], [ 47.2493675, -20.5257157, 1288.0 ], [ 47.249397, -20.525904, 1289.2 ], [ 47.2494507, -20.5260749, 1290.0 ], [ 47.2498932, -20.5266878, 1286.8 ], [ 47.2499764, -20.5268284, 1285.8 ], [ 47.2500032, -20.5269892, 1286.0 ], [ 47.2499362, -20.5271726, 1286.8 ], [ 47.249499, -20.5276649, 1291.5 ], [ 47.2491744, -20.5280492, 1295.0 ], [ 47.2489947, -20.5282803, 1296.0 ], [ 47.2488365, -20.528421, 1297.5 ], [ 47.2483456, -20.5287551, 1301.5 ], [ 47.2482759, -20.5288028, 1302.0 ], [ 47.2481874, -20.5288279, 1302.8 ], [ 47.2481123, -20.5288179, 1303.2 ], [ 47.247836, -20.5286847, 1305.5 ], [ 47.247785, -20.5286897, 1305.8 ], [ 47.2477368, -20.5287149, 1306.0 ], [ 47.2474176, -20.5295388, 1309.0 ], [ 47.2471493, -20.5303099, 1312.8 ], [ 47.2468704, -20.5308424, 1315.0 ], [ 47.2465995, -20.531719, 1320.0 ], [ 47.2465807, -20.5318999, 1321.2 ], [ 47.2466639, -20.5324927, 1324.5 ], [ 47.2467846, -20.5328242, 1325.0 ], [ 47.2467953, -20.5329373, 1325.2 ], [ 47.2467121, -20.5334974, 1326.0 ], [ 47.2466692, -20.5336582, 1325.9 ], [ 47.2466183, -20.533844, 1325.8 ], [ 47.2465834, -20.5339445, 1325.5 ], [ 47.2464332, -20.5342434, 1325.4 ], [ 47.2464198, -20.5342836, 1325.4 ], [ 47.2460282, -20.5348337, 1325.3 ], [ 47.245937, -20.5349718, 1325.3 ], [ 47.2458485, -20.53512, 1325.3 ], [ 47.2457895, -20.535228, 1325.2 ], [ 47.2456339, -20.5355018, 1324.2 ], [ 47.2454542, -20.5357656, 1323.8 ], [ 47.2453496, -20.5359163, 1323.5 ], [ 47.2452638, -20.5360117, 1323.2 ], [ 47.2451323, -20.5361072, 1323.1 ], [ 47.2449902, -20.5361875, 1323.0 ], [ 47.2448051, -20.5362905, 1322.5 ], [ 47.2445637, -20.5365568, 1322.6 ], [ 47.2443786, -20.536813, 1322.8 ], [ 47.2442767, -20.5369637, 1323.0 ], [ 47.2442392, -20.5370541, 1323.2 ], [ 47.2442204, -20.537152, 1323.5 ], [ 47.2442123, -20.5373505, 1324.0 ], [ 47.2441936, -20.5375137, 1324.0 ], [ 47.2442016, -20.5375966, 1323.8 ], [ 47.2442257, -20.5377147, 1323.5 ], [ 47.2443303, -20.5382346, 1324.0 ], [ 47.2443652, -20.5384707, 1324.5 ], [ 47.2443974, -20.538649, 1325.8 ], [ 47.2443947, -20.5386867, 1326.0 ], [ 47.2443867, -20.5388726, 1327.0 ], [ 47.244333, -20.5390986, 1327.2 ], [ 47.2442392, -20.5393146, 1327.5 ], [ 47.2442043, -20.5394226, 1327.8 ], [ 47.2440648, -20.539709, 1327.0 ], [ 47.2438341, -20.5400405, 1325.2 ], [ 47.2436625, -20.5402741, 1325.0 ], [ 47.2433943, -20.540681, 1325.5 ], [ 47.2428498, -20.5413918, 1326.5 ], [ 47.2427371, -20.5415249, 1326.2 ], [ 47.2421926, -20.5417635, 1327.8 ], [ 47.2420317, -20.5418891, 1327.5 ], [ 47.2418332, -20.5421654, 1327.0 ], [ 47.241632, -20.5424291, 1328.0 ], [ 47.2415838, -20.5426954, 1328.8 ], [ 47.2416642, -20.5431173, 1330.0 ], [ 47.2417581, -20.5432881, 1330.2 ], [ 47.2419432, -20.5434187, 1329.0 ], [ 47.243, -20.5440416, 1319.2 ], [ 47.2431207, -20.544127, 1318.2 ], [ 47.2431797, -20.5441998, 1317.8 ], [ 47.2432119, -20.5442802, 1317.2 ], [ 47.2432306, -20.5443631, 1316.8 ], [ 47.2432253, -20.5444434, 1316.2 ], [ 47.2432038, -20.5445263, 1316.0 ], [ 47.2431582, -20.5446193, 1315.8 ], [ 47.2430778, -20.5447122, 1316.0 ], [ 47.2430187, -20.5447674, 1316.2 ], [ 47.242485, -20.545094, 1320.2 ], [ 47.2423509, -20.5452271, 1321.2 ], [ 47.2421229, -20.5455385, 1322.0 ], [ 47.2419915, -20.5457696, 1322.8 ], [ 47.2419646, -20.5459077, 1322.2 ], [ 47.2419646, -20.5460182, 1321.5 ], [ 47.2420371, -20.5461237, 1319.8 ], [ 47.2422543, -20.5462995, 1314.2 ], [ 47.2423241, -20.5463925, 1312.0 ], [ 47.2423643, -20.5465281, 1310.0 ], [ 47.2423401, -20.5466712, 1309.2 ], [ 47.2420102, -20.5473745, 1308.0 ], [ 47.2419244, -20.5475277, 1307.8 ], [ 47.2415999, -20.5478919, 1308.2 ], [ 47.2414926, -20.5479722, 1308.5 ], [ 47.2411653, -20.548138, 1310.8 ], [ 47.2410768, -20.5482083, 1311.0 ], [ 47.2410071, -20.5483038, 1311.2 ], [ 47.2409722, -20.5484469, 1310.5 ], [ 47.2410125, -20.5485725, 1309.0 ], [ 47.2412163, -20.5489995, 1303.0 ], [ 47.2412404, -20.549125, 1302.0 ], [ 47.241219, -20.5492808, 1301.8 ], [ 47.2411036, -20.549547, 1301.5 ], [ 47.2409964, -20.5497504, 1300.8 ], [ 47.2404331, -20.5503858, 1303.0 ], [ 47.2403526, -20.5505315, 1303.5 ], [ 47.2403419, -20.5506546, 1303.2 ], [ 47.2403795, -20.5508329, 1301.8 ], [ 47.2404653, -20.5511418, 1299.5 ], [ 47.2404894, -20.5512824, 1298.8 ], [ 47.2404975, -20.5514156, 1299.0 ], [ 47.2404653, -20.5530731, 1297.2 ], [ 47.2404385, -20.5532213, 1297.0 ], [ 47.2403821, -20.5533343, 1296.8 ], [ 47.2398618, -20.5538241, 1301.2 ], [ 47.2397009, -20.5539974, 1302.5 ], [ 47.2395828, -20.5541882, 1303.0 ], [ 47.2379386, -20.5575159, 1299.8 ], [ 47.237885, -20.5576214, 1300.2 ], [ 47.2377992, -20.5579554, 1300.5 ], [ 47.2377294, -20.5582467, 1301.0 ], [ 47.2376865, -20.5583999, 1300.8 ], [ 47.2376168, -20.5585656, 1300.5 ], [ 47.2374934, -20.5587364, 1300.3 ], [ 47.237362, -20.5588796, 1300.1 ], [ 47.2372305, -20.5589825, 1300.0 ], [ 47.2370374, -20.5590679, 1300.8 ], [ 47.2367933, -20.5591483, 1301.5 ], [ 47.2366539, -20.5592286, 1301.2 ], [ 47.2365466, -20.5593316, 1300.5 ], [ 47.2345376, -20.5628525, 1306.2 ], [ 47.2343686, -20.5630434, 1306.5 ], [ 47.2338858, -20.5634276, 1307.5 ], [ 47.23299, -20.5641182, 1308.8 ], [ 47.23288, -20.5642463, 1309.5 ], [ 47.2328076, -20.5643593, 1309.8 ], [ 47.2327352, -20.5645828, 1308.5 ], [ 47.2326118, -20.5650348, 1306.8 ], [ 47.2324964, -20.5654844, 1305.5 ], [ 47.2323784, -20.565856, 1306.2 ], [ 47.2322363, -20.5661699, 1306.8 ], [ 47.2320753, -20.5664738, 1307.2 ], [ 47.2318473, -20.5669309, 1308.0 ], [ 47.2316998, -20.5673954, 1307.0 ], [ 47.2316676, -20.5675411, 1307.0 ], [ 47.231681, -20.5676817, 1307.1 ], [ 47.2317535, -20.5679303, 1307.1 ], [ 47.2318822, -20.5681287, 1307.2 ], [ 47.2320512, -20.5683823, 1307.2 ], [ 47.2321451, -20.5685355, 1307.0 ], [ 47.232196, -20.5686862, 1306.8 ], [ 47.232196, -20.5688545, 1307.0 ], [ 47.2321424, -20.5690177, 1308.0 ], [ 47.2319573, -20.5693165, 1309.5 ], [ 47.2316784, -20.5696279, 1310.5 ], [ 47.231335, -20.5699443, 1310.8 ], [ 47.2307771, -20.5703737, 1311.8 ], [ 47.2301978, -20.570768, 1311.5 ], [ 47.2297847, -20.5710593, 1309.8 ], [ 47.2293717, -20.5714033, 1309.2 ], [ 47.2291517, -20.5715967, 1310.5 ], [ 47.2290364, -20.5717373, 1310.8 ], [ 47.2289774, -20.5718679, 1311.0 ], [ 47.228795, -20.5724404, 1312.3 ], [ 47.2287387, -20.5725786, 1312.7 ], [ 47.2286636, -20.5727041, 1313.0 ], [ 47.2283283, -20.5729879, 1314.2 ], [ 47.2277194, -20.5733922, 1312.2 ], [ 47.2271776, -20.5736257, 1311.5 ], [ 47.2266948, -20.5738417, 1312.5 ], [ 47.2264883, -20.5739547, 1313.0 ], [ 47.226373, -20.5740375, 1313.2 ], [ 47.2262657, -20.5741606, 1313.0 ], [ 47.2259814, -20.5746929, 1314.0 ], [ 47.2257131, -20.5752203, 1313.4 ], [ 47.2255093, -20.5756271, 1312.5 ], [ 47.2254181, -20.5758179, 1312.0 ], [ 47.2251391, -20.5763804, 1312.8 ], [ 47.2249889, -20.5766365, 1313.5 ], [ 47.2248334, -20.5768525, 1314.0 ], [ 47.2246644, -20.5770584, 1315.5 ], [ 47.2243667, -20.5772769, 1317.0 ], [ 47.2240958, -20.5774426, 1318.8 ], [ 47.2237471, -20.5775631, 1320.2 ], [ 47.2235084, -20.5776284, 1321.8 ], [ 47.2233286, -20.5775983, 1322.2 ], [ 47.2231489, -20.5775757, 1323.2 ], [ 47.2229478, -20.577533, 1324.0 ], [ 47.2227788, -20.5775054, 1324.2 ], [ 47.2226179, -20.5775229, 1324.5 ], [ 47.2224864, -20.5775531, 1324.8 ], [ 47.2222102, -20.5776209, 1325.2 ], [ 47.2218105, -20.5777289, 1325.0 ], [ 47.2213787, -20.5778368, 1324.2 ], [ 47.2210997, -20.5778971, 1324.5 ], [ 47.2209495, -20.5779825, 1324.2 ], [ 47.2207779, -20.578113, 1324.4 ], [ 47.2206384, -20.5782838, 1324.6 ], [ 47.2204158, -20.5787132, 1325.7 ], [ 47.2203675, -20.5788538, 1326.0 ], [ 47.2203353, -20.5789543, 1326.1 ], [ 47.220279, -20.5791476, 1326.2 ], [ 47.2201556, -20.5794414, 1327.2 ], [ 47.2199866, -20.5797829, 1328.2 ], [ 47.2196379, -20.5804132, 1330.2 ], [ 47.2193563, -20.5809555, 1331.8 ], [ 47.2191149, -20.5814477, 1330.5 ], [ 47.2189835, -20.5816285, 1331.0 ], [ 47.2187474, -20.5818193, 1331.8 ], [ 47.218608, -20.5819399, 1332.0 ], [ 47.2185355, -20.5820328, 1331.8 ], [ 47.2184899, -20.5821533, 1331.2 ], [ 47.2184873, -20.5822889, 1330.5 ], [ 47.2189003, -20.5875142, 1340.5 ], [ 47.2189298, -20.5876749, 1340.8 ], [ 47.219021, -20.5878381, 1342.0 ], [ 47.2192383, -20.5880691, 1344.5 ], [ 47.2194153, -20.5882725, 1348.2 ], [ 47.2195199, -20.5884382, 1350.2 ], [ 47.219595, -20.5886416, 1353.0 ], [ 47.2196808, -20.5891639, 1358.5 ], [ 47.2196916, -20.5893622, 1360.2 ], [ 47.2196835, -20.589553, 1362.2 ], [ 47.2196755, -20.589774, 1364.0 ], [ 47.2196969, -20.589995, 1366.0 ], [ 47.219764, -20.5902285, 1369.5 ], [ 47.219764, -20.5903515, 1371.2 ], [ 47.219705, -20.5905147, 1372.2 ], [ 47.2196084, -20.5906553, 1372.0 ], [ 47.2193643, -20.5909215, 1371.8 ], [ 47.2189808, -20.5912529, 1372.8 ], [ 47.2185758, -20.5915893, 1377.8 ], [ 47.2180608, -20.5920087, 1386.0 ], [ 47.2179481, -20.5920865, 1388.0 ], [ 47.2178194, -20.5921417, 1389.8 ], [ 47.2176772, -20.5921442, 1390.8 ], [ 47.2175699, -20.5920965, 1390.6 ], [ 47.2175136, -20.5920488, 1390.5 ], [ 47.2174653, -20.591971, 1389.5 ], [ 47.2174492, -20.5918806, 1388.0 ], [ 47.2174546, -20.5917802, 1386.2 ], [ 47.2175941, -20.5912454, 1376.8 ], [ 47.2176316, -20.5910621, 1373.8 ], [ 47.2176316, -20.5909164, 1372.5 ], [ 47.2176075, -20.5907783, 1372.0 ], [ 47.2175485, -20.5906704, 1372.2 ], [ 47.2174466, -20.590575, 1372.5 ], [ 47.2173393, -20.5905524, 1373.8 ], [ 47.2172213, -20.5905599, 1375.8 ], [ 47.2170362, -20.5906252, 1379.0 ], [ 47.2169289, -20.5906453, 1380.5 ], [ 47.2168189, -20.5906478, 1381.8 ], [ 47.2166741, -20.5906151, 1382.5 ], [ 47.2165051, -20.5905674, 1382.6 ], [ 47.2163764, -20.5905549, 1382.8 ], [ 47.2162557, -20.5905674, 1383.8 ], [ 47.2161189, -20.5906227, 1386.0 ], [ 47.2158909, -20.5907633, 1392.0 ], [ 47.2157165, -20.5908788, 1395.8 ], [ 47.2155824, -20.5909164, 1396.8 ], [ 47.2154993, -20.5908989, 1396.2 ], [ 47.2153974, -20.5908361, 1395.0 ], [ 47.2152311, -20.590698, 1392.5 ], [ 47.2151265, -20.5906227, 1391.2 ], [ 47.2150353, -20.59058, 1391.0 ], [ 47.2149387, -20.590575, 1391.8 ], [ 47.2148475, -20.5905951, 1393.0 ], [ 47.2147617, -20.5906453, 1394.5 ], [ 47.2146732, -20.5907256, 1396.8 ], [ 47.2143111, -20.5910972, 1404.8 ], [ 47.21378, -20.5916848, 1412.2 ], [ 47.213552, -20.5919409, 1411.5 ], [ 47.2134018, -20.592084, 1409.8 ], [ 47.2132918, -20.5921844, 1408.5 ], [ 47.2132462, -20.5922949, 1408.2 ], [ 47.2132382, -20.5924481, 1408.5 ], [ 47.2132677, -20.5925811, 1409.0 ], [ 47.2133347, -20.5926891, 1410.0 ], [ 47.2135279, -20.5929176, 1413.5 ], [ 47.2137424, -20.5931913, 1418.5 ], [ 47.2139195, -20.5934047, 1422.5 ], [ 47.2139731, -20.5935302, 1424.5 ], [ 47.2139704, -20.5936909, 1425.8 ], [ 47.2139248, -20.5938215, 1426.8 ], [ 47.2138497, -20.5939194, 1427.8 ], [ 47.2137398, -20.5939872, 1428.0 ], [ 47.2135788, -20.5940073, 1427.0 ], [ 47.2134179, -20.5939646, 1425.2 ], [ 47.2131765, -20.5938441, 1421.8 ], [ 47.2128493, -20.5936231, 1417.2 ], [ 47.2126374, -20.5935352, 1415.2 ], [ 47.2125247, -20.5934976, 1414.5 ], [ 47.2124147, -20.59348, 1414.0 ], [ 47.2123075, -20.5934951, 1414.1 ], [ 47.2122082, -20.5935252, 1414.2 ], [ 47.2121117, -20.593593, 1414.2 ], [ 47.2120661, -20.5936658, 1414.8 ], [ 47.2120205, -20.5937989, 1416.0 ], [ 47.2120017, -20.5939219, 1417.2 ], [ 47.2120044, -20.5941052, 1419.5 ], [ 47.2120312, -20.5944015, 1423.0 ], [ 47.2120821, -20.5947003, 1426.0 ], [ 47.2121707, -20.594979, 1429.5 ], [ 47.2123316, -20.5953606, 1432.5 ], [ 47.2124147, -20.5955338, 1434.2 ], [ 47.2125167, -20.595692, 1436.2 ], [ 47.2126776, -20.5958803, 1439.0 ], [ 47.2129834, -20.5962645, 1445.8 ], [ 47.2131202, -20.5964628, 1449.5 ], [ 47.2132328, -20.596631, 1452.5 ], [ 47.2133347, -20.5967792, 1455.5 ], [ 47.2134045, -20.5969047, 1458.2 ], [ 47.2134286, -20.5970152, 1460.0 ], [ 47.2134233, -20.5971558, 1461.5 ], [ 47.2133803, -20.5972738, 1462.5 ], [ 47.2132784, -20.5973642, 1461.5 ], [ 47.2131631, -20.5974119, 1459.5 ], [ 47.2129941, -20.5974395, 1456.5 ], [ 47.2126588, -20.5974847, 1453.5 ], [ 47.2124496, -20.5975098, 1453.2 ], [ 47.2122914, -20.5974847, 1452.5 ], [ 47.2120285, -20.5973893, 1450.0 ], [ 47.2115484, -20.5971935, 1448.8 ], [ 47.2111756, -20.5970554, 1449.2 ], [ 47.2108671, -20.5969399, 1448.5 ], [ 47.2107598, -20.5969072, 1448.0 ], [ 47.2106391, -20.5968897, 1447.5 ], [ 47.2104701, -20.5968821, 1447.0 ], [ 47.2103441, -20.5969298, 1447.5 ], [ 47.2102207, -20.5970529, 1449.0 ], [ 47.2101375, -20.5972311, 1452.0 ], [ 47.2100517, -20.5974119, 1454.8 ], [ 47.2098827, -20.5978262, 1460.0 ], [ 47.2096977, -20.5983158, 1465.0 ], [ 47.2095689, -20.5986723, 1467.5 ], [ 47.2094911, -20.5989711, 1470.0 ], [ 47.2094375, -20.5992096, 1472.2 ], [ 47.2093973, -20.5993853, 1474.8 ], [ 47.2093409, -20.5994782, 1476.5 ], [ 47.2092175, -20.5995661, 1478.5 ], [ 47.2091103, -20.5995736, 1479.2 ], [ 47.2089735, -20.5995485, 1479.5 ], [ 47.2087616, -20.5994782, 1479.2 ], [ 47.2086409, -20.5994104, 1478.5 ], [ 47.2085443, -20.5993326, 1477.5 ], [ 47.2084665, -20.5992171, 1475.8 ], [ 47.2083727, -20.5991167, 1474.5 ], [ 47.2082841, -20.5990414, 1474.0 ], [ 47.2081742, -20.5989937, 1474.2 ], [ 47.2080615, -20.5989836, 1475.2 ], [ 47.2079542, -20.5990012, 1476.8 ], [ 47.2075304, -20.5991167, 1483.5 ], [ 47.2074071, -20.5991317, 1485.0 ], [ 47.2072729, -20.5991292, 1486.2 ], [ 47.2071201, -20.5990891, 1487.0 ], [ 47.2069457, -20.5990238, 1487.8 ], [ 47.2067794, -20.598946, 1488.2 ], [ 47.2066399, -20.5989133, 1488.8 ], [ 47.2065005, -20.5989259, 1489.2 ], [ 47.2063825, -20.5989711, 1489.5 ], [ 47.2062725, -20.599079, 1489.2 ], [ 47.2062027, -20.5992196, 1488.8 ], [ 47.2061223, -20.599428, 1487.8 ], [ 47.205964, -20.5999251, 1486.2 ], [ 47.205618, -20.6009445, 1484.2 ], [ 47.2055671, -20.6010851, 1484.0 ], [ 47.205433, -20.6012031, 1482.2 ], [ 47.2052506, -20.6012608, 1480.5 ], [ 47.2051325, -20.6012709, 1480.0 ], [ 47.2049662, -20.6012357, 1479.5 ], [ 47.2047946, -20.6011654, 1478.8 ], [ 47.2047088, -20.6010775, 1478.0 ], [ 47.2046337, -20.600947, 1477.5 ], [ 47.2044727, -20.6005729, 1476.8 ], [ 47.204285, -20.6000632, 1475.5 ], [ 47.2041965, -20.5998398, 1474.5 ], [ 47.204124, -20.5996741, 1474.0 ], [ 47.2040409, -20.599536, 1473.5 ], [ 47.2039551, -20.5994255, 1473.2 ], [ 47.2038451, -20.5993125, 1472.8 ], [ 47.2037351, -20.5992246, 1472.0 ], [ 47.2036359, -20.5991619, 1471.5 ], [ 47.2035474, -20.5991292, 1471.6 ], [ 47.2034267, -20.5991167, 1471.8 ], [ 47.2032738, -20.5991368, 1472.2 ], [ 47.2031263, -20.599187, 1472.1 ], [ 47.2029707, -20.5992648, 1472.0 ], [ 47.202799, -20.5993602, 1471.5 ], [ 47.2026783, -20.5994556, 1471.2 ], [ 47.2025388, -20.5996289, 1470.8 ], [ 47.2023618, -20.599895, 1470.5 ], [ 47.2020185, -20.6004323, 1469.0 ], [ 47.2019246, -20.6006357, 1468.5 ], [ 47.2018549, -20.600844, 1468.6 ], [ 47.20182, -20.6010198, 1468.8 ], [ 47.2017905, -20.6012633, 1468.5 ], [ 47.201753, -20.6015094, 1468.2 ], [ 47.2017181, -20.6016776, 1468.0 ], [ 47.2016081, -20.6018784, 1467.2 ], [ 47.2014365, -20.6022576, 1465.0 ], [ 47.2013506, -20.6024157, 1463.5 ], [ 47.2012112, -20.6026216, 1462.0 ], [ 47.2005299, -20.6034401, 1460.5 ], [ 47.1991915, -20.6050444, 1469.2 ], [ 47.1990386, -20.6052277, 1469.0 ], [ 47.1989098, -20.605416, 1468.8 ], [ 47.1988374, -20.605554, 1468.5 ], [ 47.1987623, -20.6057097, 1467.8 ], [ 47.198714, -20.6059005, 1467.0 ], [ 47.1983948, -20.6074922, 1462.2 ], [ 47.1982875, -20.6080621, 1459.2 ], [ 47.1981668, -20.6086596, 1457.5 ], [ 47.1980006, -20.6094957, 1458.8 ], [ 47.1974909, -20.61112, 1457.2 ], [ 47.1974131, -20.6113786, 1456.0 ], [ 47.1973622, -20.6115945, 1455.0 ], [ 47.1973407, -20.6118279, 1453.5 ], [ 47.1973166, -20.6122371, 1452.5 ], [ 47.1973166, -20.6132815, 1451.2 ], [ 47.1973515, -20.6151845, 1452.3 ], [ 47.1973649, -20.6155083, 1452.5 ], [ 47.1973836, -20.6156439, 1452.8 ], [ 47.1974212, -20.6157568, 1453.2 ], [ 47.1974722, -20.6158798, 1454.0 ], [ 47.1975446, -20.6160104, 1454.5 ], [ 47.1976545, -20.6161786, 1455.0 ], [ 47.1980917, -20.6167008, 1458.0 ], [ 47.1981856, -20.6168363, 1458.2 ], [ 47.1982849, -20.6170196, 1458.5 ], [ 47.1988857, -20.6181468, 1458.0 ], [ 47.1994355, -20.6190053, 1455.8 ], [ 47.1995053, -20.6191133, 1456.0 ], [ 47.1995831, -20.6192739, 1456.2 ], [ 47.1996528, -20.6194672, 1456.0 ], [ 47.1996957, -20.6197032, 1455.8 ], [ 47.1997306, -20.6199743, 1455.5 ], [ 47.19987, -20.6212596, 1454.5 ], [ 47.2001678, -20.6238352, 1449.5 ], [ 47.2001919, -20.6241064, 1449.0 ], [ 47.2003475, -20.6252034, 1451.0 ], [ 47.2003636, -20.6253188, 1451.5 ], [ 47.2004119, -20.6256276, 1453.2 ], [ 47.2005272, -20.626712, 1456.2 ], [ 47.2005326, -20.6268526, 1456.8 ], [ 47.2005379, -20.6269756, 1456.8 ], [ 47.2005326, -20.6271036, 1456.9 ], [ 47.2001302, -20.6280349, 1457.5 ], [ 47.2000873, -20.6281354, 1457.6 ], [ 47.1999532, -20.6283462, 1457.8 ], [ 47.1998325, -20.6285119, 1458.0 ], [ 47.1997038, -20.6286575, 1458.1 ], [ 47.1995911, -20.6287654, 1458.2 ], [ 47.1993497, -20.6289035, 1460.5 ], [ 47.199052, -20.6290692, 1463.2 ], [ 47.1988991, -20.6292373, 1463.8 ], [ 47.1987838, -20.6294055, 1464.0 ], [ 47.1986577, -20.6296139, 1465.0 ], [ 47.1985424, -20.6298624, 1464.7 ], [ 47.1985075, -20.6299829, 1464.5 ], [ 47.1984968, -20.6300858, 1463.8 ], [ 47.1984994, -20.6301686, 1463.0 ], [ 47.1985155, -20.6302439, 1462.2 ], [ 47.1985933, -20.6304297, 1460.5 ], [ 47.1986443, -20.6305477, 1460.0 ], [ 47.1986121, -20.6309167, 1461.2 ], [ 47.1985531, -20.6312706, 1462.2 ], [ 47.1983412, -20.6323927, 1469.5 ], [ 47.198258, -20.6326788, 1470.0 ], [ 47.19814, -20.6329575, 1470.5 ], [ 47.1981078, -20.6330428, 1470.8 ], [ 47.1980864, -20.6331457, 1471.2 ], [ 47.1980864, -20.633216, 1471.8 ], [ 47.1981347, -20.6332913, 1472.5 ], [ 47.1981829, -20.633339, 1473.0 ], [ 47.1983466, -20.633462, 1474.5 ], [ 47.1985316, -20.6335825, 1476.5 ], [ 47.1986014, -20.6336603, 1477.5 ], [ 47.1986979, -20.6338059, 1478.8 ], [ 47.1987972, -20.6339841, 1479.8 ], [ 47.1990332, -20.6343757, 1483.8 ], [ 47.1991137, -20.6344736, 1484.8 ], [ 47.199575, -20.6347622, 1485.0 ], [ 47.1996287, -20.634825, 1485.2 ], [ 47.199685, -20.6349154, 1485.8 ], [ 47.1997386, -20.6350886, 1487.0 ], [ 47.1997708, -20.6352818, 1488.8 ], [ 47.1997923, -20.6354902, 1490.8 ], [ 47.1997976, -20.6359295, 1493.2 ], [ 47.1998003, -20.636065, 1493.5 ], [ 47.1997681, -20.6361905, 1493.8 ], [ 47.1997279, -20.636311, 1494.2 ], [ 47.1996635, -20.6364114, 1495.5 ], [ 47.199465, -20.6366423, 1499.0 ], [ 47.1991968, -20.6368507, 1502.2 ], [ 47.1990573, -20.636936, 1503.8 ], [ 47.1988642, -20.6370088, 1505.8 ], [ 47.1981776, -20.6372071, 1511.8 ], [ 47.1977109, -20.6373703, 1515.0 ], [ 47.1974024, -20.6375158, 1517.0 ], [ 47.19733, -20.637566, 1517.2 ], [ 47.1973059, -20.6375962, 1517.2 ], [ 47.1972817, -20.6376388, 1517.2 ], [ 47.1972764, -20.6376765, 1517.2 ], [ 47.197279, -20.6377192, 1517.2 ], [ 47.1973005, -20.6377844, 1517.1 ], [ 47.1973434, -20.6378371, 1517.1 ], [ 47.1974131, -20.6378773, 1517.1 ], [ 47.197499, -20.6378924, 1517.0 ], [ 47.1975955, -20.6378748, 1517.0 ], [ 47.197786, -20.6378095, 1516.0 ], [ 47.1979791, -20.6377568, 1514.2 ], [ 47.1980461, -20.6377392, 1513.8 ], [ 47.1981025, -20.6377342, 1513.5 ], [ 47.1981722, -20.6377367, 1513.2 ], [ 47.1982446, -20.6377694, 1513.4 ], [ 47.1983224, -20.6378145, 1513.7 ], [ 47.1986899, -20.6380655, 1514.8 ], [ 47.1988159, -20.638166, 1515.2 ], [ 47.1989232, -20.6382739, 1515.8 ], [ 47.1990305, -20.638427, 1516.2 ], [ 47.1992263, -20.6387558, 1516.8 ], [ 47.199288, -20.6388738, 1516.5 ], [ 47.1993256, -20.6389943, 1516.2 ], [ 47.1993256, -20.6391323, 1516.7 ], [ 47.1993148, -20.639293, 1517.2 ], [ 47.1991298, -20.6396067, 1518.2 ], [ 47.1989366, -20.6399104, 1519.7 ], [ 47.1987247, -20.6401489, 1521.0 ], [ 47.198537, -20.6403472, 1522.8 ], [ 47.1983492, -20.6405028, 1524.5 ], [ 47.1970001, -20.6414566, 1538.8 ], [ 47.1968901, -20.641537, 1540.0 ], [ 47.1968177, -20.6416248, 1541.0 ], [ 47.1967426, -20.6417654, 1542.2 ], [ 47.1966165, -20.6420816, 1545.8 ], [ 47.1965548, -20.6421946, 1546.8 ], [ 47.1964663, -20.6423025, 1547.5 ], [ 47.1962222, -20.6425008, 1548.8 ], [ 47.1961337, -20.6425962, 1549.0 ], [ 47.1960586, -20.6427267, 1549.5 ], [ 47.1960291, -20.6428522, 1550.2 ], [ 47.196072, -20.6434872, 1554.2 ], [ 47.1961337, -20.6441398, 1558.2 ], [ 47.1961525, -20.6447949, 1562.8 ], [ 47.1961552, -20.6449531, 1564.2 ], [ 47.1961257, -20.645071, 1564.8 ], [ 47.1960452, -20.6452015, 1565.1 ], [ 47.1959057, -20.6453848, 1565.5 ], [ 47.1958199, -20.6455529, 1567.5 ], [ 47.1957019, -20.6458366, 1571.2 ], [ 47.1955571, -20.6461152, 1574.5 ], [ 47.1954417, -20.6462959, 1577.0 ], [ 47.1953559, -20.6463687, 1577.5 ], [ 47.1952459, -20.6464389, 1577.1 ], [ 47.1951172, -20.6464666, 1576.8 ], [ 47.1949133, -20.6464691, 1575.5 ], [ 47.1947712, -20.646464, 1575.2 ], [ 47.1946156, -20.6464691, 1575.4 ], [ 47.1945003, -20.6465193, 1575.5 ], [ 47.1944144, -20.6465895, 1576.2 ], [ 47.1943098, -20.6467175, 1576.8 ], [ 47.1942267, -20.6469008, 1577.2 ], [ 47.1941596, -20.6470288, 1577.8 ], [ 47.1941248, -20.6471442, 1578.2 ], [ 47.1941194, -20.6473475, 1579.0 ], [ 47.1940872, -20.6478571, 1581.0 ], [ 47.1940845, -20.6479951, 1582.0 ], [ 47.194114, -20.6481683, 1583.0 ], [ 47.1941864, -20.6482963, 1584.2 ], [ 47.1943474, -20.648472, 1585.8 ], [ 47.1945137, -20.6486602, 1588.2 ], [ 47.19468, -20.6489213, 1591.8 ], [ 47.1947363, -20.6490894, 1593.5 ], [ 47.1947899, -20.64924, 1594.5 ], [ 47.1948168, -20.6494257, 1595.2 ], [ 47.1948034, -20.6495839, 1596.2 ], [ 47.1946988, -20.6500532, 1596.4 ], [ 47.1946692, -20.6502615, 1596.5 ], [ 47.1946666, -20.6504347, 1597.0 ], [ 47.1946129, -20.6507409, 1596.5 ], [ 47.1944976, -20.6511626, 1596.2 ], [ 47.194224, -20.65177, 1596.5 ], [ 47.1940309, -20.6521565, 1597.0 ], [ 47.1938485, -20.6525254, 1597.8 ], [ 47.1936902, -20.6528316, 1598.5 ], [ 47.1928883, -20.6544103, 1601.5 ], [ 47.1927273, -20.6547014, 1600.5 ], [ 47.1926066, -20.6548796, 1599.5 ], [ 47.191641, -20.6559614, 1593.8 ], [ 47.191354, -20.6563127, 1592.0 ], [ 47.1912655, -20.6564809, 1591.2 ], [ 47.1912199, -20.6566516, 1591.0 ], [ 47.1912119, -20.6568348, 1590.8 ], [ 47.1912333, -20.6570079, 1590.9 ], [ 47.1913058, -20.6571912, 1591.0 ], [ 47.1914613, -20.6574647, 1591.5 ], [ 47.1915177, -20.6576178, 1592.2 ], [ 47.1915472, -20.6577935, 1593.5 ], [ 47.1915632, -20.6580194, 1595.0 ], [ 47.1915632, -20.6587899, 1598.8 ], [ 47.1915364, -20.6591036, 1600.0 ], [ 47.1914694, -20.6596055, 1601.2 ], [ 47.1913701, -20.6604362, 1604.5 ], [ 47.1912012, -20.6620901, 1609.0 ], [ 47.1911448, -20.6628355, 1611.0 ], [ 47.1909195, -20.6641957, 1618.5 ], [ 47.1907827, -20.6651017, 1622.5 ], [ 47.1906728, -20.6656689, 1625.8 ], [ 47.1906298, -20.6659726, 1626.5 ], [ 47.1905789, -20.6668936, 1627.7 ], [ 47.1905547, -20.6675712, 1628.5 ], [ 47.1905252, -20.6679752, 1630.2 ], [ 47.1904474, -20.6682739, 1630.5 ], [ 47.1901095, -20.6690945, 1633.2 ], [ 47.1898091, -20.6698348, 1636.2 ], [ 47.189675, -20.6701485, 1636.8 ], [ 47.1894926, -20.6707006, 1635.8 ], [ 47.189219, -20.6716291, 1632.0 ], [ 47.1891761, -20.67185, 1631.5 ], [ 47.1891385, -20.6721737, 1629.8 ], [ 47.1891224, -20.6724598, 1630.0 ], [ 47.1891654, -20.6732177, 1627.5 ], [ 47.1891922, -20.6733758, 1627.4 ], [ 47.1892405, -20.6735439, 1627.3 ], [ 47.1893933, -20.6739529, 1627.0 ], [ 47.1896401, -20.6744072, 1626.5 ], [ 47.1897554, -20.6746606, 1626.0 ], [ 47.190029, -20.6752855, 1625.0 ], [ 47.1901309, -20.6755389, 1624.8 ], [ 47.1901926, -20.675687, 1624.6 ], [ 47.1902087, -20.6757849, 1624.5 ], [ 47.1902195, -20.6758677, 1624.2 ], [ 47.1902061, -20.6759781, 1623.8 ], [ 47.1901175, -20.6762566, 1622.8 ], [ 47.1900102, -20.6764825, 1622.5 ], [ 47.1899325, -20.6765728, 1622.2 ], [ 47.1898171, -20.6766807, 1621.8 ], [ 47.1886128, -20.677539, 1618.5 ], [ 47.1884707, -20.6776142, 1618.2 ], [ 47.1883151, -20.6776444, 1617.8 ], [ 47.1881622, -20.6776393, 1617.2 ], [ 47.1879825, -20.6775942, 1616.0 ], [ 47.1873602, -20.6774361, 1613.2 ], [ 47.1871564, -20.6773558, 1612.2 ], [ 47.186982, -20.6773081, 1611.8 ], [ 47.1867326, -20.677278, 1611.2 ], [ 47.1864027, -20.6772529, 1610.0 ], [ 47.1859145, -20.6772228, 1607.5 ], [ 47.1854693, -20.6771625, 1605.5 ], [ 47.1850562, -20.6771349, 1603.2 ], [ 47.1847183, -20.6771073, 1601.2 ], [ 47.1846056, -20.6771274, 1600.2 ], [ 47.184509, -20.6771701, 1599.0 ], [ 47.1844286, -20.6772705, 1597.5 ], [ 47.1843508, -20.677411, 1595.8 ], [ 47.1843159, -20.6775365, 1594.8 ], [ 47.1842703, -20.677672, 1593.5 ], [ 47.1842757, -20.6777573, 1593.0 ], [ 47.1843052, -20.6778376, 1592.8 ], [ 47.1843669, -20.6779731, 1592.0 ], [ 47.1844742, -20.6781487, 1591.5 ], [ 47.1846056, -20.6783771, 1591.0 ], [ 47.1847397, -20.6786682, 1589.5 ], [ 47.1848282, -20.6788163, 1588.8 ], [ 47.1848845, -20.6788966, 1588.2 ], [ 47.1849677, -20.6789568, 1588.5 ], [ 47.1852708, -20.6791425, 1589.5 ], [ 47.1855068, -20.679273, 1592.0 ], [ 47.1855792, -20.6793357, 1592.2 ], [ 47.1856222, -20.6794085, 1592.0 ], [ 47.1856382, -20.6794812, 1591.2 ], [ 47.1856222, -20.6795917, 1589.2 ], [ 47.1855712, -20.6797748, 1585.8 ], [ 47.1855685, -20.6799028, 1583.8 ], [ 47.1855766, -20.6800233, 1582.2 ], [ 47.1857294, -20.6805477, 1577.5 ], [ 47.1857777, -20.6806632, 1576.8 ], [ 47.1858475, -20.6807786, 1576.5 ], [ 47.1859601, -20.680889, 1577.2 ], [ 47.1862552, -20.6811399, 1580.8 ], [ 47.1863249, -20.6812253, 1581.2 ], [ 47.1863624, -20.681283, 1581.0 ], [ 47.1863839, -20.6813558, 1580.8 ], [ 47.1863812, -20.6814285, 1579.5 ], [ 47.1863624, -20.6815138, 1577.8 ], [ 47.1863329, -20.6815967, 1576.0 ], [ 47.1863061, -20.6817347, 1574.2 ], [ 47.1862927, -20.6820333, 1571.5 ], [ 47.1863008, -20.6823746, 1568.0 ], [ 47.1863142, -20.6824799, 1567.2 ], [ 47.1863356, -20.6825878, 1566.5 ], [ 47.1863759, -20.6826807, 1566.2 ], [ 47.1864483, -20.6828513, 1565.8 ], [ 47.1865073, -20.6830069, 1564.8 ], [ 47.1866307, -20.6834636, 1559.8 ], [ 47.1867728, -20.6837973, 1557.5 ], [ 47.1868989, -20.684239, 1554.0 ], [ 47.1869123, -20.6843218, 1553.2 ], [ 47.1869767, -20.6845276, 1551.5 ], [ 47.1870598, -20.6847383, 1549.8 ], [ 47.1871269, -20.6848487, 1549.0 ], [ 47.1871993, -20.6849416, 1548.5 ], [ 47.1873146, -20.6850395, 1548.0 ], [ 47.1874648, -20.6851122, 1547.5 ], [ 47.1878108, -20.6852778, 1545.8 ], [ 47.1880898, -20.685446, 1544.2 ], [ 47.1882373, -20.6855488, 1544.0 ], [ 47.1883178, -20.6856291, 1544.2 ], [ 47.1883687, -20.6857094, 1544.5 ], [ 47.1884009, -20.6858198, 1545.0 ], [ 47.1884063, -20.6859152, 1545.5 ], [ 47.1883795, -20.6860156, 1546.0 ], [ 47.1883017, -20.6861109, 1546.5 ], [ 47.1870223, -20.6871824, 1552.0 ], [ 47.1868935, -20.6872727, 1551.2 ], [ 47.1868077, -20.6874057, 1550.5 ], [ 47.1867675, -20.6875161, 1550.2 ], [ 47.1867326, -20.6876842, 1549.8 ], [ 47.1867299, -20.6879577, 1548.0 ], [ 47.1867433, -20.688166, 1546.5 ], [ 47.1868023, -20.6884496, 1545.0 ], [ 47.1869096, -20.6888285, 1543.5 ], [ 47.187025, -20.6891321, 1542.8 ], [ 47.187092, -20.6892801, 1542.5 ], [ 47.1872234, -20.6894984, 1542.2 ], [ 47.1873763, -20.6897318, 1542.0 ], [ 47.1878886, -20.6903967, 1541.8 ], [ 47.1879262, -20.690467, 1541.8 ], [ 47.1879557, -20.6905423, 1541.5 ], [ 47.1879664, -20.6906075, 1541.0 ], [ 47.1879584, -20.6906878, 1540.5 ], [ 47.1877545, -20.6915635, 1533.8 ], [ 47.1877491, -20.6916262, 1533.5 ], [ 47.1877465, -20.691689, 1533.2 ], [ 47.1877465, -20.6917341, 1533.0 ], [ 47.1877545, -20.6917718, 1532.9 ], [ 47.1880066, -20.6926299, 1529.5 ], [ 47.1880227, -20.6927152, 1529.2 ], [ 47.1880227, -20.6928106, 1529.0 ], [ 47.188004, -20.6929285, 1528.5 ], [ 47.1877116, -20.6940049, 1525.5 ], [ 47.1876687, -20.6941204, 1525.3 ], [ 47.1875882, -20.6942609, 1525.0 ], [ 47.1867111, -20.6955531, 1523.2 ], [ 47.1866548, -20.695666, 1523.8 ], [ 47.1866065, -20.6957864, 1524.2 ], [ 47.1855122, -20.7001322, 1540.2 ], [ 47.1844473, -20.7044477, 1552.5 ], [ 47.1843991, -20.7046308, 1554.0 ], [ 47.1843776, -20.704804, 1555.2 ], [ 47.1843803, -20.7048867, 1555.8 ], [ 47.1844044, -20.7049946, 1556.5 ], [ 47.1844849, -20.7051502, 1557.8 ], [ 47.1848658, -20.7056796, 1559.8 ], [ 47.1849167, -20.70579, 1560.2 ], [ 47.184957, -20.7059355, 1561.0 ], [ 47.1850669, -20.70649, 1563.8 ], [ 47.185083, -20.706786, 1565.5 ], [ 47.1850321, -20.7072376, 1568.0 ], [ 47.1850052, -20.7075412, 1568.5 ], [ 47.1849301, -20.7078875, 1570.2 ], [ 47.184855, -20.7081032, 1570.5 ], [ 47.1846566, -20.7087279, 1569.5 ], [ 47.184611, -20.7088208, 1569.6 ], [ 47.184552, -20.708891, 1569.7 ], [ 47.1844876, -20.7089512, 1569.8 ], [ 47.1840048, -20.7092623, 1572.2 ], [ 47.1839216, -20.7093451, 1572.5 ], [ 47.1838492, -20.7094455, 1572.5 ], [ 47.1836829, -20.7098243, 1572.3 ], [ 47.1836454, -20.7099673, 1572.2 ], [ 47.1836346, -20.7100827, 1572.0 ], [ 47.1836534, -20.7101831, 1571.8 ], [ 47.1836963, -20.7103211, 1571.5 ], [ 47.1838009, -20.7105845, 1571.2 ], [ 47.1840799, -20.711272, 1573.5 ], [ 47.1845224, -20.7123608, 1579.8 ], [ 47.1846431, -20.7126619, 1580.8 ], [ 47.1849114, -20.7133267, 1583.5 ], [ 47.1852037, -20.7139765, 1588.0 ], [ 47.1854746, -20.7146338, 1596.2 ], [ 47.185657, -20.71498, 1601.8 ], [ 47.186121, -20.7157628, 1603.8 ], [ 47.1861988, -20.7159635, 1601.8 ], [ 47.1862471, -20.7161491, 1599.8 ], [ 47.1862686, -20.7164477, 1598.2 ], [ 47.1862552, -20.7166835, 1597.2 ], [ 47.186164, -20.7171301, 1595.8 ], [ 47.1861506, -20.7173609, 1595.0 ], [ 47.1862149, -20.7176945, 1593.2 ], [ 47.186451, -20.7185902, 1591.0 ], [ 47.1865073, -20.7188661, 1590.8 ], [ 47.1865422, -20.7191421, 1590.0 ], [ 47.1865556, -20.7194481, 1589.0 ], [ 47.1865663, -20.7197141, 1589.2 ], [ 47.1865422, -20.7198796, 1589.8 ], [ 47.1865126, -20.7200101, 1589.4 ], [ 47.1861184, -20.7209885, 1586.2 ], [ 47.1860567, -20.7210964, 1586.0 ], [ 47.1859655, -20.7212168, 1585.8 ], [ 47.185877, -20.7213121, 1586.0 ], [ 47.1857697, -20.7213924, 1586.2 ], [ 47.185472, -20.721553, 1587.8 ], [ 47.1850374, -20.7217787, 1589.5 ], [ 47.1849597, -20.7218314, 1590.2 ], [ 47.1849141, -20.7218891, 1590.8 ], [ 47.1848926, -20.7219318, 1591.0 ], [ 47.1848792, -20.721992, 1591.5 ], [ 47.1848738, -20.7220723, 1592.2 ], [ 47.1848819, -20.7221651, 1593.0 ], [ 47.184906, -20.7222629, 1593.8 ], [ 47.185311, -20.7229252, 1599.0 ], [ 47.18537, -20.7230632, 1600.2 ], [ 47.1853969, -20.7232313, 1601.8 ], [ 47.1856168, -20.7245935, 1611.5 ], [ 47.185649, -20.7248243, 1613.5 ], [ 47.1858555, -20.7263972, 1620.5 ], [ 47.1860459, -20.7277945, 1627.5 ], [ 47.186121, -20.7283564, 1629.8 ], [ 47.1862444, -20.7292645, 1632.2 ], [ 47.1863571, -20.7301049, 1638.5 ], [ 47.1864295, -20.7303833, 1641.2 ], [ 47.1864697, -20.7304937, 1642.8 ], [ 47.1870571, -20.7314996, 1653.0 ], [ 47.1871188, -20.7316602, 1654.2 ], [ 47.1871698, -20.7318583, 1654.5 ], [ 47.1872154, -20.7324629, 1657.8 ], [ 47.1872073, -20.7326435, 1658.8 ], [ 47.1871483, -20.732779, 1659.5 ], [ 47.1870545, -20.7329044, 1660.5 ], [ 47.186915, -20.7329797, 1660.8 ], [ 47.1867701, -20.7330047, 1660.5 ], [ 47.1865153, -20.7330072, 1659.2 ], [ 47.1860272, -20.7329922, 1655.2 ], [ 47.1856678, -20.7329847, 1652.5 ], [ 47.1855149, -20.7329922, 1651.5 ], [ 47.1853969, -20.7330173, 1650.8 ], [ 47.1852252, -20.73307, 1649.8 ], [ 47.1849757, -20.7331628, 1648.2 ], [ 47.1847665, -20.7332531, 1646.5 ], [ 47.1846378, -20.7333359, 1645.8 ], [ 47.1845546, -20.7334437, 1646.2 ], [ 47.1844903, -20.7335767, 1647.2 ], [ 47.1844473, -20.7337121, 1648.8 ], [ 47.1844313, -20.7338802, 1651.2 ], [ 47.1844473, -20.7342038, 1656.2 ], [ 47.1844715, -20.7344772, 1660.2 ], [ 47.18445, -20.7346704, 1663.0 ], [ 47.1844018, -20.7348058, 1664.0 ], [ 47.1843052, -20.7349438, 1663.8 ], [ 47.1841845, -20.734999, 1662.0 ], [ 47.1840128, -20.7350366, 1659.5 ], [ 47.1838519, -20.7350742, 1657.5 ], [ 47.1836856, -20.7351645, 1656.0 ], [ 47.1835434, -20.735285, 1655.8 ], [ 47.183404, -20.7354079, 1656.0 ], [ 47.1832591, -20.7354932, 1655.8 ], [ 47.1830821, -20.7355784, 1655.2 ], [ 47.1829399, -20.7356412, 1654.2 ], [ 47.1828514, -20.7357139, 1654.0 ], [ 47.1827844, -20.7358067, 1654.2 ], [ 47.1827334, -20.7359898, 1655.0 ], [ 47.1827039, -20.736188, 1656.2 ], [ 47.182661, -20.7373319, 1664.2 ], [ 47.1826261, -20.7377307, 1664.5 ], [ 47.1826208, -20.737811, 1664.5 ], [ 47.1825269, -20.7382575, 1664.2 ], [ 47.1823955, -20.7387842, 1661.8 ], [ 47.1822184, -20.7393737, 1659.2 ], [ 47.1821272, -20.7397876, 1658.0 ], [ 47.1819341, -20.7406254, 1654.8 ], [ 47.1818241, -20.7410393, 1653.0 ], [ 47.181513, -20.7421354, 1649.5 ], [ 47.1813333, -20.742612, 1649.3 ], [ 47.1812072, -20.7430711, 1649.2 ], [ 47.1811751, -20.7431915, 1649.1 ], [ 47.1811616, -20.7434899, 1649.0 ], [ 47.1811563, -20.7438461, 1648.5 ], [ 47.181159, -20.7439766, 1648.6 ], [ 47.181159, -20.7440694, 1648.7 ], [ 47.1811831, -20.7443252, 1649.0 ], [ 47.1812689, -20.7450802, 1652.0 ], [ 47.1813655, -20.7455342, 1653.2 ], [ 47.1815452, -20.7462039, 1653.8 ], [ 47.1816739, -20.7466278, 1655.8 ], [ 47.1817946, -20.7469414, 1656.5 ], [ 47.1820226, -20.7473578, 1658.2 ], [ 47.1822479, -20.7478193, 1659.0 ], [ 47.1826369, -20.7485141, 1661.5 ], [ 47.1828058, -20.7488125, 1663.2 ], [ 47.1834067, -20.7501068, 1667.0 ], [ 47.1842623, -20.7516644, 1665.0 ], [ 47.1843401, -20.7518224, 1664.5 ], [ 47.1844232, -20.7520155, 1663.8 ], [ 47.1844903, -20.752314, 1662.5 ], [ 47.1845412, -20.7528031, 1660.0 ], [ 47.1845627, -20.7536935, 1659.2 ], [ 47.1845627, -20.7545212, 1661.0 ], [ 47.1841174, -20.7574808, 1675.0 ], [ 47.1840933, -20.7576865, 1676.5 ], [ 47.1840557, -20.7578069, 1677.8 ], [ 47.1840101, -20.7579022, 1679.0 ], [ 47.1839404, -20.7579849, 1680.5 ], [ 47.1838492, -20.7580602, 1682.2 ], [ 47.1837687, -20.7580852, 1683.0 ], [ 47.1836454, -20.7581003, 1683.5 ], [ 47.1834067, -20.7581028, 1684.2 ], [ 47.1831411, -20.7581103, 1685.2 ], [ 47.18283, -20.758163, 1686.5 ], [ 47.1824732, -20.7582332, 1687.5 ], [ 47.1823016, -20.7582859, 1687.8 ], [ 47.1821675, -20.7583511, 1687.8 ], [ 47.1820816, -20.7584289, 1687.9 ], [ 47.1820092, -20.7585317, 1688.0 ], [ 47.1819422, -20.7586897, 1688.2 ], [ 47.181749, -20.7594471, 1688.0 ], [ 47.1816257, -20.7600014, 1688.8 ], [ 47.1815532, -20.7602121, 1688.4 ], [ 47.1814701, -20.7603124, 1688.2 ], [ 47.1813092, -20.7604353, 1687.5 ], [ 47.1811402, -20.7605281, 1687.0 ], [ 47.1809658, -20.7605983, 1686.9 ], [ 47.1807218, -20.7606385, 1686.8 ], [ 47.1804562, -20.7606159, 1685.8 ], [ 47.180298, -20.7606209, 1685.2 ], [ 47.1801344, -20.760636, 1685.4 ], [ 47.180011, -20.7606686, 1685.5 ], [ 47.1799037, -20.7607488, 1686.0 ], [ 47.1798366, -20.7608466, 1686.5 ], [ 47.1797857, -20.7609821, 1687.0 ], [ 47.1797454, -20.7611902, 1688.2 ], [ 47.1796998, -20.7614536, 1689.5 ], [ 47.179563, -20.7622787, 1691.0 ], [ 47.1795416, -20.7625295, 1691.2 ], [ 47.1795684, -20.7627527, 1691.8 ], [ 47.1795952, -20.7629158, 1692.2 ], [ 47.1796542, -20.7630938, 1693.2 ], [ 47.1797159, -20.7632594, 1694.2 ], [ 47.1797374, -20.7634098, 1694.5 ], [ 47.1797454, -20.7636381, 1693.5 ], [ 47.1797562, -20.7637158, 1693.2 ], [ 47.1797803, -20.7637911, 1693.4 ], [ 47.1798179, -20.7638663, 1693.6 ], [ 47.1800137, -20.7641196, 1694.2 ], [ 47.180239, -20.7643353, 1696.0 ], [ 47.1804294, -20.7644632, 1697.2 ], [ 47.1806735, -20.7645986, 1698.8 ], [ 47.1809176, -20.764719, 1700.8 ], [ 47.1810436, -20.7647842, 1701.5 ], [ 47.1811429, -20.7648519, 1701.8 ], [ 47.1811858, -20.764887, 1701.7 ], [ 47.1812233, -20.7649297, 1701.6 ], [ 47.1812394, -20.7649798, 1701.5 ], [ 47.1812475, -20.7650476, 1701.0 ], [ 47.1812448, -20.7651905, 1699.8 ], [ 47.1812207, -20.7653786, 1698.5 ], [ 47.1811402, -20.7657799, 1697.2 ], [ 47.1811375, -20.7659429, 1697.5 ], [ 47.181159, -20.7661235, 1698.0 ], [ 47.1812689, -20.766615, 1699.8 ], [ 47.1813816, -20.7669586, 1701.0 ], [ 47.1814513, -20.7671492, 1702.0 ], [ 47.1816149, -20.7674301, 1703.0 ], [ 47.1820173, -20.7679267, 1705.5 ], [ 47.1821138, -20.7680696, 1706.0 ], [ 47.1821675, -20.76817, 1706.5 ], [ 47.1821889, -20.7682552, 1706.8 ], [ 47.1821809, -20.768338, 1706.4 ], [ 47.182138, -20.7684458, 1706.0 ], [ 47.1820495, -20.768644, 1704.8 ], [ 47.1817625, -20.7691355, 1702.2 ], [ 47.181446, -20.7696923, 1700.8 ], [ 47.1813494, -20.7699029, 1700.2 ], [ 47.1813226, -20.7700935, 1700.1 ], [ 47.1813145, -20.7702916, 1700.0 ], [ 47.181344, -20.7707857, 1699.8 ], [ 47.1813682, -20.7710917, 1698.8 ], [ 47.181403, -20.7713149, 1698.2 ], [ 47.1814781, -20.7715105, 1698.0 ], [ 47.181572, -20.7716635, 1698.2 ], [ 47.1816579, -20.7717939, 1698.0 ], [ 47.1818215, -20.7720271, 1697.5 ], [ 47.1819288, -20.7722578, 1696.8 ], [ 47.1819663, -20.7723531, 1696.5 ], [ 47.1819904, -20.772461, 1696.2 ], [ 47.1819985, -20.7725462, 1696.3 ], [ 47.1819958, -20.7725713, 1696.3 ], [ 47.1819744, -20.7726215, 1696.3 ], [ 47.1819288, -20.7726666, 1696.3 ], [ 47.181851, -20.7727218, 1696.3 ], [ 47.1817061, -20.7728146, 1696.4 ], [ 47.181631, -20.7728998, 1696.4 ], [ 47.181564, -20.7729926, 1696.5 ], [ 47.1815184, -20.7731306, 1696.5 ], [ 47.181505, -20.773271, 1697.0 ], [ 47.1814808, -20.773444, 1697.2 ], [ 47.1814942, -20.7736121, 1697.5 ], [ 47.1815076, -20.7737675, 1697.8 ], [ 47.1815452, -20.773923, 1698.0 ], [ 47.1816927, -20.7742164, 1699.0 ], [ 47.181749, -20.7743519, 1699.5 ], [ 47.1817973, -20.7744948, 1700.0 ], [ 47.1818107, -20.774718, 1700.2 ], [ 47.1818215, -20.7750942, 1700.0 ], [ 47.1818134, -20.7753149, 1699.9 ], [ 47.1817732, -20.7754879, 1699.8 ], [ 47.1816605, -20.775681, 1699.0 ], [ 47.1815264, -20.7758591, 1699.2 ], [ 47.181403, -20.7760497, 1700.0 ], [ 47.1813414, -20.7762227, 1700.8 ], [ 47.1813226, -20.7763606, 1701.2 ], [ 47.181344, -20.7764609, 1701.8 ], [ 47.1813869, -20.776634, 1703.0 ], [ 47.1815586, -20.7770528, 1706.5 ], [ 47.1816096, -20.7772108, 1708.0 ], [ 47.1816525, -20.7774741, 1711.0 ], [ 47.1816739, -20.7777023, 1713.5 ], [ 47.1816713, -20.7778051, 1714.8 ], [ 47.1816283, -20.7778778, 1715.5 ], [ 47.1815613, -20.777943, 1716.0 ], [ 47.181462, -20.7779882, 1715.9 ], [ 47.1813199, -20.7780283, 1715.7 ], [ 47.1810865, -20.7780709, 1715.5 ], [ 47.1807808, -20.7780785, 1716.5 ], [ 47.1804965, -20.7780709, 1716.9 ], [ 47.1802738, -20.7780709, 1717.2 ], [ 47.1800888, -20.7781386, 1717.5 ], [ 47.1799493, -20.7782389, 1717.2 ], [ 47.1798339, -20.7783518, 1717.0 ], [ 47.1797723, -20.7785098, 1716.5 ], [ 47.1797588, -20.7786778, 1715.5 ], [ 47.1797347, -20.779222, 1710.5 ], [ 47.1797535, -20.7794126, 1709.2 ], [ 47.1797964, -20.7795856, 1708.0 ], [ 47.1798795, -20.7798013, 1706.2 ], [ 47.1798876, -20.7798539, 1705.5 ], [ 47.1798903, -20.779889, 1705.0 ], [ 47.1798688, -20.7799568, 1703.8 ], [ 47.1798447, -20.7799994, 1702.8 ], [ 47.1797991, -20.7800345, 1701.8 ], [ 47.1797535, -20.7800445, 1701.0 ], [ 47.1796972, -20.7800495, 1700.5 ], [ 47.179555, -20.780037, 1699.2 ], [ 47.1793726, -20.7799969, 1697.5 ], [ 47.179209, -20.7799141, 1696.0 ], [ 47.1790668, -20.7798213, 1694.8 ], [ 47.1789703, -20.779706, 1694.2 ], [ 47.1789086, -20.7795981, 1694.4 ], [ 47.1788415, -20.7794201, 1694.8 ], [ 47.1788415, -20.7792972, 1695.2 ], [ 47.1788496, -20.7792044, 1695.8 ], [ 47.1789247, -20.7790088, 1699.0 ], [ 47.1789435, -20.7789211, 1700.5 ], [ 47.1789381, -20.7788383, 1701.5 ], [ 47.1789032, -20.7787606, 1702.0 ], [ 47.1781227, -20.7780659, 1698.0 ], [ 47.1779859, -20.7780082, 1697.8 ], [ 47.1778572, -20.7779907, 1696.8 ], [ 47.1777338, -20.7780107, 1695.8 ], [ 47.1776587, -20.7780634, 1694.8 ], [ 47.1776131, -20.7781336, 1694.0 ], [ 47.1775997, -20.778259, 1693.0 ], [ 47.1775916, -20.7784245, 1691.8 ], [ 47.1775889, -20.7786176, 1690.2 ], [ 47.177546, -20.7788107, 1688.5 ], [ 47.1774817, -20.7790164, 1686.5 ], [ 47.1771008, -20.7799091, 1678.0 ], [ 47.1769425, -20.7803755, 1675.2 ], [ 47.176728, -20.7812181, 1676.5 ], [ 47.176685, -20.7814664, 1676.8 ], [ 47.1766421, -20.7820908, 1676.2 ], [ 47.1765965, -20.7826751, 1675.5 ], [ 47.1765885, -20.7829209, 1675.0 ], [ 47.1766153, -20.7830262, 1675.2 ], [ 47.176677, -20.7831591, 1675.5 ], [ 47.1768674, -20.7834224, 1675.8 ], [ 47.1769506, -20.7835653, 1676.2 ], [ 47.177031, -20.7837158, 1677.5 ], [ 47.1770713, -20.783949, 1680.2 ], [ 47.1771491, -20.784285, 1684.2 ], [ 47.1772242, -20.7846838, 1688.2 ], [ 47.1772188, -20.7848969, 1690.2 ], [ 47.1772295, -20.7850775, 1691.5 ], [ 47.1772429, -20.7853357, 1693.2 ], [ 47.1772403, -20.7854511, 1694.2 ], [ 47.1771893, -20.7855815, 1695.2 ], [ 47.1771035, -20.785737, 1695.5 ], [ 47.1769479, -20.7858473, 1696.0 ], [ 47.1766931, -20.7859802, 1697.5 ], [ 47.1765053, -20.7860705, 1698.0 ], [ 47.1763524, -20.7861031, 1698.2 ], [ 47.1761888, -20.7861081, 1698.4 ], [ 47.1760306, -20.786088, 1698.5 ], [ 47.1758106, -20.7860529, 1699.5 ], [ 47.1756363, -20.7860128, 1700.8 ], [ 47.1753278, -20.7859677, 1702.2 ], [ 47.1751991, -20.7859652, 1702.8 ], [ 47.1751133, -20.7859727, 1703.2 ], [ 47.1748531, -20.7860228, 1704.8 ], [ 47.1747431, -20.7860755, 1705.2 ], [ 47.1746305, -20.7861783, 1705.8 ], [ 47.174491, -20.7863614, 1706.0 ], [ 47.1743783, -20.7866071, 1705.5 ], [ 47.1742469, -20.7868855, 1705.8 ], [ 47.174086, -20.7872265, 1706.2 ], [ 47.1739706, -20.7874848, 1707.5 ], [ 47.1738929, -20.7876854, 1707.8 ], [ 47.1738473, -20.7878358, 1707.9 ], [ 47.1738365, -20.7879813, 1708.0 ], [ 47.1738338, -20.788207, 1707.5 ], [ 47.1738124, -20.7884502, 1706.8 ], [ 47.1737319, -20.7889166, 1706.2 ], [ 47.1736541, -20.7893705, 1706.5 ], [ 47.1735871, -20.7898544, 1707.5 ], [ 47.17352, -20.7902933, 1707.8 ], [ 47.1734583, -20.7905766, 1708.8 ], [ 47.1733752, -20.7908123, 1709.8 ], [ 47.1731874, -20.7911508, 1712.8 ], [ 47.1725705, -20.7921313, 1718.5 ], [ 47.1723425, -20.7924623, 1720.2 ], [ 47.1722165, -20.792693, 1720.8 ], [ 47.1720582, -20.7930139, 1721.8 ], [ 47.1719, -20.7932848, 1722.8 ], [ 47.1718007, -20.7934377, 1723.8 ], [ 47.1717551, -20.7935957, 1723.7 ], [ 47.1717337, -20.7937386, 1723.6 ], [ 47.1717042, -20.794042, 1723.5 ], [ 47.1717095, -20.7941273, 1723.5 ], [ 47.171782, -20.7956493, 1713.5 ], [ 47.1718061, -20.79588, 1710.5 ], [ 47.1718651, -20.7961207, 1708.5 ], [ 47.1720904, -20.7967526, 1705.8 ], [ 47.1721682, -20.7969131, 1705.5 ], [ 47.1722487, -20.797046, 1705.0 ], [ 47.1723559, -20.7971889, 1704.2 ], [ 47.1725062, -20.7973293, 1703.2 ], [ 47.1727315, -20.7975249, 1700.5 ], [ 47.1728683, -20.7976678, 1698.8 ], [ 47.1729755, -20.7978107, 1697.2 ], [ 47.1731284, -20.7981116, 1695.0 ], [ 47.1732062, -20.7983574, 1694.5 ], [ 47.1732357, -20.7984552, 1694.8 ], [ 47.1732786, -20.7985203, 1694.5 ], [ 47.1733403, -20.7985705, 1693.5 ], [ 47.1734583, -20.7986482, 1691.2 ], [ 47.1735308, -20.7987084, 1690.0 ], [ 47.1735951, -20.7987937, 1689.0 ], [ 47.1736622, -20.798904, 1688.2 ], [ 47.1737292, -20.7992224, 1688.5 ], [ 47.1737507, -20.7992901, 1688.4 ], [ 47.1737856, -20.7993704, 1688.2 ], [ 47.1738794, -20.7994882, 1687.0 ], [ 47.1739814, -20.7996437, 1686.0 ], [ 47.1740189, -20.7997615, 1685.9 ], [ 47.1740323, -20.7998693, 1685.8 ], [ 47.1740296, -20.7999646, 1685.8 ], [ 47.1740001, -20.8001376, 1686.0 ], [ 47.1739626, -20.8002981, 1686.2 ], [ 47.1738526, -20.8005313, 1687.0 ], [ 47.1737507, -20.8006692, 1687.8 ], [ 47.1735844, -20.8008221, 1689.0 ], [ 47.1733296, -20.8009901, 1690.5 ], [ 47.1731848, -20.801103, 1691.0 ], [ 47.1730855, -20.8012283, 1690.5 ], [ 47.173048, -20.801286, 1690.2 ], [ 47.1730131, -20.8013662, 1689.5 ], [ 47.1729836, -20.8015041, 1687.8 ], [ 47.1729729, -20.8017749, 1684.8 ], [ 47.1729675, -20.8025297, 1680.5 ], [ 47.1729594, -20.8034298, 1674.8 ], [ 47.1729407, -20.8036053, 1673.0 ], [ 47.1728843, -20.8037407, 1672.0 ], [ 47.1728066, -20.8038535, 1671.5 ], [ 47.1727315, -20.8039237, 1671.7 ], [ 47.1726134, -20.8039789, 1672.0 ], [ 47.1721816, -20.8041168, 1674.5 ], [ 47.1720234, -20.804172, 1675.5 ], [ 47.1719295, -20.8042271, 1675.8 ], [ 47.1718571, -20.8042973, 1675.5 ], [ 47.1718141, -20.8043876, 1675.2 ], [ 47.1718007, -20.8044854, 1674.5 ], [ 47.1718168, -20.8045882, 1673.2 ], [ 47.1718544, -20.8046935, 1671.8 ], [ 47.172026, -20.8050169, 1666.8 ], [ 47.1720797, -20.8051599, 1665.0 ], [ 47.1720931, -20.8052802, 1664.0 ], [ 47.1720743, -20.805393, 1663.8 ], [ 47.1719858, -20.8056162, 1664.5 ], [ 47.1719402, -20.8057666, 1665.2 ], [ 47.1719295, -20.8058744, 1665.5 ], [ 47.1719268, -20.8060148, 1665.6 ], [ 47.1719161, -20.8063032, 1665.7 ], [ 47.1719134, -20.8064386, 1665.8 ], [ 47.1719322, -20.8065439, 1666.0 ], [ 47.1719724, -20.8066291, 1665.9 ], [ 47.1720368, -20.8067169, 1665.8 ], [ 47.1721387, -20.8067971, 1665.2 ], [ 47.1722245, -20.8068272, 1664.8 ], [ 47.1723318, -20.8068448, 1664.0 ], [ 47.1724471, -20.8068272, 1663.0 ], [ 47.1725652, -20.8067896, 1662.0 ], [ 47.1727824, -20.8067018, 1660.5 ], [ 47.1730909, -20.8065614, 1659.2 ], [ 47.1732679, -20.8064636, 1659.0 ], [ 47.1734396, -20.8063433, 1657.8 ], [ 47.1739331, -20.8059647, 1655.0 ], [ 47.1740404, -20.805887, 1654.5 ], [ 47.1742147, -20.8057942, 1654.0 ], [ 47.1744025, -20.805729, 1653.2 ], [ 47.1746063, -20.8056588, 1651.8 ], [ 47.1747538, -20.8056337, 1651.2 ], [ 47.1748987, -20.8056262, 1651.2 ], [ 47.1751294, -20.8056739, 1651.0 ], [ 47.1753573, -20.805719, 1650.0 ], [ 47.1755156, -20.8057716, 1649.2 ], [ 47.175698, -20.8059246, 1648.2 ], [ 47.1757919, -20.80607, 1647.8 ], [ 47.1758562, -20.806228, 1647.5 ], [ 47.1760789, -20.806762, 1646.0 ], [ 47.1762612, -20.8072434, 1644.8 ], [ 47.1763337, -20.807444, 1644.2 ], [ 47.1763632, -20.807602, 1643.2 ], [ 47.1763444, -20.8077424, 1642.5 ], [ 47.1762639, -20.8079455, 1641.8 ], [ 47.1758991, -20.8086375, 1642.8 ], [ 47.1758401, -20.8087628, 1643.8 ], [ 47.175824, -20.8088029, 1644.0 ], [ 47.175824, -20.8088631, 1644.2 ], [ 47.1758267, -20.8089133, 1644.5 ], [ 47.1758509, -20.8089659, 1644.2 ], [ 47.1759152, -20.8090211, 1643.2 ], [ 47.1759903, -20.8090537, 1642.2 ], [ 47.1761888, -20.8091063, 1640.2 ], [ 47.1763605, -20.8091615, 1638.8 ], [ 47.1771035, -20.8095376, 1634.8 ], [ 47.1776131, -20.8098259, 1634.0 ], [ 47.1778679, -20.810049, 1633.5 ], [ 47.1785063, -20.8107059, 1629.0 ], [ 47.1791714, -20.8113703, 1624.2 ], [ 47.1793833, -20.8116135, 1624.0 ], [ 47.1795282, -20.8118292, 1624.8 ], [ 47.1796462, -20.8120849, 1626.8 ], [ 47.1797401, -20.8123406, 1629.2 ], [ 47.1797401, -20.812466, 1630.8 ], [ 47.1797079, -20.8125763, 1631.8 ], [ 47.1796033, -20.8126841, 1631.5 ], [ 47.1794933, -20.8127443, 1631.2 ], [ 47.1792895, -20.8128145, 1630.0 ], [ 47.1787047, -20.8130025, 1625.0 ], [ 47.1785921, -20.8130527, 1624.0 ], [ 47.1785223, -20.8131179, 1623.5 ], [ 47.1784875, -20.8131855, 1623.2 ], [ 47.1784821, -20.8132833, 1623.0 ], [ 47.1785116, -20.8133886, 1623.1 ], [ 47.1785545, -20.8134563, 1623.2 ], [ 47.1785679, -20.8134764, 1623.2 ], [ 47.178627, -20.813534, 1623.2 ], [ 47.1788657, -20.8137171, 1624.2 ], [ 47.1790937, -20.8139076, 1624.8 ], [ 47.1794209, -20.8141333, 1625.5 ], [ 47.1796837, -20.8142937, 1625.0 ], [ 47.1798339, -20.8143564, 1625.5 ], [ 47.1800002, -20.8144441, 1625.2 ], [ 47.1802336, -20.8145795, 1625.5 ], [ 47.1804616, -20.8147149, 1626.8 ], [ 47.1806735, -20.8148603, 1627.2 ], [ 47.1812394, -20.8153317, 1626.5 ], [ 47.181446, -20.8154871, 1626.8 ], [ 47.1819744, -20.8156777, 1630.5 ], [ 47.1821487, -20.8158782, 1630.2 ], [ 47.1822318, -20.8160462, 1629.5 ], [ 47.1822855, -20.8161966, 1629.2 ], [ 47.1822989, -20.8163947, 1628.5 ], [ 47.1822882, -20.8167332, 1626.0 ], [ 47.182256, -20.8169738, 1625.2 ], [ 47.1822184, -20.8171468, 1624.2 ], [ 47.1821621, -20.81738, 1623.5 ], [ 47.1821514, -20.8176859, 1623.8 ], [ 47.1821702, -20.8178839, 1624.0 ], [ 47.1821889, -20.8180419, 1624.5 ], [ 47.1822426, -20.8182073, 1624.8 ], [ 47.1823955, -20.8184631, 1623.2 ], [ 47.1826074, -20.8189244, 1620.8 ], [ 47.1826395, -20.8190221, 1620.5 ], [ 47.182669, -20.81916, 1621.0 ], [ 47.1826744, -20.819323, 1622.2 ], [ 47.1827039, -20.8194684, 1622.8 ], [ 47.1827281, -20.8195336, 1622.6 ], [ 47.1827683, -20.8196013, 1622.5 ], [ 47.1829855, -20.8197918, 1619.0 ], [ 47.1832377, -20.8200124, 1616.0 ], [ 47.1833155, -20.8201328, 1614.8 ], [ 47.1833396, -20.8202531, 1614.5 ], [ 47.1833476, -20.820386, 1614.8 ], [ 47.1833289, -20.8205189, 1615.8 ], [ 47.1829131, -20.8218626, 1616.2 ], [ 47.1826798, -20.8226198, 1618.2 ], [ 47.1826556, -20.8226774, 1619.0 ], [ 47.1826395, -20.8227551, 1619.8 ], [ 47.1826395, -20.8228253, 1620.2 ], [ 47.1826556, -20.8229031, 1620.5 ], [ 47.1826798, -20.8229482, 1620.2 ], [ 47.1827227, -20.8230008, 1619.8 ], [ 47.182779, -20.8230434, 1618.8 ], [ 47.1828488, -20.8230785, 1617.2 ], [ 47.1829721, -20.8231086, 1614.0 ], [ 47.1830687, -20.8231588, 1612.2 ], [ 47.1831492, -20.8232415, 1611.2 ], [ 47.183184, -20.8233518, 1611.5 ], [ 47.1831679, -20.8235123, 1613.2 ], [ 47.1830392, -20.8240137, 1617.8 ], [ 47.1830338, -20.8240864, 1618.0 ], [ 47.1830446, -20.8241666, 1617.8 ], [ 47.1831223, -20.8245777, 1615.0 ], [ 47.1831572, -20.824851, 1613.2 ], [ 47.1831974, -20.8251468, 1611.5 ], [ 47.1831974, -20.8252195, 1611.2 ], [ 47.1831867, -20.8253123, 1611.0 ], [ 47.183176, -20.8253775, 1610.8 ], [ 47.1831465, -20.8254502, 1611.0 ], [ 47.1831062, -20.8255053, 1611.5 ], [ 47.1830338, -20.825578, 1612.5 ], [ 47.1829104, -20.8256557, 1614.2 ], [ 47.1819958, -20.8262198, 1626.0 ], [ 47.1818912, -20.8263101, 1627.8 ], [ 47.1818429, -20.8263853, 1628.2 ], [ 47.1818107, -20.826458, 1628.1 ], [ 47.1817866, -20.8265357, 1628.0 ], [ 47.1818, -20.8266635, 1626.2 ], [ 47.1818134, -20.8268064, 1624.5 ], [ 47.1818107, -20.8269493, 1623.8 ], [ 47.1818188, -20.827749, 1627.2 ], [ 47.1818376, -20.8279245, 1629.2 ], [ 47.181851, -20.8279772, 1629.8 ], [ 47.1818858, -20.8280348, 1629.6 ], [ 47.1819127, -20.8280649, 1629.5 ], [ 47.1819878, -20.8281125, 1628.2 ], [ 47.1821326, -20.8281752, 1625.8 ], [ 47.1826932, -20.8283131, 1618.0 ], [ 47.1828595, -20.8283883, 1615.8 ], [ 47.1830204, -20.8285011, 1614.5 ], [ 47.1831948, -20.8286992, 1613.5 ], [ 47.1832994, -20.8288696, 1613.0 ], [ 47.1833208, -20.8290326, 1614.8 ], [ 47.183302, -20.8292532, 1618.2 ], [ 47.1832269, -20.8297947, 1622.2 ], [ 47.1831679, -20.8299927, 1623.2 ], [ 47.1829882, -20.8303888, 1625.0 ], [ 47.1828648, -20.8306094, 1626.0 ], [ 47.182779, -20.8307373, 1626.2 ], [ 47.1826717, -20.8308401, 1627.0 ], [ 47.1825188, -20.8309378, 1628.8 ], [ 47.1817061, -20.8313038, 1638.2 ], [ 47.1815023, -20.8314016, 1640.2 ], [ 47.1813709, -20.8314793, 1641.0 ], [ 47.1812314, -20.8316122, 1641.5 ], [ 47.1811295, -20.8317425, 1640.8 ], [ 47.1808746, -20.8322389, 1638.2 ], [ 47.1807915, -20.8323592, 1638.5 ], [ 47.1807352, -20.8324169, 1639.0 ], [ 47.1806386, -20.8324871, 1640.2 ], [ 47.180483, -20.8325748, 1642.5 ], [ 47.1798366, -20.8328155, 1651.8 ], [ 47.1792707, -20.8330962, 1655.5 ], [ 47.179217, -20.8331338, 1655.4 ], [ 47.1791634, -20.833184, 1655.4 ], [ 47.179091, -20.8332692, 1655.2 ], [ 47.178863, -20.8336929, 1653.0 ], [ 47.1788254, -20.8337555, 1652.5 ], [ 47.1787745, -20.8338182, 1652.0 ], [ 47.1787235, -20.8338583, 1651.5 ], [ 47.178643, -20.8338984, 1651.0 ], [ 47.1785572, -20.833926, 1650.5 ], [ 47.1784151, -20.8339436, 1650.2 ], [ 47.1782595, -20.8339385, 1650.2 ], [ 47.177994, -20.8338909, 1650.0 ], [ 47.1777204, -20.8338232, 1649.5 ], [ 47.1775997, -20.8338157, 1648.8 ], [ 47.1775138, -20.8338207, 1648.0 ], [ 47.1774226, -20.8338433, 1646.8 ], [ 47.1773529, -20.8338809, 1645.5 ], [ 47.1772751, -20.8339561, 1643.8 ], [ 47.1771115, -20.8342694, 1638.5 ], [ 47.1769318, -20.8345928, 1634.8 ], [ 47.1767923, -20.8348059, 1632.8 ], [ 47.176744, -20.8348661, 1632.0 ], [ 47.1766716, -20.8349237, 1631.2 ], [ 47.1764195, -20.8350967, 1630.0 ], [ 47.1760654, -20.8353098, 1628.5 ], [ 47.1759394, -20.8353975, 1627.8 ], [ 47.1758723, -20.8354577, 1627.2 ], [ 47.1758133, -20.8355279, 1626.8 ], [ 47.1757597, -20.8356256, 1625.8 ], [ 47.175647, -20.8358713, 1622.5 ], [ 47.1755585, -20.8359866, 1621.8 ], [ 47.1754485, -20.8360994, 1621.0 ], [ 47.1752769, -20.8362398, 1619.8 ], [ 47.175124, -20.8363601, 1619.0 ], [ 47.1749094, -20.8364529, 1618.8 ], [ 47.1746546, -20.8365557, 1618.5 ], [ 47.1739063, -20.8368565, 1614.8 ], [ 47.1737266, -20.8369141, 1613.2 ], [ 47.1735978, -20.8369216, 1612.5 ], [ 47.1735227, -20.8369191, 1612.2 ], [ 47.1734476, -20.8369016, 1612.0 ], [ 47.1730748, -20.8367762, 1610.7 ], [ 47.1724471, -20.8365582, 1608.5 ], [ 47.172415, -20.8365456, 1608.2 ], [ 47.1721709, -20.8364754, 1607.0 ], [ 47.1721011, -20.8364428, 1606.5 ], [ 47.1720314, -20.8364027, 1606.0 ], [ 47.1719831, -20.8363626, 1606.2 ], [ 47.1718946, -20.8362724, 1606.5 ], [ 47.1718517, -20.8362097, 1607.2 ], [ 47.1718061, -20.836127, 1608.2 ], [ 47.1717766, -20.8360969, 1608.5 ], [ 47.1717256, -20.8360618, 1608.2 ], [ 47.1716666, -20.8360393, 1607.8 ], [ 47.1715888, -20.8360242, 1607.0 ], [ 47.1711168, -20.835964, 1603.8 ], [ 47.1709478, -20.8359415, 1602.0 ], [ 47.1707976, -20.8358964, 1600.8 ], [ 47.1706608, -20.8358487, 1600.2 ], [ 47.1704838, -20.8357359, 1600.0 ], [ 47.1703577, -20.8356181, 1600.2 ], [ 47.1701592, -20.8353699, 1602.5 ], [ 47.1699366, -20.8349638, 1605.0 ], [ 47.16984, -20.834841, 1606.0 ], [ 47.1697623, -20.8347758, 1606.5 ], [ 47.1696737, -20.8347382, 1606.1 ], [ 47.1695691, -20.8347282, 1605.8 ], [ 47.1694645, -20.8347432, 1604.8 ], [ 47.1693733, -20.8347909, 1603.5 ], [ 47.1692929, -20.8348585, 1602.5 ], [ 47.1692446, -20.8349363, 1601.5 ], [ 47.1691909, -20.8350741, 1599.8 ], [ 47.16914, -20.8352697, 1598.2 ], [ 47.1691105, -20.8354176, 1597.2 ], [ 47.1691078, -20.8355429, 1596.5 ], [ 47.1691266, -20.8356958, 1595.2 ], [ 47.1691614, -20.8359014, 1593.2 ], [ 47.169207, -20.836305, 1590.8 ], [ 47.1692446, -20.8365005, 1589.2 ], [ 47.1692982, -20.8366559, 1587.8 ], [ 47.1693975, -20.8368189, 1586.0 ], [ 47.1695825, -20.8371046, 1583.5 ], [ 47.1697193, -20.8373052, 1581.5 ], [ 47.16984, -20.8374857, 1580.8 ], [ 47.1699151, -20.8376286, 1580.5 ], [ 47.1699741, -20.8377539, 1580.3 ], [ 47.1700493, -20.8381926, 1579.5 ], [ 47.1701324, -20.8389346, 1576.8 ], [ 47.1701807, -20.8393357, 1573.2 ], [ 47.1701941, -20.8395111, 1572.5 ], [ 47.1701565, -20.8396816, 1572.4 ], [ 47.1701109, -20.839827, 1572.2 ], [ 47.1700761, -20.8398821, 1572.2 ], [ 47.1700171, -20.8399749, 1572.0 ], [ 47.1697944, -20.8402456, 1571.5 ], [ 47.1693036, -20.840757, 1568.8 ], [ 47.1689039, -20.8411631, 1567.5 ], [ 47.1687752, -20.8413135, 1566.8 ], [ 47.1686921, -20.8414563, 1565.8 ], [ 47.1686143, -20.8416318, 1563.8 ], [ 47.1685258, -20.8418649, 1561.5 ], [ 47.1684211, -20.8420554, 1560.2 ], [ 47.1683353, -20.8421808, 1559.2 ], [ 47.1683031, -20.8422284, 1558.8 ], [ 47.167595, -20.8431233, 1553.0 ], [ 47.167469, -20.8432837, 1552.8 ], [ 47.1672302, -20.8435845, 1551.0 ], [ 47.1669862, -20.8438277, 1549.5 ], [ 47.1666133, -20.8441084, 1549.6 ], [ 47.1663666, -20.844309, 1549.8 ], [ 47.1661788, -20.844502, 1548.8 ], [ 47.1660662, -20.8446524, 1546.8 ], [ 47.1660286, -20.8447025, 1546.0 ], [ 47.1659374, -20.8448328, 1544.0 ], [ 47.1657792, -20.8450384, 1542.2 ], [ 47.1656477, -20.8451838, 1541.8 ], [ 47.1655163, -20.8453066, 1541.2 ], [ 47.1653795, -20.8454495, 1540.8 ], [ 47.1652856, -20.8455673, 1539.8 ], [ 47.1651623, -20.8458054, 1535.0 ], [ 47.1650442, -20.8460235, 1531.5 ], [ 47.1649262, -20.8461789, 1530.0 ], [ 47.164835, -20.8462491, 1529.5 ], [ 47.1647117, -20.8463343, 1529.0 ], [ 47.1646231, -20.8463694, 1529.2 ], [ 47.1644676, -20.846397, 1530.2 ], [ 47.1640304, -20.8464321, 1532.2 ], [ 47.1638721, -20.8464722, 1532.1 ], [ 47.1637622, -20.8465549, 1532.0 ], [ 47.1636871, -20.8467078, 1533.0 ], [ 47.1636629, -20.8468833, 1532.2 ], [ 47.1637192, -20.8478558, 1528.8 ], [ 47.1637702, -20.8488184, 1529.8 ], [ 47.1637782, -20.8492119, 1531.0 ], [ 47.1638131, -20.8499213, 1533.5 ], [ 47.1638024, -20.8500867, 1533.8 ], [ 47.1637434, -20.850207, 1533.2 ], [ 47.1635932, -20.85039, 1532.0 ], [ 47.1634403, -20.8505379, 1529.5 ], [ 47.1633813, -20.8506281, 1528.5 ], [ 47.1633598, -20.8507509, 1528.8 ], [ 47.1633518, -20.8508988, 1529.5 ], [ 47.1634242, -20.8511495, 1531.8 ], [ 47.1634591, -20.8512873, 1533.2 ], [ 47.1634725, -20.8514026, 1534.2 ], [ 47.1634483, -20.8515154, 1534.8 ], [ 47.163384, -20.8516433, 1534.5 ], [ 47.1632659, -20.851721, 1532.8 ], [ 47.1631989, -20.851746, 1531.8 ], [ 47.1624103, -20.8520844, 1522.5 ], [ 47.162295, -20.8521496, 1521.0 ], [ 47.1621689, -20.8522423, 1519.5 ], [ 47.1620965, -20.8523576, 1518.8 ], [ 47.1620563, -20.852513, 1518.5 ], [ 47.1620885, -20.8527687, 1521.0 ], [ 47.1621126, -20.8530544, 1523.0 ], [ 47.1621341, -20.8533502, 1524.8 ], [ 47.162118, -20.8535407, 1524.9 ], [ 47.1620938, -20.8537061, 1525.0 ], [ 47.1620053, -20.8538816, 1524.2 ], [ 47.1618122, -20.854225, 1523.0 ], [ 47.1616271, -20.8544656, 1523.2 ], [ 47.1614447, -20.8546185, 1523.8 ], [ 47.1613777, -20.8546711, 1524.2 ], [ 47.1613079, -20.8547162, 1524.5 ], [ 47.1612033, -20.8547614, 1524.2 ], [ 47.161029, -20.8547939, 1523.0 ], [ 47.1598595, -20.8548516, 1515.2 ], [ 47.1596423, -20.8548666, 1514.5 ], [ 47.1594787, -20.8549042, 1513.5 ], [ 47.1593902, -20.8549594, 1513.2 ], [ 47.1593043, -20.8550697, 1514.0 ], [ 47.1589342, -20.8556386, 1517.0 ], [ 47.1588457, -20.8557665, 1517.8 ], [ 47.1586955, -20.8558717, 1516.5 ], [ 47.1585023, -20.8559695, 1514.0 ], [ 47.1580893, -20.8561274, 1509.0 ], [ 47.1579847, -20.856185, 1508.0 ], [ 47.1578613, -20.8562828, 1507.0 ], [ 47.1577701, -20.856378, 1506.2 ], [ 47.1576843, -20.8565184, 1505.5 ], [ 47.1576306, -20.856739, 1505.2 ], [ 47.1575904, -20.8570272, 1505.5 ], [ 47.1575609, -20.857328, 1506.1 ], [ 47.1575931, -20.8575285, 1506.5 ], [ 47.1576414, -20.8577115, 1507.5 ], [ 47.1576735, -20.8578343, 1507.8 ], [ 47.1576896, -20.857907, 1508.0 ], [ 47.157695, -20.8579897, 1507.9 ], [ 47.1576655, -20.8582654, 1507.5 ], [ 47.1576279, -20.8584759, 1507.2 ], [ 47.157577, -20.858709, 1507.7 ], [ 47.1575207, -20.8588795, 1508.0 ], [ 47.1573517, -20.8590474, 1507.8 ], [ 47.1572095, -20.8591527, 1507.2 ], [ 47.1570727, -20.8592128, 1506.5 ], [ 47.1569359, -20.8592454, 1505.5 ], [ 47.1566597, -20.859273, 1504.8 ], [ 47.1565229, -20.859298, 1504.5 ], [ 47.1563914, -20.8593557, 1504.2 ], [ 47.1562922, -20.8594534, 1505.0 ], [ 47.1561956, -20.8595612, 1506.0 ], [ 47.1561339, -20.8596765, 1507.2 ], [ 47.1559247, -20.8601051, 1509.8 ], [ 47.1557504, -20.8604986, 1511.2 ], [ 47.1556538, -20.8606239, 1511.8 ], [ 47.1555439, -20.8607192, 1511.5 ], [ 47.1555144, -20.8607442, 1511.2 ], [ 47.1552622, -20.8609071, 1508.8 ], [ 47.1551549, -20.8610149, 1508.5 ], [ 47.1550718, -20.8611302, 1509.0 ], [ 47.1548626, -20.8615312, 1512.8 ], [ 47.15464, -20.8619623, 1515.5 ], [ 47.1545407, -20.8621202, 1516.0 ], [ 47.1544361, -20.8622531, 1516.2 ], [ 47.1539184, -20.8627744, 1517.0 ], [ 47.1537039, -20.8629548, 1517.8 ], [ 47.1535081, -20.8630676, 1518.2 ], [ 47.1531782, -20.863223, 1517.8 ], [ 47.1521267, -20.8638145, 1516.8 ], [ 47.151821, -20.86401, 1514.8 ], [ 47.151601, -20.8641554, 1512.8 ], [ 47.1515206, -20.8642381, 1513.6 ], [ 47.1514589, -20.8643835, 1514.8 ], [ 47.1513945, -20.8645464, 1517.2 ], [ 47.1512818, -20.8647068, 1518.8 ], [ 47.1511155, -20.8648872, 1519.5 ], [ 47.1509761, -20.8650201, 1520.0 ], [ 47.1507803, -20.8651504, 1519.0 ], [ 47.1505603, -20.8652557, 1517.2 ], [ 47.1504235, -20.8653208, 1516.2 ], [ 47.1502921, -20.8653885, 1515.5 ], [ 47.1500587, -20.8655113, 1513.5 ], [ 47.1498629, -20.8656767, 1513.2 ], [ 47.1494982, -20.8661905, 1515.0 ], [ 47.1493426, -20.8663584, 1514.6 ], [ 47.1491629, -20.8664913, 1514.2 ], [ 47.1489, -20.8666341, 1512.5 ], [ 47.1487123, -20.8667444, 1511.0 ], [ 47.1485674, -20.8668847, 1511.5 ], [ 47.1483958, -20.8670878, 1513.2 ], [ 47.1482348, -20.8672482, 1514.0 ], [ 47.1481544, -20.8673108, 1513.8 ], [ 47.1480256, -20.867376, 1513.5 ], [ 47.1478593, -20.8674462, 1512.2 ], [ 47.1476448, -20.8675239, 1509.8 ], [ 47.147516, -20.8676166, 1509.0 ], [ 47.1474087, -20.8677444, 1509.4 ], [ 47.1472639, -20.8680527, 1510.2 ], [ 47.1471539, -20.8683108, 1510.0 ], [ 47.1470386, -20.8685389, 1508.5 ], [ 47.1468294, -20.8690051, 1509.0 ], [ 47.1467006, -20.869178, 1508.8 ], [ 47.1465719, -20.8693359, 1509.0 ], [ 47.1464109, -20.8694286, 1508.2 ], [ 47.146242, -20.8695063, 1507.2 ], [ 47.1459576, -20.869579, 1505.8 ], [ 47.145727, -20.8696091, 1503.8 ], [ 47.1455339, -20.8696817, 1502.2 ], [ 47.1454105, -20.8697945, 1502.5 ], [ 47.1452683, -20.8699975, 1504.5 ], [ 47.145161, -20.8701604, 1506.2 ], [ 47.1450618, -20.8702782, 1507.2 ], [ 47.144933, -20.8703359, 1506.8 ], [ 47.1446916, -20.8704436, 1505.8 ], [ 47.1444288, -20.8705414, 1504.2 ], [ 47.1441713, -20.8706341, 1503.8 ], [ 47.1440372, -20.8706542, 1503.2 ], [ 47.1438548, -20.8706341, 1501.5 ], [ 47.1436697, -20.870604, 1498.8 ], [ 47.1436456, -20.8705965, 1498.2 ], [ 47.1435571, -20.8705689, 1496.8 ], [ 47.1434203, -20.8705564, 1495.2 ], [ 47.143254, -20.870589, 1495.0 ], [ 47.1431333, -20.8706792, 1496.0 ], [ 47.1430314, -20.8707644, 1496.5 ], [ 47.142916, -20.8708998, 1498.0 ], [ 47.1428543, -20.8709749, 1499.0 ], [ 47.1427014, -20.8711729, 1501.5 ], [ 47.1425888, -20.8712807, 1502.5 ], [ 47.1424922, -20.8713308, 1502.0 ], [ 47.1422508, -20.8714511, 1500.0 ], [ 47.1417922, -20.8716917, 1495.8 ], [ 47.1416661, -20.8717845, 1495.5 ], [ 47.1415883, -20.8718822, 1496.2 ], [ 47.1414945, -20.871995, 1497.0 ], [ 47.1413013, -20.8721353, 1496.4 ], [ 47.1407488, -20.8723884, 1495.0 ], [ 47.1404564, -20.8725463, 1493.8 ], [ 47.1403465, -20.8726416, 1494.0 ], [ 47.1402472, -20.8727594, 1495.2 ], [ 47.140148, -20.8728922, 1497.0 ], [ 47.140089, -20.8729423, 1497.5 ], [ 47.1400434, -20.8729874, 1498.2 ], [ 47.1399629, -20.87302, 1498.0 ], [ 47.1398503, -20.8730476, 1497.2 ], [ 47.1397161, -20.8730726, 1496.2 ], [ 47.1395338, -20.8730751, 1493.8 ], [ 47.1394238, -20.8730701, 1492.0 ], [ 47.1392816, -20.8730225, 1488.5 ], [ 47.1390912, -20.8729498, 1484.0 ], [ 47.1388981, -20.8728822, 1480.0 ], [ 47.1387157, -20.8728847, 1478.0 ], [ 47.1385923, -20.8728947, 1477.0 ], [ 47.1384636, -20.8729348, 1477.7 ], [ 47.1383831, -20.8730025, 1478.2 ], [ 47.1383429, -20.8730701, 1479.8 ], [ 47.1382999, -20.873218, 1483.0 ], [ 47.138316, -20.8733533, 1486.5 ], [ 47.1383134, -20.8735513, 1491.0 ], [ 47.1382973, -20.873624, 1492.5 ], [ 47.138257, -20.8736766, 1493.2 ], [ 47.1381953, -20.8737368, 1494.2 ], [ 47.1380854, -20.8737794, 1493.7 ], [ 47.1379539, -20.8737794, 1493.0 ], [ 47.1376643, -20.8737593, 1490.5 ], [ 47.1374524, -20.8737343, 1489.2 ], [ 47.1372727, -20.8736917, 1487.8 ], [ 47.1368784, -20.8735588, 1486.0 ], [ 47.136645, -20.8734837, 1484.0 ], [ 47.136468, -20.8734561, 1483.5 ], [ 47.1363258, -20.8734511, 1483.2 ], [ 47.1362883, -20.8734636, 1483.3 ], [ 47.1361434, -20.8735638, 1483.8 ], [ 47.1360254, -20.8736491, 1484.0 ], [ 47.1357813, -20.8738596, 1484.5 ], [ 47.1347353, -20.874862, 1483.0 ], [ 47.1347031, -20.8749097, 1482.5 ], [ 47.1346816, -20.8749523, 1482.2 ], [ 47.1346763, -20.8749823, 1482.0 ], [ 47.1346843, -20.875055, 1481.8 ], [ 47.1347407, -20.8751502, 1481.9 ], [ 47.134805, -20.8752229, 1482.0 ], [ 47.1348292, -20.8752405, 1482.1 ], [ 47.1349177, -20.8753031, 1482.5 ], [ 47.1350411, -20.8753608, 1483.2 ], [ 47.1352234, -20.8754084, 1485.0 ], [ 47.1353441, -20.8754735, 1486.2 ], [ 47.1354005, -20.8755412, 1486.5 ], [ 47.1354353, -20.8756114, 1486.3 ], [ 47.1354729, -20.8757166, 1486.0 ], [ 47.1355239, -20.876055, 1484.0 ], [ 47.1355399, -20.8762504, 1482.8 ], [ 47.1355641, -20.8764359, 1481.2 ], [ 47.1355695, -20.8766213, 1479.5 ], [ 47.1355185, -20.8767842, 1476.8 ], [ 47.1354595, -20.8769722, 1473.2 ], [ 47.13543, -20.8770399, 1472.0 ], [ 47.1354112, -20.8771151, 1470.8 ], [ 47.1354085, -20.8772103, 1469.8 ], [ 47.1354273, -20.877318, 1469.0 ], [ 47.1354944, -20.8774283, 1468.8 ], [ 47.1356124, -20.8775787, 1468.2 ], [ 47.1357438, -20.8776789, 1468.8 ], [ 47.1359396, -20.8777942, 1469.5 ], [ 47.1360576, -20.8778443, 1470.0 ], [ 47.1361864, -20.8778544, 1471.2 ], [ 47.1363258, -20.8778418, 1473.0 ], [ 47.1364063, -20.8778343, 1474.0 ], [ 47.1364787, -20.8778368, 1474.8 ], [ 47.1365324, -20.8778544, 1475.0 ], [ 47.136578, -20.8778794, 1474.9 ], [ 47.1366209, -20.877917, 1474.8 ], [ 47.1366611, -20.8779847, 1474.2 ], [ 47.1366718, -20.8780573, 1473.2 ], [ 47.1366718, -20.87812, 1472.5 ], [ 47.1366557, -20.8782077, 1471.5 ], [ 47.1366423, -20.8782628, 1471.0 ], [ 47.1366182, -20.878323, 1470.2 ], [ 47.1365109, -20.8784257, 1468.8 ], [ 47.1360898, -20.8786638, 1463.5 ], [ 47.1358457, -20.8788217, 1459.0 ], [ 47.1358055, -20.8788643, 1458.2 ], [ 47.1357679, -20.878927, 1457.8 ], [ 47.1357518, -20.8789871, 1457.5 ], [ 47.1357492, -20.8790648, 1457.4 ], [ 47.1357411, -20.8791851, 1457.2 ], [ 47.1357599, -20.879358, 1457.1 ], [ 47.135784, -20.8794733, 1457.1 ], [ 47.1357948, -20.8795836, 1457.0 ], [ 47.1358109, -20.879774, 1456.5 ], [ 47.1358082, -20.8798943, 1456.2 ], [ 47.1357653, -20.8800321, 1455.5 ], [ 47.135599, -20.8804306, 1452.8 ], [ 47.1354568, -20.8807188, 1451.0 ], [ 47.1353763, -20.8809118, 1450.0 ], [ 47.1353549, -20.8810195, 1449.8 ], [ 47.1353576, -20.8811323, 1449.5 ], [ 47.1353951, -20.8812626, 1449.3 ], [ 47.1354783, -20.8815308, 1448.8 ], [ 47.1355936, -20.8818014, 1448.0 ], [ 47.1356365, -20.8819668, 1447.0 ], [ 47.135717, -20.8823903, 1444.0 ], [ 47.1357465, -20.8827662, 1441.2 ], [ 47.1357787, -20.8830569, 1440.2 ], [ 47.1357921, -20.8831396, 1440.6 ], [ 47.1358296, -20.8832499, 1441.0 ], [ 47.1358672, -20.8833301, 1441.8 ], [ 47.1359155, -20.8834103, 1442.5 ], [ 47.1362588, -20.883721, 1445.2 ], [ 47.1365324, -20.883914, 1445.8 ], [ 47.1367121, -20.8840568, 1444.5 ], [ 47.1367738, -20.8841621, 1444.2 ], [ 47.1367925, -20.8843124, 1445.0 ], [ 47.1367899, -20.8843976, 1445.5 ], [ 47.1367657, -20.8844778, 1446.2 ], [ 47.1367201, -20.8845781, 1447.0 ], [ 47.1363822, -20.8849214, 1452.0 ], [ 47.1362373, -20.8850667, 1453.5 ], [ 47.1361274, -20.8852346, 1454.5 ], [ 47.1360147, -20.8854076, 1455.5 ], [ 47.1358725, -20.8856456, 1456.5 ], [ 47.1357197, -20.8858511, 1458.5 ], [ 47.1353281, -20.8862997, 1461.0 ], [ 47.134923, -20.8867708, 1463.2 ], [ 47.1347085, -20.8870089, 1464.0 ], [ 47.1344027, -20.8872745, 1466.2 ], [ 47.1339199, -20.8875902, 1468.5 ], [ 47.1336731, -20.8877481, 1469.0 ], [ 47.1333781, -20.887916, 1469.2 ], [ 47.1331447, -20.8880438, 1469.0 ], [ 47.1329865, -20.8881616, 1468.0 ], [ 47.1328631, -20.8882618, 1467.5 ], [ 47.1328175, -20.8883445, 1467.2 ], [ 47.13278, -20.8884974, 1465.8 ], [ 47.1327773, -20.8886402, 1464.2 ], [ 47.132788, -20.8888432, 1463.5 ], [ 47.1328041, -20.8890888, 1463.2 ], [ 47.1328202, -20.8894597, 1464.0 ], [ 47.1328551, -20.8901312, 1463.2 ], [ 47.1328712, -20.890863, 1460.8 ], [ 47.1329007, -20.8914343, 1457.5 ], [ 47.1328872, -20.8917074, 1458.2 ], [ 47.1328336, -20.8918979, 1458.8 ], [ 47.1327639, -20.8920232, 1459.8 ], [ 47.1326405, -20.8921836, 1460.5 ], [ 47.1324071, -20.8924091, 1460.2 ], [ 47.1322998, -20.8925569, 1460.0 ], [ 47.1322542, -20.8926271, 1459.8 ], [ 47.1322301, -20.8927374, 1460.1 ], [ 47.1322408, -20.8928827, 1460.5 ], [ 47.1323428, -20.8935893, 1464.0 ], [ 47.1324661, -20.8943862, 1463.5 ], [ 47.1325761, -20.8950578, 1463.0 ], [ 47.1326458, -20.8954938, 1461.8 ], [ 47.1326298, -20.8958446, 1461.0 ], [ 47.1325895, -20.8961578, 1460.0 ], [ 47.1325815, -20.8963457, 1460.2 ], [ 47.1325573, -20.8964861, 1460.8 ], [ 47.1325198, -20.8966715, 1461.0 ], [ 47.1324447, -20.8969171, 1461.8 ], [ 47.1319941, -20.897759, 1461.0 ], [ 47.1318707, -20.8980797, 1461.6 ], [ 47.1317822, -20.8984731, 1462.2 ], [ 47.1314925, -20.8998388, 1461.5 ], [ 47.131412, -20.900172, 1460.5 ], [ 47.1313772, -20.9003575, 1460.0 ], [ 47.131286, -20.9006055, 1459.7 ], [ 47.1309909, -20.9014324, 1458.8 ], [ 47.1304598, -20.9028456, 1460.8 ], [ 47.1300817, -20.903898, 1457.2 ], [ 47.1299931, -20.9041586, 1456.2 ], [ 47.1299556, -20.9043365, 1455.5 ], [ 47.1299449, -20.9046272, 1454.5 ], [ 47.1299368, -20.9049328, 1453.5 ], [ 47.1298966, -20.9056294, 1448.5 ], [ 47.1298563, -20.9058599, 1446.8 ], [ 47.1298027, -20.9061406, 1444.8 ], [ 47.1297088, -20.9063986, 1442.8 ], [ 47.1296149, -20.9066342, 1441.2 ], [ 47.1293038, -20.9072556, 1438.0 ], [ 47.1292368, -20.9074435, 1437.2 ], [ 47.1292099, -20.9076139, 1436.8 ], [ 47.1291268, -20.9084031, 1436.0 ], [ 47.1290731, -20.9086387, 1436.3 ], [ 47.1288532, -20.90924, 1437.0 ], [ 47.128762, -20.9095106, 1438.5 ], [ 47.1287218, -20.909681, 1439.8 ], [ 47.1287137, -20.9097436, 1440.0 ], [ 47.128711, -20.9098138, 1440.2 ], [ 47.1287298, -20.9098814, 1440.0 ], [ 47.1287835, -20.9099491, 1439.8 ], [ 47.1289122, -20.9100769, 1438.0 ], [ 47.1293172, -20.9103174, 1432.2 ], [ 47.129446, -20.9104001, 1430.5 ], [ 47.1295077, -20.9104878, 1429.5 ], [ 47.1295372, -20.910593, 1428.8 ], [ 47.1295291, -20.9106932, 1428.5 ], [ 47.1294057, -20.9108761, 1429.5 ], [ 47.1292877, -20.9110114, 1430.0 ], [ 47.1291322, -20.9111542, 1430.8 ], [ 47.1288773, -20.9113747, 1432.0 ], [ 47.1287647, -20.9114699, 1432.5 ], [ 47.1286494, -20.9115952, 1433.0 ], [ 47.1286091, -20.9116629, 1432.9 ], [ 47.1285796, -20.9117556, 1432.8 ], [ 47.1285743, -20.9118433, 1432.5 ], [ 47.1286011, -20.9119385, 1432.2 ], [ 47.1286467, -20.9120161, 1431.5 ], [ 47.1287298, -20.9121189, 1430.0 ], [ 47.1290356, -20.9124496, 1427.0 ], [ 47.1291402, -20.9125398, 1426.2 ], [ 47.129218, -20.9125849, 1425.8 ], [ 47.1292904, -20.91261, 1425.2 ], [ 47.1293816, -20.912625, 1424.8 ], [ 47.1294728, -20.9126225, 1424.0 ], [ 47.1295613, -20.9126075, 1423.2 ], [ 47.1297571, -20.9125824, 1421.2 ], [ 47.1301353, -20.9125047, 1416.8 ], [ 47.1303284, -20.9124747, 1414.2 ], [ 47.1304679, -20.9124772, 1412.5 ], [ 47.1305805, -20.9125097, 1411.2 ], [ 47.1307093, -20.9125699, 1410.0 ], [ 47.1308219, -20.9126726, 1409.5 ], [ 47.1309319, -20.9128154, 1409.0 ], [ 47.1310124, -20.9129407, 1408.8 ], [ 47.1312511, -20.9134368, 1407.0 ], [ 47.131353, -20.9137024, 1405.8 ], [ 47.1314979, -20.9140256, 1404.5 ], [ 47.1317554, -20.9145342, 1402.2 ], [ 47.1322167, -20.9153159, 1397.8 ], [ 47.1323481, -20.9154712, 1396.5 ], [ 47.1324581, -20.9155664, 1395.2 ], [ 47.1325493, -20.9156191, 1394.5 ], [ 47.1327612, -20.9157168, 1393.0 ], [ 47.133083, -20.9158295, 1391.8 ], [ 47.1336731, -20.91603, 1390.2 ], [ 47.1339279, -20.9161853, 1390.5 ], [ 47.1345341, -20.9166463, 1390.2 ], [ 47.135084, -20.9170898, 1389.5 ], [ 47.1358672, -20.9177362, 1388.8 ], [ 47.1362668, -20.9180769, 1387.9 ], [ 47.1365324, -20.9183951, 1387.2 ], [ 47.1367174, -20.9186431, 1386.5 ], [ 47.1368381, -20.9188837, 1385.8 ], [ 47.1371225, -20.9196403, 1381.0 ], [ 47.137388, -20.9203794, 1376.0 ], [ 47.1374255, -20.9204746, 1375.8 ], [ 47.1375462, -20.9207827, 1374.5 ], [ 47.1375865, -20.9210182, 1374.9 ], [ 47.137557, -20.9212262, 1375.2 ], [ 47.1375194, -20.9213865, 1375.0 ], [ 47.1374121, -20.9216371, 1375.2 ], [ 47.1370715, -20.9223737, 1374.0 ], [ 47.1370259, -20.9225089, 1373.5 ], [ 47.1370232, -20.9226267, 1372.8 ], [ 47.1370286, -20.9226668, 1372.5 ], [ 47.1370447, -20.922757, 1371.8 ], [ 47.1370956, -20.9228597, 1370.5 ], [ 47.1374094, -20.9234259, 1366.8 ], [ 47.1374497, -20.9235036, 1366.7 ], [ 47.1375141, -20.9236188, 1366.6 ], [ 47.1376374, -20.9239245, 1366.2 ], [ 47.1377474, -20.9242276, 1365.8 ], [ 47.1378842, -20.9246986, 1364.8 ], [ 47.1379673, -20.9250744, 1363.5 ], [ 47.1379754, -20.9252924, 1363.2 ], [ 47.1379834, -20.9254702, 1363.0 ], [ 47.1380103, -20.9257408, 1362.0 ], [ 47.1380129, -20.9259212, 1361.9 ], [ 47.1380398, -20.9261943, 1361.8 ], [ 47.1381068, -20.9265375, 1360.8 ], [ 47.1384957, -20.9278102, 1356.2 ], [ 47.1385467, -20.9280306, 1355.5 ], [ 47.1385735, -20.9281935, 1355.0 ], [ 47.1385843, -20.9283313, 1354.5 ], [ 47.1385628, -20.9286169, 1353.2 ], [ 47.1382812, -20.9306411, 1344.0 ], [ 47.1382758, -20.930834, 1342.5 ], [ 47.1383268, -20.9310269, 1342.0 ], [ 47.1384743, -20.9314202, 1341.2 ], [ 47.1387345, -20.9319889, 1340.0 ], [ 47.1389651, -20.9324574, 1338.2 ], [ 47.1390831, -20.932743, 1337.0 ], [ 47.1391475, -20.9329609, 1336.2 ], [ 47.1391502, -20.9332039, 1334.8 ], [ 47.1391207, -20.9333492, 1334.0 ], [ 47.139059, -20.9335096, 1333.2 ], [ 47.1390134, -20.9336048, 1333.0 ], [ 47.1389356, -20.9337526, 1332.5 ], [ 47.1384743, -20.9345993, 1330.2 ], [ 47.1380532, -20.9354135, 1331.8 ], [ 47.1361864, -20.9389732, 1328.2 ], [ 47.1353361, -20.9406667, 1324.8 ], [ 47.1351054, -20.9411025, 1323.8 ], [ 47.131286, -20.948372, 1316.8 ], [ 47.130594, -20.9497347, 1315.5 ], [ 47.1302721, -20.9505162, 1314.5 ], [ 47.129792, -20.9521394, 1313.0 ], [ 47.1292421, -20.953998, 1313.2 ], [ 47.1287459, -20.9557062, 1310.5 ], [ 47.1286815, -20.9559342, 1310.0 ], [ 47.128526, -20.9564577, 1308.8 ], [ 47.1279305, -20.9584415, 1306.5 ], [ 47.1272573, -20.9607759, 1307.5 ], [ 47.1270159, -20.9616325, 1309.5 ], [ 47.1269596, -20.9618228, 1310.0 ], [ 47.1269408, -20.9621334, 1310.8 ], [ 47.1269408, -20.9623764, 1311.8 ], [ 47.1269569, -20.9625442, 1312.5 ], [ 47.1269622, -20.9626744, 1313.0 ], [ 47.1270829, -20.9630727, 1315.2 ], [ 47.1278366, -20.9649537, 1320.2 ], [ 47.1280271, -20.9654496, 1320.8 ], [ 47.128121, -20.9657076, 1320.9 ], [ 47.1281826, -20.9659881, 1321.0 ], [ 47.1281987, -20.9662561, 1321.2 ], [ 47.1281826, -20.966459, 1321.3 ], [ 47.1280593, -20.9669073, 1321.5 ], [ 47.1278796, -20.9674132, 1322.2 ], [ 47.1273565, -20.9687331, 1325.2 ], [ 47.1270669, -20.9693968, 1326.0 ], [ 47.1268818, -20.9698001, 1325.8 ], [ 47.1268657, -20.9699203, 1325.6 ], [ 47.1268737, -20.970018, 1325.4 ], [ 47.1269435, -20.9701081, 1325.2 ], [ 47.127268, -20.9702584, 1323.5 ], [ 47.1277481, -20.9704513, 1319.8 ], [ 47.12818, -20.9706166, 1316.2 ], [ 47.1283811, -20.9707193, 1314.5 ], [ 47.1285769, -20.970872, 1312.8 ], [ 47.1287245, -20.9710624, 1312.5 ], [ 47.1288505, -20.9712602, 1312.2 ], [ 47.1289095, -20.971403, 1312.0 ], [ 47.1289364, -20.9716259, 1312.5 ], [ 47.1289015, -20.9717636, 1312.8 ], [ 47.1287915, -20.9719565, 1314.2 ], [ 47.1285716, -20.9722545, 1315.5 ], [ 47.1282551, -20.9726302, 1315.8 ], [ 47.127614, -20.9733565, 1316.5 ], [ 47.1274906, -20.9734918, 1317.2 ], [ 47.1274129, -20.973612, 1317.8 ], [ 47.1273673, -20.9737097, 1318.0 ], [ 47.1273458, -20.9738374, 1317.4 ], [ 47.127378, -20.9739826, 1316.8 ], [ 47.1274397, -20.9741054, 1314.5 ], [ 47.1275041, -20.9742506, 1312.0 ], [ 47.1275336, -20.9743608, 1310.8 ], [ 47.1275362, -20.9745061, 1310.2 ], [ 47.1275121, -20.9746764, 1310.0 ], [ 47.127445, -20.9748392, 1310.2 ], [ 47.127319, -20.9750245, 1311.0 ], [ 47.1269193, -20.9754027, 1314.8 ], [ 47.1266565, -20.9756131, 1317.2 ], [ 47.1264955, -20.9757608, 1318.0 ], [ 47.1264097, -20.9758635, 1318.5 ], [ 47.1263614, -20.9759311, 1319.0 ], [ 47.12634, -20.9760113, 1318.9 ], [ 47.1263373, -20.9761165, 1318.8 ], [ 47.1263641, -20.9762242, 1318.0 ], [ 47.1270427, -20.9779347, 1309.5 ], [ 47.1271071, -20.9780499, 1308.8 ], [ 47.1271634, -20.9781375, 1308.2 ], [ 47.1272331, -20.9782252, 1308.0 ], [ 47.1273887, -20.9783379, 1307.2 ], [ 47.1276033, -20.9784656, 1305.2 ], [ 47.1287003, -20.9790391, 1295.5 ], [ 47.1293467, -20.9793797, 1293.2 ], [ 47.1293896, -20.9794098, 1293.0 ], [ 47.129505, -20.9794949, 1292.2 ], [ 47.1296284, -20.9796202, 1291.5 ], [ 47.129733, -20.9798355, 1290.8 ], [ 47.1298161, -20.9801486, 1288.5 ], [ 47.1298617, -20.980404, 1286.2 ], [ 47.1298724, -20.980672, 1284.2 ], [ 47.1298671, -20.980975, 1283.2 ], [ 47.1298644, -20.9811353, 1282.2 ], [ 47.1298832, -20.9812731, 1281.2 ], [ 47.1299395, -20.9814133, 1280.2 ], [ 47.1300307, -20.9815485, 1279.2 ], [ 47.130366, -20.9819718, 1276.2 ], [ 47.1305189, -20.9822172, 1276.5 ], [ 47.1305725, -20.9822748, 1276.8 ], [ 47.1306235, -20.9823274, 1277.0 ], [ 47.1307173, -20.982385, 1277.2 ], [ 47.130838, -20.98242, 1276.8 ], [ 47.1310553, -20.9824025, 1274.2 ], [ 47.1312833, -20.9823675, 1272.0 ], [ 47.1314791, -20.9823349, 1270.5 ], [ 47.1316588, -20.9823149, 1269.5 ], [ 47.131817, -20.9823074, 1268.8 ], [ 47.1320343, -20.9823624, 1268.5 ], [ 47.1321604, -20.9824125, 1268.2 ], [ 47.1322998, -20.9825077, 1268.8 ], [ 47.1324071, -20.9826054, 1269.2 ], [ 47.1325654, -20.9827732, 1269.0 ], [ 47.1328068, -20.9830687, 1267.8 ], [ 47.1331984, -20.9835245, 1263.2 ], [ 47.1334291, -20.9837949, 1260.5 ], [ 47.1335444, -20.9839803, 1260.2 ], [ 47.1336597, -20.9842307, 1259.2 ], [ 47.1337563, -20.9844886, 1258.2 ], [ 47.1337911, -20.9846765, 1258.5 ], [ 47.1338663, -20.9848442, 1258.8 ], [ 47.1339414, -20.9849619, 1259.0 ], [ 47.1340245, -20.9850621, 1258.8 ], [ 47.1341398, -20.9851448, 1257.8 ], [ 47.13429, -20.9852299, 1256.2 ], [ 47.134451, -20.98528, 1254.8 ], [ 47.13462, -20.9853, 1253.0 ], [ 47.134797, -20.98528, 1251.5 ], [ 47.134923, -20.9852299, 1250.2 ], [ 47.1351457, -20.9851423, 1248.0 ], [ 47.1354005, -20.9849644, 1243.0 ], [ 47.1355775, -20.9848618, 1239.8 ], [ 47.1356633, -20.9848392, 1238.8 ], [ 47.1357733, -20.9848292, 1237.8 ], [ 47.1358833, -20.9848342, 1236.8 ], [ 47.136012, -20.9848718, 1236.0 ], [ 47.13613, -20.9849294, 1235.2 ], [ 47.1362454, -20.985002, 1234.8 ], [ 47.1363097, -20.9850496, 1234.5 ], [ 47.1363714, -20.9851072, 1234.2 ], [ 47.1364036, -20.9852024, 1234.5 ], [ 47.1364278, -20.9852775, 1234.7 ], [ 47.1364573, -20.985553, 1235.5 ], [ 47.1364975, -20.9858785, 1235.7 ], [ 47.136476, -20.9859687, 1235.8 ], [ 47.1364251, -20.9860563, 1236.0 ], [ 47.1363339, -20.986139, 1236.5 ], [ 47.1362051, -20.9862066, 1237.2 ], [ 47.135843, -20.9863193, 1239.8 ], [ 47.1357277, -20.9863568, 1240.8 ], [ 47.1356177, -20.9864044, 1241.5 ], [ 47.1355158, -20.9864846, 1242.2 ], [ 47.1354192, -20.9866148, 1242.8 ], [ 47.1353897, -20.98673, 1242.5 ], [ 47.1354085, -20.9868276, 1241.5 ], [ 47.1354488, -20.9869203, 1240.5 ], [ 47.1356365, -20.9871933, 1237.5 ], [ 47.1358377, -20.9875038, 1234.5 ], [ 47.1359369, -20.987599, 1233.5 ], [ 47.1360442, -20.9876866, 1232.5 ], [ 47.1361595, -20.9877392, 1230.8 ], [ 47.1363527, -20.9878294, 1228.0 ], [ 47.1365377, -20.9879395, 1226.0 ], [ 47.1366423, -20.9880372, 1225.0 ], [ 47.136806, -20.9882325, 1224.0 ], [ 47.1369615, -20.9884153, 1222.8 ], [ 47.1370769, -20.988523, 1221.8 ], [ 47.1371868, -20.9885957, 1220.8 ], [ 47.1373209, -20.9886583, 1219.5 ], [ 47.1374631, -20.9887109, 1218.5 ], [ 47.1378091, -20.9887634, 1217.0 ], [ 47.1386084, -20.9888636, 1217.0 ], [ 47.1388659, -20.9889012, 1217.0 ], [ 47.1390724, -20.9889312, 1217.5 ], [ 47.1391985, -20.9889488, 1217.8 ], [ 47.1394265, -20.9889362, 1218.0 ], [ 47.1406335, -20.988816, 1224.5 ], [ 47.1408427, -20.988806, 1226.0 ], [ 47.1410331, -20.9888235, 1227.2 ], [ 47.1412209, -20.9888912, 1228.8 ], [ 47.1428704, -20.9898753, 1235.0 ], [ 47.1449116, -20.9910448, 1222.0 ], [ 47.1451476, -20.9911925, 1220.2 ], [ 47.1453729, -20.9913253, 1219.2 ], [ 47.1455392, -20.9914405, 1219.0 ], [ 47.1456438, -20.9915531, 1219.0 ], [ 47.1457055, -20.9917209, 1219.0 ], [ 47.1457565, -20.9919163, 1219.4 ], [ 47.1458209, -20.9922819, 1220.0 ], [ 47.1458369, -20.9923745, 1220.5 ], [ 47.1459442, -20.9930356, 1224.2 ], [ 47.1460596, -20.9936116, 1227.0 ], [ 47.1461159, -20.9938269, 1228.2 ], [ 47.146242, -20.9940824, 1229.2 ], [ 47.1466255, -20.9947435, 1234.0 ], [ 47.1468481, -20.9951391, 1235.8 ], [ 47.1469688, -20.9952919, 1236.2 ], [ 47.1470493, -20.9953695, 1236.8 ], [ 47.1472022, -20.9954672, 1238.2 ], [ 47.1476877, -20.9957025, 1243.5 ], [ 47.1477762, -20.9957802, 1244.5 ], [ 47.1478298, -20.9958678, 1245.2 ], [ 47.1478486, -20.9958979, 1245.5 ], [ 47.1478888, -20.9960005, 1246.0 ], [ 47.1479344, -20.9967643, 1247.8 ], [ 47.1479478, -20.9971049, 1248.2 ], [ 47.1479586, -20.99722, 1248.5 ], [ 47.1479881, -20.9973878, 1248.8 ], [ 47.1480659, -20.997508, 1249.2 ], [ 47.1481249, -20.9976032, 1249.8 ], [ 47.1484789, -20.9980013, 1251.2 ], [ 47.1487337, -20.9982768, 1251.9 ], [ 47.1492434, -20.9988302, 1253.2 ], [ 47.1494955, -20.9991282, 1253.8 ], [ 47.1496564, -20.9992859, 1254.2 ], [ 47.1498039, -20.9994086, 1254.0 ], [ 47.1499702, -20.9995113, 1254.6 ], [ 47.150217, -20.9996315, 1255.5 ], [ 47.150327, -20.9996765, 1256.2 ], [ 47.1507561, -20.9998468, 1259.8 ], [ 47.1511558, -21.0000271, 1257.8 ], [ 47.1513864, -21.0001323, 1260.8 ], [ 47.1516547, -21.0002299, 1262.8 ], [ 47.1516788, -21.000235, 1263.0 ], [ 47.1519014, -21.00029, 1264.5 ], [ 47.1523091, -21.0003426, 1267.2 ], [ 47.1526873, -21.0003677, 1268.8 ], [ 47.1528858, -21.0003827, 1269.2 ], [ 47.1539024, -21.0004228, 1273.8 ], [ 47.1542618, -21.0004428, 1275.2 ], [ 47.1544173, -21.0004478, 1275.6 ], [ 47.1546239, -21.0004653, 1276.0 ], [ 47.1548411, -21.000548, 1276.2 ], [ 47.1549645, -21.0006356, 1276.8 ], [ 47.1550208, -21.0007232, 1277.5 ], [ 47.1551067, -21.0008635, 1278.8 ], [ 47.1551737, -21.0010187, 1280.2 ], [ 47.1552461, -21.0012316, 1282.8 ], [ 47.1552461, -21.0014845, 1284.8 ], [ 47.1551791, -21.0016873, 1285.8 ], [ 47.1550182, -21.0019377, 1285.2 ], [ 47.1549591, -21.002113, 1284.2 ], [ 47.154943, -21.0022507, 1283.5 ], [ 47.1549967, -21.0023984, 1283.4 ], [ 47.1551067, -21.0025737, 1283.2 ], [ 47.1554822, -21.0029143, 1285.0 ], [ 47.1556753, -21.0030946, 1285.2 ], [ 47.155796, -21.0032623, 1285.0 ], [ 47.155906, -21.0034251, 1284.8 ], [ 47.1559569, -21.0036129, 1284.2 ], [ 47.1559784, -21.0038232, 1283.5 ], [ 47.1559355, -21.0041362, 1281.5 ], [ 47.1559006, -21.0043741, 1280.8 ], [ 47.1558926, -21.0044367, 1280.5 ], [ 47.155863, -21.0046395, 1280.2 ], [ 47.1557745, -21.0054959, 1284.8 ], [ 47.1556699, -21.0060593, 1289.2 ], [ 47.1556056, -21.0064299, 1291.0 ], [ 47.1555465, -21.0065851, 1291.2 ], [ 47.1554393, -21.0067604, 1291.8 ], [ 47.1552891, -21.0069356, 1292.2 ], [ 47.1549833, -21.0072361, 1293.5 ], [ 47.1548223, -21.0073162, 1294.2 ], [ 47.1546158, -21.0073638, 1294.8 ], [ 47.15431, -21.0073688, 1294.9 ], [ 47.1541116, -21.0073939, 1294.9 ], [ 47.1539158, -21.0074465, 1295.0 ], [ 47.1537682, -21.0075466, 1295.5 ], [ 47.15361, -21.0076768, 1296.0 ], [ 47.1535724, -21.0077269, 1296.2 ], [ 47.1535107, -21.0078095, 1296.5 ], [ 47.153433, -21.0079973, 1297.0 ], [ 47.153213, -21.0090965, 1303.5 ], [ 47.153095, -21.0096975, 1306.0 ], [ 47.153028, -21.010068, 1306.2 ], [ 47.153028, -21.0102283, 1306.2 ], [ 47.1530575, -21.0104036, 1306.8 ], [ 47.1530789, -21.0104587, 1306.7 ], [ 47.1530923, -21.0104887, 1306.7 ], [ 47.1531084, -21.0105313, 1306.7 ], [ 47.1531406, -21.0106064, 1306.6 ], [ 47.1532425, -21.0107817, 1306.5 ], [ 47.1539935, -21.0119159, 1305.8 ], [ 47.1541598, -21.0121713, 1304.8 ], [ 47.1543396, -21.0124517, 1303.0 ], [ 47.1544039, -21.0125944, 1302.8 ], [ 47.1543986, -21.0127447, 1303.2 ], [ 47.1543315, -21.0128774, 1304.8 ], [ 47.1542349, -21.0129876, 1306.2 ], [ 47.1538299, -21.0132555, 1312.2 ], [ 47.1537602, -21.0133306, 1314.0 ], [ 47.1537361, -21.0133932, 1315.0 ], [ 47.1537226, -21.0134808, 1316.0 ], [ 47.1537387, -21.0135584, 1316.2 ], [ 47.1537817, -21.0136561, 1315.8 ], [ 47.1538728, -21.0137287, 1315.2 ], [ 47.1540338, -21.0137662, 1313.2 ], [ 47.1544334, -21.0137938, 1306.5 ], [ 47.1545434, -21.0138113, 1305.0 ], [ 47.1546078, -21.0138288, 1304.0 ], [ 47.154699, -21.013949, 1302.8 ], [ 47.1547258, -21.0140667, 1302.2 ], [ 47.1546909, -21.0141794, 1302.5 ], [ 47.1543369, -21.0147502, 1312.8 ], [ 47.154294, -21.0148579, 1315.0 ], [ 47.1542779, -21.0149906, 1317.0 ], [ 47.1543181, -21.0151233, 1318.2 ], [ 47.1543878, -21.0152134, 1318.5 ], [ 47.15453, -21.0152886, 1316.8 ], [ 47.1547848, -21.0153987, 1313.2 ], [ 47.1548975, -21.0154338, 1311.8 ], [ 47.1551013, -21.0154438, 1308.5 ], [ 47.1552166, -21.0154363, 1306.2 ], [ 47.1553186, -21.0154538, 1304.5 ], [ 47.1554205, -21.0155114, 1303.2 ], [ 47.1554741, -21.0155915, 1303.6 ], [ 47.1555009, -21.0157367, 1304.2 ], [ 47.1555144, -21.015902, 1304.5 ], [ 47.1554983, -21.0160547, 1305.2 ], [ 47.1554661, -21.0161499, 1306.2 ], [ 47.1553454, -21.0164053, 1310.2 ], [ 47.1550959, -21.0168459, 1317.8 ], [ 47.1550369, -21.0169611, 1320.0 ], [ 47.1550182, -21.0170663, 1321.2 ], [ 47.1550369, -21.0171814, 1321.0 ], [ 47.1550906, -21.0172415, 1319.8 ], [ 47.1552032, -21.0173066, 1317.2 ], [ 47.1553347, -21.0173266, 1314.5 ], [ 47.1554714, -21.0173417, 1311.5 ], [ 47.1555921, -21.0173817, 1309.2 ], [ 47.1556833, -21.0174669, 1307.8 ], [ 47.1557263, -21.017562, 1307.0 ], [ 47.1557289, -21.0176697, 1306.8 ], [ 47.1557075, -21.0177898, 1307.4 ], [ 47.1555921, -21.0179225, 1308.2 ], [ 47.1552837, -21.0182105, 1313.5 ], [ 47.154994, -21.0184608, 1320.8 ], [ 47.1549109, -21.018556, 1323.0 ], [ 47.154876, -21.0186511, 1324.5 ], [ 47.1548519, -21.0187613, 1326.0 ], [ 47.1548492, -21.0188639, 1326.8 ], [ 47.1548975, -21.0189541, 1326.2 ], [ 47.1549484, -21.0190492, 1325.8 ], [ 47.1550289, -21.0191469, 1325.0 ], [ 47.1551254, -21.0192295, 1323.5 ], [ 47.1552086, -21.0192896, 1322.0 ], [ 47.1553025, -21.0193046, 1320.0 ], [ 47.1554044, -21.0192871, 1317.5 ], [ 47.1554956, -21.0192796, 1315.5 ], [ 47.1555895, -21.0192796, 1313.8 ], [ 47.1557155, -21.0193046, 1311.8 ], [ 47.1558148, -21.0193472, 1310.5 ], [ 47.1558899, -21.0194273, 1310.0 ], [ 47.1559408, -21.0195224, 1310.2 ], [ 47.1559489, -21.0196526, 1311.0 ], [ 47.1559381, -21.0197678, 1311.5 ], [ 47.1558496, -21.0199355, 1313.5 ], [ 47.1556833, -21.0202335, 1317.5 ], [ 47.1555331, -21.0204413, 1320.2 ], [ 47.1553856, -21.020574, 1323.0 ], [ 47.1551952, -21.0207668, 1327.5 ], [ 47.1551254, -21.0208519, 1329.2 ], [ 47.1551093, -21.020932, 1330.2 ], [ 47.155112, -21.0210197, 1331.0 ], [ 47.1551469, -21.0210973, 1331.5 ], [ 47.1552113, -21.0211574, 1331.8 ], [ 47.1553025, -21.0211999, 1331.2 ], [ 47.1554366, -21.0212225, 1329.8 ], [ 47.1556512, -21.0212225, 1327.8 ], [ 47.1559596, -21.02125, 1325.5 ], [ 47.1561554, -21.02126, 1323.5 ], [ 47.1563378, -21.0213051, 1322.5 ], [ 47.15648, -21.0213602, 1322.2 ], [ 47.1565792, -21.0214152, 1322.2 ], [ 47.156716, -21.0215104, 1322.1 ], [ 47.1567965, -21.021578, 1322.0 ], [ 47.1569037, -21.0217307, 1321.2 ], [ 47.1569708, -21.0218584, 1320.8 ], [ 47.1570137, -21.0219861, 1320.2 ], [ 47.1570164, -21.0220987, 1320.5 ], [ 47.1570057, -21.0222264, 1320.8 ], [ 47.1569735, -21.0224117, 1322.0 ], [ 47.1568716, -21.0227222, 1325.8 ], [ 47.156826, -21.0228749, 1328.0 ], [ 47.156826, -21.0230226, 1330.0 ], [ 47.1568367, -21.0230877, 1330.8 ], [ 47.1568635, -21.0231753, 1331.5 ], [ 47.1570835, -21.0234382, 1332.5 ], [ 47.1571639, -21.0235258, 1333.8 ], [ 47.1572444, -21.023601, 1335.2 ], [ 47.157349, -21.023656, 1336.2 ], [ 47.1574804, -21.0236861, 1336.5 ], [ 47.1576226, -21.0236811, 1335.5 ], [ 47.1579605, -21.0235884, 1331.2 ], [ 47.1581671, -21.0235384, 1328.5 ], [ 47.1583012, -21.0235083, 1326.8 ], [ 47.1584004, -21.0235183, 1326.0 ], [ 47.1584889, -21.0235484, 1325.5 ], [ 47.1585613, -21.0236135, 1325.8 ], [ 47.158615, -21.0236886, 1326.2 ], [ 47.1586552, -21.0238188, 1327.5 ], [ 47.158851, -21.0245423, 1337.0 ], [ 47.1588886, -21.0246425, 1338.2 ], [ 47.1589422, -21.0247226, 1338.8 ], [ 47.1590093, -21.0247852, 1338.4 ], [ 47.1591085, -21.0248478, 1338.0 ], [ 47.1592319, -21.0248803, 1336.8 ], [ 47.1593928, -21.0248703, 1334.2 ], [ 47.1595538, -21.0248703, 1331.2 ], [ 47.1596879, -21.0248903, 1329.2 ], [ 47.1597925, -21.0249429, 1328.5 ], [ 47.1598595, -21.0250055, 1328.0 ], [ 47.1599159, -21.0250781, 1327.5 ], [ 47.1599776, -21.0251757, 1327.0 ], [ 47.1600097, -21.0252709, 1326.8 ], [ 47.1600124, -21.0254011, 1326.9 ], [ 47.1599883, -21.0255263, 1327.0 ], [ 47.1596155, -21.0266979, 1335.8 ], [ 47.1595833, -21.0268607, 1338.0 ], [ 47.1595645, -21.0269809, 1339.5 ], [ 47.1595699, -21.0270935, 1340.5 ], [ 47.159594, -21.0272087, 1341.2 ], [ 47.1596584, -21.0273464, 1341.8 ], [ 47.1597683, -21.0275116, 1342.5 ], [ 47.1598917, -21.0276343, 1342.8 ], [ 47.1602082, -21.0278646, 1342.4 ], [ 47.1605569, -21.0281025, 1342.1 ], [ 47.160683, -21.02814, 1342.0 ], [ 47.1608466, -21.0281651, 1340.5 ], [ 47.1609592, -21.0281651, 1338.8 ], [ 47.1610612, -21.0281676, 1337.2 ], [ 47.1611738, -21.0281726, 1335.8 ], [ 47.161257, -21.0282101, 1335.2 ], [ 47.1613348, -21.0282802, 1335.8 ], [ 47.161383, -21.0283779, 1337.2 ], [ 47.161434, -21.0286332, 1341.5 ], [ 47.1614581, -21.0287133, 1342.5 ], [ 47.1615198, -21.028811, 1343.5 ], [ 47.1616191, -21.0288611, 1343.8 ], [ 47.1616995, -21.0288986, 1344.0 ], [ 47.1622118, -21.0289962, 1345.5 ], [ 47.1623567, -21.0290163, 1345.8 ], [ 47.1625659, -21.0290163, 1346.2 ], [ 47.1627161, -21.0289987, 1346.8 ], [ 47.1628582, -21.0289387, 1346.5 ], [ 47.1634161, -21.0286032, 1345.2 ], [ 47.1641698, -21.0281175, 1341.2 ], [ 47.1642798, -21.0280674, 1341.0 ], [ 47.1644139, -21.0280349, 1340.8 ], [ 47.164548, -21.0280098, 1340.0 ], [ 47.1647009, -21.0279973, 1339.2 ], [ 47.1648565, -21.0280123, 1339.0 ], [ 47.1650228, -21.0280574, 1338.8 ], [ 47.1651891, -21.02815, 1338.6 ], [ 47.1658838, -21.0286082, 1338.0 ], [ 47.1660125, -21.0287158, 1338.2 ], [ 47.1660796, -21.028801, 1338.5 ], [ 47.1661279, -21.0289487, 1339.5 ], [ 47.1661627, -21.0290989, 1340.5 ], [ 47.1661761, -21.0291715, 1341.0 ], [ 47.1662512, -21.0296422, 1342.8 ], [ 47.1662888, -21.0298875, 1343.2 ], [ 47.1663612, -21.030233, 1343.0 ], [ 47.1664041, -21.0303782, 1342.5 ], [ 47.1664792, -21.0305034, 1341.5 ], [ 47.1666133, -21.0306311, 1340.8 ], [ 47.1666804, -21.0306761, 1340.8 ], [ 47.1668145, -21.0307688, 1341.0 ], [ 47.1669781, -21.0308814, 1341.2 ], [ 47.1672142, -21.0310642, 1341.8 ], [ 47.1673778, -21.0312319, 1342.2 ], [ 47.1674851, -21.0313771, 1342.5 ], [ 47.1676165, -21.0315774, 1342.2 ], [ 47.1680135, -21.0322784, 1344.0 ], [ 47.1680751, -21.0324386, 1344.8 ], [ 47.16811, -21.0326189, 1344.7 ], [ 47.1681529, -21.0329443, 1344.5 ], [ 47.1681905, -21.0334175, 1343.8 ], [ 47.1682253, -21.0338356, 1344.2 ], [ 47.1681905, -21.0339758, 1343.8 ], [ 47.1681288, -21.0341235, 1343.0 ], [ 47.1679839, -21.0342511, 1341.8 ], [ 47.1678767, -21.0343062, 1340.8 ], [ 47.1677318, -21.0343338, 1339.2 ], [ 47.1675441, -21.0343388, 1336.5 ], [ 47.1673107, -21.0343488, 1333.8 ], [ 47.1671632, -21.0343488, 1332.2 ], [ 47.1670237, -21.0343888, 1330.8 ], [ 47.1669057, -21.034474, 1330.0 ], [ 47.1667367, -21.0346667, 1329.8 ], [ 47.1665838, -21.0348219, 1329.2 ], [ 47.1665168, -21.0349571, 1328.3 ], [ 47.1661037, -21.0360486, 1321.2 ], [ 47.1660447, -21.0362064, 1319.0 ], [ 47.166034, -21.036309, 1317.8 ], [ 47.166034, -21.0364016, 1316.5 ], [ 47.1660823, -21.0364943, 1315.2 ], [ 47.1661708, -21.0365543, 1314.0 ], [ 47.1662888, -21.0365844, 1312.8 ], [ 47.1664417, -21.0365794, 1311.5 ], [ 47.1666509, -21.0365043, 1311.2 ], [ 47.1670988, -21.0362815, 1313.8 ], [ 47.1673509, -21.0361788, 1314.2 ], [ 47.1675333, -21.0361237, 1313.8 ], [ 47.1677667, -21.0361137, 1313.2 ], [ 47.1680993, -21.0361638, 1310.5 ], [ 47.1683514, -21.0361638, 1309.5 ], [ 47.1684775, -21.0361463, 1309.2 ], [ 47.1687108, -21.0360311, 1311.5 ], [ 47.1688986, -21.035946, 1313.5 ], [ 47.1690568, -21.035921, 1314.8 ], [ 47.1692526, -21.0359285, 1314.0 ], [ 47.1694404, -21.0359986, 1313.2 ], [ 47.1698722, -21.0361613, 1310.5 ], [ 47.1699876, -21.0362314, 1309.8 ], [ 47.1701083, -21.0363365, 1308.5 ], [ 47.170229, -21.0364792, 1307.5 ], [ 47.1703443, -21.036642, 1307.0 ], [ 47.170516, -21.0367696, 1307.1 ], [ 47.1707064, -21.0368948, 1307.2 ], [ 47.1713904, -21.0371827, 1307.0 ], [ 47.1718732, -21.037368, 1306.2 ], [ 47.1720529, -21.0374205, 1305.2 ], [ 47.1722487, -21.0374431, 1303.8 ], [ 47.1724874, -21.037438, 1302.0 ], [ 47.1727341, -21.037433, 1299.0 ], [ 47.1729138, -21.037433, 1297.0 ], [ 47.1730694, -21.0374606, 1295.5 ], [ 47.1731982, -21.0375332, 1294.8 ], [ 47.1732894, -21.0376333, 1294.5 ], [ 47.1733591, -21.0377485, 1294.7 ], [ 47.173394, -21.0378987, 1295.0 ], [ 47.1734986, -21.038467, 1293.8 ], [ 47.1735361, -21.0386572, 1293.0 ], [ 47.1735871, -21.0388049, 1292.2 ], [ 47.173681, -21.0389476, 1291.0 ], [ 47.1740189, -21.0394082, 1286.2 ], [ 47.1741155, -21.039581, 1285.0 ], [ 47.174153, -21.0397562, 1283.5 ], [ 47.1741664, -21.0399114, 1282.2 ], [ 47.1741369, -21.0400791, 1282.0 ], [ 47.174086, -21.0402644, 1281.2 ], [ 47.1739385, -21.0406599, 1277.5 ], [ 47.1738097, -21.0408627, 1276.0 ], [ 47.173689, -21.0409904, 1275.5 ], [ 47.1735683, -21.0410555, 1276.0 ], [ 47.1734288, -21.0411105, 1276.2 ], [ 47.1731499, -21.0412207, 1277.8 ], [ 47.1729594, -21.0413108, 1279.0 ], [ 47.1728119, -21.041431, 1279.8 ], [ 47.1727556, -21.0415411, 1279.5 ], [ 47.1727261, -21.0416463, 1278.8 ], [ 47.17271, -21.0417739, 1277.8 ], [ 47.1727368, -21.0419542, 1275.5 ], [ 47.17282, -21.0423747, 1274.2 ], [ 47.1729112, -21.0428103, 1277.2 ], [ 47.1729675, -21.042958, 1279.5 ], [ 47.1730426, -21.0430106, 1279.8 ], [ 47.1731338, -21.0430506, 1279.5 ], [ 47.1732277, -21.0430556, 1279.2 ], [ 47.1733323, -21.0430456, 1278.5 ], [ 47.1734476, -21.042958, 1276.5 ], [ 47.1735764, -21.0428153, 1274.0 ], [ 47.1736595, -21.0427352, 1272.8 ], [ 47.1738929, -21.0426, 1270.0 ], [ 47.1740323, -21.0425725, 1269.8 ], [ 47.1742791, -21.042555, 1269.0 ], [ 47.1745849, -21.0425625, 1268.0 ], [ 47.1748692, -21.0425675, 1267.2 ], [ 47.1752071, -21.0425124, 1264.8 ], [ 47.1762452, -21.0423397, 1257.0 ], [ 47.1763632, -21.0423146, 1256.2 ], [ 47.1765, -21.0422871, 1255.0 ], [ 47.1767011, -21.0421795, 1252.8 ], [ 47.1768567, -21.0420768, 1251.2 ], [ 47.1769774, -21.0419667, 1249.5 ], [ 47.1771088, -21.0418365, 1247.8 ], [ 47.1772242, -21.0416412, 1246.5 ], [ 47.177377, -21.0413609, 1244.8 ], [ 47.1775112, -21.0410204, 1242.5 ], [ 47.1776319, -21.0407876, 1241.0 ], [ 47.1777686, -21.0406299, 1239.8 ], [ 47.1779189, -21.0404897, 1238.8 ], [ 47.1782032, -21.040337, 1237.5 ], [ 47.1791902, -21.0398814, 1230.8 ], [ 47.1794665, -21.0397712, 1228.8 ], [ 47.1796864, -21.0397212, 1227.2 ], [ 47.1798876, -21.0397011, 1225.5 ], [ 47.1800727, -21.0397262, 1223.5 ], [ 47.1802068, -21.0397712, 1222.0 ], [ 47.1802872, -21.0398038, 1221.0 ], [ 47.1803328, -21.0398338, 1220.5 ], [ 47.1805555, -21.039974, 1217.8 ], [ 47.1806923, -21.0401342, 1215.8 ], [ 47.1824223, -21.042973, 1191.2 ], [ 47.1825457, -21.0431758, 1190.2 ], [ 47.1826664, -21.0434086, 1190.0 ], [ 47.1827307, -21.0436014, 1189.8 ], [ 47.1827763, -21.0439218, 1189.3 ], [ 47.1827951, -21.044107, 1189.0 ], [ 47.1828541, -21.0447028, 1190.0 ], [ 47.182889, -21.0450708, 1190.5 ], [ 47.1830258, -21.0454438, 1190.3 ], [ 47.1838412, -21.0470734, 1189.5 ], [ 47.1841711, -21.0477293, 1189.2 ], [ 47.1842515, -21.0479821, 1187.0 ], [ 47.1843722, -21.0487681, 1177.5 ], [ 47.1844259, -21.0489659, 1175.2 ], [ 47.1845493, -21.0492012, 1174.5 ], [ 47.1847317, -21.0494365, 1174.8 ], [ 47.1848872, -21.0496368, 1175.0 ], [ 47.1850777, -21.0498696, 1177.8 ], [ 47.1851984, -21.0499647, 1179.8 ], [ 47.1852788, -21.0500097, 1181.0 ], [ 47.1853593, -21.0500548, 1182.2 ], [ 47.1855766, -21.0501124, 1184.0 ], [ 47.1857616, -21.0501299, 1184.8 ], [ 47.1860513, -21.0501174, 1185.2 ], [ 47.1862096, -21.0501249, 1185.5 ], [ 47.1863732, -21.0501649, 1186.5 ], [ 47.1865878, -21.0502676, 1187.5 ], [ 47.1877652, -21.0510986, 1199.8 ], [ 47.1879423, -21.0512338, 1201.0 ], [ 47.1881032, -21.0513865, 1203.0 ], [ 47.1884412, -21.0517795, 1210.0 ], [ 47.1885431, -21.0518646, 1211.8 ], [ 47.1886691, -21.0519322, 1213.8 ], [ 47.1888247, -21.0519422, 1215.0 ], [ 47.1889669, -21.0519022, 1215.5 ], [ 47.1890849, -21.051797, 1215.2 ], [ 47.1891546, -21.0516594, 1214.5 ], [ 47.1891493, -21.0514966, 1212.8 ], [ 47.1891037, -21.0511387, 1208.2 ], [ 47.1890527, -21.0508208, 1204.8 ], [ 47.1890715, -21.0506681, 1203.8 ], [ 47.1891439, -21.050573, 1203.6 ], [ 47.1892244, -21.0505004, 1203.5 ], [ 47.1893558, -21.0504603, 1204.0 ], [ 47.1894819, -21.0504503, 1204.8 ], [ 47.1896347, -21.0504703, 1206.2 ], [ 47.1904179, -21.0506906, 1212.8 ], [ 47.1909249, -21.0508133, 1213.2 ], [ 47.1910724, -21.0508608, 1213.5 ], [ 47.1911797, -21.050956, 1213.8 ], [ 47.1912763, -21.0510836, 1215.0 ], [ 47.1921319, -21.0524504, 1222.8 ], [ 47.1924162, -21.0528208, 1221.2 ], [ 47.1924752, -21.0529184, 1220.8 ], [ 47.1925074, -21.0530636, 1220.9 ], [ 47.1925154, -21.0532088, 1221.0 ], [ 47.1924832, -21.0533991, 1221.2 ], [ 47.1924028, -21.0535568, 1222.0 ], [ 47.1922982, -21.0536344, 1223.5 ], [ 47.1920675, -21.0537044, 1227.5 ], [ 47.1916518, -21.0537495, 1234.8 ], [ 47.191515, -21.0538096, 1236.8 ], [ 47.191413, -21.0538997, 1238.2 ], [ 47.1913674, -21.0540624, 1239.0 ], [ 47.1913353, -21.0544779, 1241.5 ], [ 47.1913299, -21.0546256, 1242.8 ], [ 47.1913621, -21.0547733, 1243.2 ], [ 47.1914372, -21.0548434, 1242.2 ], [ 47.1915472, -21.0548734, 1240.0 ], [ 47.1918476, -21.0548459, 1233.2 ], [ 47.1919629, -21.0548634, 1231.0 ], [ 47.1920434, -21.0549185, 1229.2 ], [ 47.1920997, -21.0549986, 1228.0 ], [ 47.1920997, -21.0551187, 1228.5 ], [ 47.1920648, -21.0552689, 1229.2 ], [ 47.1919844, -21.0555017, 1232.0 ], [ 47.1918637, -21.055717, 1235.0 ], [ 47.1917456, -21.0559022, 1238.2 ], [ 47.1916088, -21.0560223, 1241.5 ], [ 47.1912575, -21.0562251, 1250.0 ], [ 47.1911153, -21.0563528, 1253.5 ], [ 47.1910509, -21.0564529, 1255.0 ], [ 47.1910188, -21.056573, 1256.2 ], [ 47.1910241, -21.0566957, 1257.2 ], [ 47.1910617, -21.0567958, 1257.8 ], [ 47.191118, -21.0568859, 1257.0 ], [ 47.1912172, -21.056946, 1256.2 ], [ 47.1913835, -21.0569635, 1253.2 ], [ 47.1915606, -21.0569335, 1249.5 ], [ 47.1916866, -21.056931, 1247.2 ], [ 47.1918288, -21.056966, 1245.5 ], [ 47.19192, -21.0570386, 1245.9 ], [ 47.1919683, -21.0571487, 1246.2 ], [ 47.1919897, -21.0572714, 1247.2 ], [ 47.1919844, -21.0574341, 1249.2 ], [ 47.1919227, -21.0576969, 1254.0 ], [ 47.1917832, -21.0580999, 1262.2 ], [ 47.191759, -21.0582101, 1264.2 ], [ 47.1917939, -21.0583102, 1265.2 ], [ 47.1918583, -21.0583502, 1264.8 ], [ 47.1919656, -21.0583677, 1263.0 ], [ 47.1922097, -21.0583152, 1257.8 ], [ 47.1923196, -21.0583152, 1256.2 ], [ 47.1924055, -21.0583677, 1255.8 ], [ 47.1924484, -21.0584428, 1256.0 ], [ 47.1924645, -21.0585655, 1257.2 ], [ 47.1924457, -21.0587507, 1260.2 ], [ 47.1924591, -21.0589009, 1261.8 ], [ 47.1924967, -21.0590436, 1262.5 ], [ 47.1925744, -21.0591637, 1262.3 ], [ 47.1928078, -21.0594165, 1261.8 ], [ 47.1929365, -21.0596068, 1262.0 ], [ 47.1931109, -21.0599847, 1264.5 ], [ 47.1932665, -21.0603602, 1268.2 ], [ 47.1933684, -21.0605254, 1270.2 ], [ 47.1935052, -21.060658, 1272.2 ], [ 47.193701, -21.0607832, 1274.0 ], [ 47.1938673, -21.0608583, 1274.8 ], [ 47.1941221, -21.0609084, 1274.5 ], [ 47.1943823, -21.0609109, 1273.5 ], [ 47.1945298, -21.0609359, 1274.0 ], [ 47.1946317, -21.0609759, 1275.0 ], [ 47.1947175, -21.0610535, 1276.8 ], [ 47.1948463, -21.0612813, 1282.8 ], [ 47.1949482, -21.0613489, 1284.2 ], [ 47.1950528, -21.0613689, 1283.8 ], [ 47.1951413, -21.0613539, 1283.5 ], [ 47.1955678, -21.0612262, 1282.5 ], [ 47.1957207, -21.0611612, 1282.2 ], [ 47.1964073, -21.0607557, 1286.2 ], [ 47.1966434, -21.0606005, 1289.0 ], [ 47.1968472, -21.0604378, 1290.5 ], [ 47.1969733, -21.0602951, 1290.8 ], [ 47.1970645, -21.0601274, 1289.5 ], [ 47.1970993, -21.0599597, 1287.2 ], [ 47.197094, -21.0598095, 1284.8 ], [ 47.197051, -21.0596418, 1281.2 ], [ 47.1970457, -21.0594666, 1278.5 ], [ 47.1970752, -21.0593339, 1277.2 ], [ 47.1970993, -21.0592789, 1277.0 ], [ 47.1971798, -21.0591687, 1277.1 ], [ 47.1972576, -21.0591112, 1277.2 ], [ 47.1973032, -21.0590986, 1277.2 ], [ 47.1973702, -21.0591011, 1277.2 ], [ 47.1974587, -21.0591237, 1278.0 ], [ 47.1975312, -21.0591888, 1279.8 ], [ 47.1975929, -21.0592638, 1281.8 ], [ 47.1976653, -21.059369, 1284.5 ], [ 47.1977457, -21.0595242, 1288.2 ], [ 47.1978235, -21.0596068, 1290.5 ], [ 47.197904, -21.0596443, 1291.8 ], [ 47.1979871, -21.0596468, 1292.0 ], [ 47.1981052, -21.0596043, 1290.8 ], [ 47.1983063, -21.0594591, 1285.8 ], [ 47.1984163, -21.0594065, 1283.8 ], [ 47.1985477, -21.059409, 1283.2 ], [ 47.1986443, -21.059424, 1283.5 ], [ 47.1987543, -21.0594616, 1284.8 ], [ 47.198824, -21.0595242, 1287.0 ], [ 47.1988481, -21.0596093, 1290.0 ], [ 47.1988428, -21.0597269, 1293.5 ], [ 47.1987891, -21.0599171, 1298.8 ], [ 47.1987703, -21.0600498, 1302.5 ], [ 47.1988186, -21.0601174, 1304.8 ], [ 47.198891, -21.060205, 1307.8 ], [ 47.1989688, -21.0602075, 1308.0 ], [ 47.1991029, -21.0601725, 1307.2 ], [ 47.1993309, -21.0599847, 1303.8 ], [ 47.1996126, -21.0597344, 1302.0 ], [ 47.1997359, -21.0596093, 1301.0 ], [ 47.1999612, -21.0595167, 1302.8 ], [ 47.2000954, -21.0595242, 1306.2 ], [ 47.2002187, -21.0595016, 1309.0 ], [ 47.2003502, -21.059404, 1310.5 ], [ 47.2005594, -21.0588308, 1308.0 ], [ 47.2005996, -21.0586906, 1307.2 ], [ 47.200613, -21.0584904, 1305.0 ], [ 47.2006023, -21.0583602, 1303.0 ], [ 47.2005728, -21.05818, 1300.0 ], [ 47.2006372, -21.0580574, 1300.2 ], [ 47.2007445, -21.0579072, 1300.0 ], [ 47.2009081, -21.0578071, 1301.8 ], [ 47.2012541, -21.0576894, 1307.2 ], [ 47.2014713, -21.0576544, 1310.8 ], [ 47.2016242, -21.0576619, 1313.5 ], [ 47.2017717, -21.0576419, 1315.5 ], [ 47.2018763, -21.0575943, 1315.8 ], [ 47.2020051, -21.0574041, 1312.0 ], [ 47.202158, -21.0572664, 1310.2 ], [ 47.2022438, -21.0571988, 1309.5 ], [ 47.2023726, -21.0571788, 1310.8 ], [ 47.2024825, -21.0572088, 1313.2 ], [ 47.202622, -21.0572839, 1317.5 ], [ 47.2028178, -21.0574041, 1324.5 ], [ 47.2030163, -21.0574266, 1328.8 ], [ 47.2031853, -21.057339, 1328.2 ], [ 47.2033811, -21.056966, 1321.0 ], [ 47.2034696, -21.0568834, 1321.5 ], [ 47.2036037, -21.0567883, 1322.2 ], [ 47.2037807, -21.0566832, 1325.0 ], [ 47.2040328, -21.0564929, 1330.0 ], [ 47.204116, -21.0563478, 1330.2 ], [ 47.2041401, -21.0562076, 1329.2 ], [ 47.2041187, -21.0560549, 1327.0 ], [ 47.204057, -21.0558672, 1323.2 ], [ 47.2040623, -21.055707, 1322.0 ], [ 47.2041079, -21.0555693, 1321.8 ], [ 47.2042125, -21.055319, 1321.2 ], [ 47.2043198, -21.0551688, 1321.8 ], [ 47.2044083, -21.0550111, 1322.0 ], [ 47.204513, -21.0548684, 1322.8 ], [ 47.204572, -21.0546682, 1321.2 ], [ 47.2046337, -21.0545906, 1321.0 ], [ 47.2047222, -21.0545255, 1320.5 ], [ 47.2048134, -21.0544904, 1320.4 ], [ 47.2050923, -21.0544429, 1320.2 ], [ 47.2051916, -21.0544329, 1319.8 ], [ 47.2052988, -21.0544354, 1319.5 ], [ 47.2054383, -21.0544704, 1320.0 ], [ 47.2055402, -21.0545505, 1320.5 ], [ 47.2056448, -21.0547257, 1322.5 ], [ 47.2057012, -21.0549435, 1325.2 ], [ 47.2062591, -21.0574041, 1335.5 ], [ 47.2063717, -21.0578446, 1331.2 ], [ 47.206361, -21.0579622, 1331.0 ], [ 47.2062993, -21.0580499, 1332.2 ], [ 47.2060391, -21.0582126, 1339.5 ], [ 47.2059613, -21.0583077, 1341.5 ], [ 47.2059426, -21.0584028, 1342.0 ], [ 47.2059721, -21.0587207, 1340.2 ], [ 47.205964, -21.0588784, 1340.5 ], [ 47.205905, -21.0591487, 1344.0 ], [ 47.205897, -21.0592613, 1345.2 ], [ 47.2059265, -21.0593665, 1345.0 ], [ 47.2060204, -21.0595467, 1343.5 ], [ 47.206125, -21.0596994, 1342.0 ], [ 47.2061518, -21.0597595, 1342.2 ], [ 47.2061679, -21.0598446, 1343.2 ], [ 47.206133, -21.06021, 1351.0 ], [ 47.2061437, -21.0602876, 1352.0 ], [ 47.2062001, -21.0603527, 1351.2 ], [ 47.2062778, -21.0603877, 1349.2 ], [ 47.2065407, -21.0604328, 1342.2 ], [ 47.2066373, -21.0604828, 1340.8 ], [ 47.2067097, -21.0605855, 1341.0 ], [ 47.2067446, -21.0606856, 1342.2 ], [ 47.2067606, -21.0608633, 1345.2 ], [ 47.2067419, -21.0610385, 1348.8 ], [ 47.206707, -21.0611587, 1351.5 ], [ 47.2065809, -21.0613614, 1357.8 ], [ 47.2065622, -21.0614715, 1359.8 ], [ 47.2065943, -21.0615842, 1360.2 ], [ 47.2067848, -21.0618069, 1358.2 ], [ 47.206884, -21.0619471, 1358.0 ], [ 47.2069699, -21.0621073, 1357.9 ], [ 47.2070423, -21.0624202, 1357.8 ], [ 47.2070932, -21.0626129, 1357.8 ], [ 47.2071013, -21.0628307, 1358.1 ], [ 47.2070315, -21.0630685, 1358.5 ], [ 47.2068948, -21.0632712, 1360.5 ], [ 47.2067311, -21.0634139, 1363.8 ], [ 47.2066346, -21.063554, 1366.5 ], [ 47.2066319, -21.0636567, 1367.5 ], [ 47.2066587, -21.0637518, 1368.0 ], [ 47.2066936, -21.0638669, 1368.5 ], [ 47.2067606, -21.0640171, 1368.2 ], [ 47.2068384, -21.0642449, 1368.7 ], [ 47.2068679, -21.0644927, 1369.2 ], [ 47.2068921, -21.064758, 1370.0 ], [ 47.2069564, -21.0650458, 1369.8 ], [ 47.2069699, -21.065231, 1370.5 ], [ 47.2069591, -21.0653487, 1371.2 ], [ 47.2069028, -21.0655965, 1374.2 ], [ 47.2068706, -21.0657817, 1376.2 ], [ 47.206876, -21.0659569, 1376.8 ], [ 47.206943, -21.0661596, 1377.4 ], [ 47.2069591, -21.0662948, 1377.8 ], [ 47.206935, -21.06648, 1379.8 ], [ 47.2068867, -21.0666477, 1382.5 ], [ 47.2068626, -21.0667954, 1385.0 ], [ 47.2068813, -21.0669405, 1386.8 ], [ 47.2069833, -21.0670632, 1387.0 ], [ 47.2071227, -21.0671333, 1386.0 ], [ 47.2072381, -21.0671483, 1384.8 ], [ 47.2073883, -21.0671583, 1383.2 ], [ 47.2075358, -21.0671883, 1382.5 ], [ 47.207804, -21.067306, 1383.0 ], [ 47.2080776, -21.0674161, 1384.0 ], [ 47.2081527, -21.0674712, 1384.8 ], [ 47.2082224, -21.0675813, 1386.5 ], [ 47.2082305, -21.067739, 1389.0 ], [ 47.2081849, -21.0678791, 1391.0 ], [ 47.208083, -21.0679617, 1392.0 ], [ 47.2079703, -21.0679893, 1392.5 ], [ 47.2077826, -21.0679893, 1393.2 ], [ 47.2073454, -21.0679117, 1394.5 ], [ 47.2071549, -21.0678917, 1395.5 ], [ 47.2070101, -21.0679142, 1396.2 ], [ 47.2069001, -21.0679642, 1397.0 ], [ 47.2068411, -21.0680694, 1398.0 ], [ 47.2068304, -21.068172, 1398.8 ], [ 47.2068653, -21.0682596, 1399.2 ], [ 47.2069672, -21.0683247, 1399.5 ], [ 47.207112, -21.0683522, 1399.2 ], [ 47.2074071, -21.0683797, 1398.5 ], [ 47.207796, -21.0684673, 1397.9 ], [ 47.2080427, -21.0685649, 1397.5 ], [ 47.208437, -21.0687151, 1396.8 ], [ 47.2088286, -21.0688127, 1395.0 ], [ 47.2089976, -21.0688503, 1394.8 ], [ 47.2090539, -21.0688578, 1394.9 ], [ 47.2093731, -21.0689229, 1395.5 ], [ 47.209475, -21.0689879, 1396.2 ], [ 47.2095287, -21.0690805, 1396.8 ], [ 47.2095582, -21.0691982, 1397.0 ], [ 47.2095501, -21.0693508, 1396.9 ], [ 47.2095126, -21.069496, 1396.8 ], [ 47.2092283, -21.0705447, 1396.0 ], [ 47.2092149, -21.0707099, 1396.5 ], [ 47.2092283, -21.0708826, 1396.8 ], [ 47.2092792, -21.0710678, 1397.5 ], [ 47.209518, -21.0715759, 1400.2 ], [ 47.209534, -21.0716785, 1400.0 ], [ 47.2095206, -21.0717761, 1399.2 ], [ 47.2093785, -21.0719739, 1396.5 ], [ 47.2093382, -21.072069, 1395.8 ], [ 47.2093356, -21.0721716, 1395.0 ], [ 47.2093812, -21.0722717, 1394.5 ], [ 47.209467, -21.0723618, 1395.0 ], [ 47.209636, -21.0724469, 1395.8 ], [ 47.2097111, -21.072517, 1396.5 ], [ 47.2097674, -21.0726096, 1396.8 ], [ 47.209813, -21.0727648, 1395.8 ], [ 47.2099793, -21.0737108, 1386.2 ], [ 47.2099954, -21.0738109, 1385.2 ], [ 47.2100356, -21.0739035, 1385.0 ], [ 47.2103414, -21.0742539, 1385.8 ], [ 47.2105426, -21.0744842, 1385.2 ], [ 47.2105908, -21.0745768, 1384.2 ], [ 47.2106659, -21.0748646, 1380.2 ], [ 47.2107223, -21.0749522, 1379.5 ], [ 47.2109368, -21.0751124, 1380.8 ], [ 47.2109959, -21.075195, 1380.2 ], [ 47.2110146, -21.0753076, 1379.5 ], [ 47.2110173, -21.0754503, 1377.8 ], [ 47.2109422, -21.0758908, 1373.8 ], [ 47.2108966, -21.0760084, 1372.5 ], [ 47.210784, -21.0762011, 1370.0 ], [ 47.2107571, -21.0762762, 1369.2 ], [ 47.2107571, -21.0763613, 1369.0 ], [ 47.2108242, -21.0765515, 1369.2 ], [ 47.2109771, -21.0768844, 1369.5 ], [ 47.2109905, -21.0769795, 1368.8 ], [ 47.2109717, -21.0770671, 1367.2 ], [ 47.2108939, -21.0771722, 1364.5 ], [ 47.2108349, -21.0772423, 1362.5 ], [ 47.2108054, -21.0773248, 1360.8 ], [ 47.2108054, -21.077425, 1359.2 ], [ 47.2108644, -21.0775576, 1357.8 ], [ 47.2109449, -21.0776802, 1356.5 ], [ 47.2110522, -21.0777879, 1355.8 ], [ 47.2113687, -21.0779931, 1356.8 ], [ 47.2128975, -21.0789491, 1352.5 ], [ 47.2130772, -21.0790793, 1354.2 ], [ 47.2131819, -21.0791994, 1355.0 ], [ 47.213265, -21.0793821, 1354.3 ], [ 47.213273, -21.0795273, 1353.8 ], [ 47.2132435, -21.0797225, 1351.0 ], [ 47.213155, -21.0799027, 1347.0 ], [ 47.2130719, -21.0801229, 1341.5 ], [ 47.2130665, -21.0802731, 1338.2 ], [ 47.2131228, -21.0804433, 1335.5 ], [ 47.2132838, -21.0806134, 1334.8 ], [ 47.2135976, -21.0808712, 1336.2 ], [ 47.213721, -21.0810414, 1335.8 ], [ 47.2138122, -21.0812666, 1332.2 ], [ 47.2138765, -21.0814919, 1329.2 ], [ 47.2139356, -21.0818348, 1324.0 ], [ 47.2139946, -21.08204, 1321.5 ], [ 47.2147402, -21.0838569, 1308.0 ], [ 47.2151238, -21.0846052, 1295.0 ], [ 47.2152686, -21.0847328, 1293.5 ], [ 47.2154751, -21.0847979, 1296.0 ], [ 47.2156146, -21.0847879, 1299.2 ], [ 47.2158775, -21.0846527, 1307.0 ], [ 47.215974, -21.0846427, 1308.2 ], [ 47.2161108, -21.0846878, 1308.5 ], [ 47.2162691, -21.0848229, 1307.2 ], [ 47.2163656, -21.0849731, 1305.5 ], [ 47.2164488, -21.0851933, 1302.2 ], [ 47.2164676, -21.085401, 1299.0 ], [ 47.216422, -21.0855462, 1297.0 ], [ 47.2160867, -21.0860142, 1288.8 ], [ 47.2160143, -21.0861068, 1287.2 ], [ 47.2159338, -21.0863545, 1285.8 ], [ 47.215848, -21.0866949, 1284.2 ], [ 47.2158292, -21.0868225, 1284.0 ], [ 47.2158507, -21.0870227, 1284.2 ], [ 47.2159123, -21.0871929, 1283.8 ], [ 47.2160411, -21.0873881, 1283.2 ], [ 47.2161216, -21.0875858, 1283.0 ], [ 47.2161376, -21.087731, 1283.3 ], [ 47.2161055, -21.0879136, 1283.7 ], [ 47.2157621, -21.0885443, 1285.2 ], [ 47.2156522, -21.088742, 1286.2 ], [ 47.214767, -21.0904562, 1295.8 ], [ 47.214649, -21.0906289, 1297.0 ], [ 47.2145525, -21.090724, 1296.5 ], [ 47.2141153, -21.0910043, 1292.0 ], [ 47.2139597, -21.0911519, 1291.2 ], [ 47.2138631, -21.0914247, 1292.8 ], [ 47.2137049, -21.0920328, 1292.9 ], [ 47.2137156, -21.092218, 1293.0 ], [ 47.2137639, -21.0924107, 1293.0 ], [ 47.2139302, -21.0929487, 1289.5 ], [ 47.2140107, -21.0930689, 1288.8 ], [ 47.214126, -21.0931414, 1289.0 ], [ 47.2142789, -21.0931815, 1290.5 ], [ 47.2147858, -21.093234, 1295.8 ], [ 47.2149709, -21.0932841, 1297.5 ], [ 47.2150728, -21.0933717, 1297.2 ], [ 47.2151667, -21.0935143, 1295.8 ], [ 47.2156039, -21.0943702, 1286.0 ], [ 47.2157997, -21.094673, 1283.2 ], [ 47.2159687, -21.0948556, 1282.2 ], [ 47.2165132, -21.095236, 1280.2 ], [ 47.2167385, -21.0953286, 1279.5 ], [ 47.2169825, -21.0953661, 1281.2 ], [ 47.2172266, -21.0953787, 1284.8 ], [ 47.2173715, -21.0954337, 1286.0 ], [ 47.2174627, -21.0955413, 1285.4 ], [ 47.2174922, -21.0956689, 1284.8 ], [ 47.2175968, -21.0963271, 1278.5 ], [ 47.2177845, -21.0975708, 1269.2 ], [ 47.2177953, -21.097821, 1266.5 ], [ 47.2177416, -21.0979461, 1264.5 ], [ 47.2176129, -21.0980788, 1262.0 ], [ 47.2173661, -21.0982815, 1258.0 ], [ 47.2171864, -21.0983866, 1255.8 ], [ 47.2170523, -21.0984316, 1254.8 ], [ 47.2169101, -21.0984441, 1254.0 ], [ 47.2165748, -21.0983791, 1252.5 ], [ 47.2163817, -21.0984116, 1251.5 ], [ 47.2162503, -21.0985042, 1250.8 ], [ 47.216194, -21.0985893, 1251.0 ], [ 47.2161457, -21.0987294, 1251.2 ], [ 47.2161752, -21.0988971, 1252.0 ], [ 47.2162288, -21.0989821, 1251.6 ], [ 47.2163549, -21.0990547, 1251.0 ], [ 47.216548, -21.0990147, 1250.0 ], [ 47.216953, -21.098842, 1250.2 ], [ 47.2170389, -21.0988495, 1250.1 ], [ 47.2171301, -21.098882, 1249.9 ], [ 47.2174761, -21.0990547, 1249.0 ], [ 47.2175699, -21.0991248, 1248.8 ], [ 47.2177014, -21.0992649, 1247.8 ], [ 47.2177657, -21.0994151, 1245.8 ], [ 47.2178677, -21.0997929, 1240.5 ], [ 47.2179052, -21.0998855, 1239.5 ], [ 47.2179884, -21.0999881, 1238.8 ], [ 47.2182003, -21.1001708, 1237.5 ], [ 47.2186857, -21.1004686, 1235.0 ], [ 47.2187582, -21.1005111, 1234.0 ], [ 47.2189245, -21.1005611, 1232.5 ], [ 47.2191364, -21.1005762, 1231.8 ], [ 47.2200966, -21.1005586, 1230.0 ], [ 47.2202843, -21.1005486, 1230.5 ], [ 47.2205392, -21.1005086, 1231.2 ], [ 47.2208637, -21.1004185, 1232.2 ], [ 47.2210461, -21.1003685, 1232.5 ], [ 47.2213492, -21.1002809, 1231.0 ], [ 47.2215208, -21.1002684, 1230.2 ], [ 47.221671, -21.1002834, 1229.5 ], [ 47.2218212, -21.1003359, 1228.5 ], [ 47.222001, -21.100436, 1227.2 ], [ 47.2220814, -21.1005511, 1226.8 ], [ 47.222186, -21.1007738, 1226.0 ], [ 47.2222531, -21.1010316, 1224.5 ], [ 47.2224033, -21.1018724, 1218.8 ], [ 47.2226635, -21.1034388, 1208.0 ], [ 47.2226715, -21.1035489, 1207.2 ], [ 47.2226527, -21.1036465, 1206.8 ], [ 47.2225803, -21.1037817, 1206.2 ], [ 47.222414, -21.1039543, 1205.8 ], [ 47.2220734, -21.1042471, 1204.5 ], [ 47.2219607, -21.1043297, 1204.0 ], [ 47.2218078, -21.1044172, 1203.5 ], [ 47.2216657, -21.1044798, 1203.2 ], [ 47.2215423, -21.1045048, 1203.0 ], [ 47.2204158, -21.104695, 1199.0 ], [ 47.2201341, -21.1047726, 1197.2 ], [ 47.2199813, -21.1049052, 1196.5 ], [ 47.2198364, -21.1050879, 1196.8 ], [ 47.2197881, -21.1051479, 1197.7 ], [ 47.219536, -21.1055132, 1203.0 ], [ 47.2193885, -21.1056359, 1205.2 ], [ 47.2192383, -21.1056934, 1206.0 ], [ 47.218852, -21.105751, 1206.8 ], [ 47.2182727, -21.1058536, 1207.0 ], [ 47.2179562, -21.1059411, 1207.2 ], [ 47.2175619, -21.1061063, 1209.2 ], [ 47.2175029, -21.1061288, 1209.5 ], [ 47.2173473, -21.1061814, 1209.8 ], [ 47.2167975, -21.1062789, 1211.8 ], [ 47.2165373, -21.1062839, 1213.0 ], [ 47.2163576, -21.1062164, 1213.8 ], [ 47.2161242, -21.1061213, 1214.0 ], [ 47.2158104, -21.1060212, 1214.2 ], [ 47.2155476, -21.1059862, 1215.8 ], [ 47.2153142, -21.1059662, 1216.5 ], [ 47.2152123, -21.1059612, 1217.0 ], [ 47.2150192, -21.1059461, 1218.2 ], [ 47.2144264, -21.1059186, 1220.2 ], [ 47.2141501, -21.1059136, 1220.8 ], [ 47.2136191, -21.1058886, 1219.0 ], [ 47.213493, -21.1059011, 1218.2 ], [ 47.2133884, -21.1059587, 1218.1 ], [ 47.2133347, -21.1060112, 1218.0 ], [ 47.2132704, -21.1061563, 1218.2 ], [ 47.2132167, -21.1065467, 1217.2 ], [ 47.2132382, -21.1066668, 1217.0 ], [ 47.2132999, -21.1067469, 1216.8 ], [ 47.213434, -21.1068394, 1217.0 ], [ 47.2135252, -21.1068645, 1217.2 ], [ 47.2142279, -21.1068595, 1220.8 ], [ 47.2152632, -21.1069095, 1218.5 ], [ 47.215333, -21.106917, 1218.2 ], [ 47.2155368, -21.1069245, 1217.2 ], [ 47.2158292, -21.106937, 1216.0 ], [ 47.2159472, -21.1069445, 1215.5 ], [ 47.2161725, -21.1069621, 1214.5 ], [ 47.216607, -21.1069971, 1211.8 ], [ 47.2167465, -21.1070221, 1211.0 ], [ 47.216886, -21.1070647, 1210.0 ], [ 47.217468, -21.1072623, 1206.8 ], [ 47.2179267, -21.1074425, 1206.0 ], [ 47.2182405, -21.1076577, 1205.5 ], [ 47.2187233, -21.108008, 1208.2 ], [ 47.2189406, -21.1081631, 1210.1 ], [ 47.2189862, -21.1082432, 1210.8 ], [ 47.219013, -21.1083433, 1210.0 ], [ 47.2189701, -21.1085285, 1207.0 ], [ 47.2188869, -21.1087136, 1202.8 ], [ 47.2188118, -21.1091015, 1196.8 ], [ 47.2187716, -21.1092766, 1193.2 ], [ 47.2187877, -21.1094418, 1191.2 ], [ 47.2188359, -21.1095494, 1190.9 ], [ 47.2188628, -21.1095894, 1190.8 ], [ 47.2192222, -21.1098446, 1191.8 ], [ 47.2193322, -21.1099547, 1191.2 ], [ 47.2198579, -21.1107029, 1182.2 ], [ 47.2199008, -21.110848, 1181.0 ], [ 47.2198713, -21.1109756, 1179.8 ], [ 47.219764, -21.1110807, 1178.8 ], [ 47.2191739, -21.1113209, 1177.4 ], [ 47.2189996, -21.1113435, 1177.0 ], [ 47.2180527, -21.1111208, 1172.8 ], [ 47.2178891, -21.1111758, 1171.0 ], [ 47.2177336, -21.1113785, 1170.2 ], [ 47.217688, -21.1116938, 1170.8 ], [ 47.2177979, -21.1121366, 1168.5 ], [ 47.2179025, -21.1122943, 1167.2 ], [ 47.2184095, -21.1126096, 1164.8 ], [ 47.2188172, -21.1127972, 1161.2 ], [ 47.2190049, -21.1128523, 1159.5 ], [ 47.2192007, -21.1128047, 1159.2 ], [ 47.2193322, -21.1127422, 1159.0 ], [ 47.2195762, -21.1125645, 1160.2 ], [ 47.2197828, -21.112532, 1159.2 ], [ 47.2202066, -21.112537, 1159.0 ], [ 47.220346, -21.1125795, 1159.2 ], [ 47.2204694, -21.1126696, 1159.0 ], [ 47.2205392, -21.1127797, 1158.0 ], [ 47.2207162, -21.1131475, 1155.2 ], [ 47.2209066, -21.1140308, 1150.0 ], [ 47.2210354, -21.1142359, 1149.5 ], [ 47.2228512, -21.1157397, 1151.2 ], [ 47.2229853, -21.1158123, 1152.0 ], [ 47.2231248, -21.1158623, 1152.8 ], [ 47.2232965, -21.1158899, 1153.2 ], [ 47.224018, -21.1158373, 1152.2 ], [ 47.2241253, -21.1158298, 1152.4 ], [ 47.2243989, -21.1158048, 1153.0 ], [ 47.2248656, -21.1157773, 1156.8 ], [ 47.2261772, -21.1158173, 1161.0 ], [ 47.2263998, -21.1158373, 1160.5 ], [ 47.2265607, -21.1159299, 1160.8 ], [ 47.2267377, -21.116085, 1161.8 ], [ 47.2269845, -21.1163602, 1163.5 ], [ 47.2270676, -21.1164904, 1164.2 ], [ 47.2271696, -21.1166205, 1165.0 ], [ 47.2272125, -21.1167681, 1165.8 ], [ 47.2272125, -21.1170133, 1167.5 ], [ 47.2272259, -21.1179691, 1171.2 ], [ 47.2273493, -21.1204736, 1168.2 ], [ 47.2273278, -21.1208439, 1171.0 ], [ 47.2272956, -21.1211817, 1173.5 ], [ 47.2272286, -21.121482, 1176.0 ], [ 47.2271106, -21.1216896, 1178.8 ], [ 47.2268987, -21.1218973, 1183.2 ], [ 47.2266439, -21.122105, 1188.5 ], [ 47.2265446, -21.122195, 1190.5 ], [ 47.2264695, -21.1223176, 1192.0 ], [ 47.2264293, -21.1224803, 1193.2 ], [ 47.2263059, -21.1234811, 1203.0 ], [ 47.2262013, -21.1248171, 1204.8 ], [ 47.2261772, -21.1250223, 1204.6 ], [ 47.2261745, -21.1252224, 1204.5 ], [ 47.2261852, -21.1254626, 1204.3 ], [ 47.2261664, -21.1255777, 1204.2 ], [ 47.2261316, -21.1256978, 1204.4 ], [ 47.2260725, -21.1258104, 1204.5 ], [ 47.2259679, -21.125988, 1204.0 ], [ 47.2258204, -21.1262407, 1203.8 ], [ 47.2256514, -21.1264984, 1202.8 ], [ 47.2255495, -21.1266911, 1202.0 ], [ 47.2255093, -21.1267936, 1201.5 ], [ 47.2254932, -21.1268762, 1201.0 ], [ 47.2254905, -21.1269638, 1200.2 ], [ 47.2255039, -21.1270663, 1199.5 ], [ 47.2255147, -21.127224, 1199.2 ], [ 47.2255147, -21.1273491, 1199.0 ], [ 47.2255281, -21.1274692, 1198.8 ], [ 47.2255307, -21.1275667, 1198.5 ], [ 47.22552, -21.1276693, 1198.0 ], [ 47.225512, -21.1277669, 1197.8 ], [ 47.2254851, -21.1278645, 1197.5 ], [ 47.2254476, -21.127962, 1197.0 ], [ 47.2253162, -21.1281847, 1194.5 ], [ 47.2251418, -21.1284624, 1191.0 ], [ 47.2250909, -21.1285725, 1189.8 ], [ 47.2250453, -21.1287001, 1188.0 ], [ 47.2248656, -21.1294432, 1180.2 ], [ 47.2248468, -21.1295257, 1179.2 ], [ 47.2248361, -21.1296083, 1178.5 ], [ 47.2248361, -21.1296883, 1177.8 ], [ 47.2248521, -21.1297559, 1177.2 ], [ 47.2248843, -21.1298084, 1177.0 ], [ 47.2249407, -21.129866, 1176.8 ], [ 47.2250158, -21.1299035, 1176.5 ], [ 47.2251338, -21.129921, 1176.8 ], [ 47.225284, -21.129911, 1177.5 ], [ 47.2253832, -21.1299035, 1178.0 ], [ 47.2255656, -21.129871, 1179.0 ], [ 47.2256836, -21.1298259, 1180.0 ], [ 47.2258016, -21.1297484, 1181.2 ], [ 47.2259063, -21.1296833, 1182.0 ], [ 47.2260082, -21.1296408, 1182.5 ], [ 47.226086, -21.1296258, 1182.8 ], [ 47.2262362, -21.1296383, 1183.5 ], [ 47.2266921, -21.1297559, 1185.5 ], [ 47.2267538, -21.1297784, 1186.0 ], [ 47.2268155, -21.1297984, 1186.5 ], [ 47.2268853, -21.129851, 1187.5 ], [ 47.2269174, -21.1299235, 1188.2 ], [ 47.2269148, -21.1299911, 1188.4 ], [ 47.2268879, -21.1300636, 1188.5 ], [ 47.2268316, -21.1301287, 1188.0 ], [ 47.2267807, -21.1301887, 1187.5 ], [ 47.2267002, -21.1302588, 1186.8 ], [ 47.2263435, -21.1305515, 1184.8 ], [ 47.2260216, -21.1307917, 1183.2 ], [ 47.2258312, -21.1308942, 1182.0 ], [ 47.2257239, -21.1309593, 1181.2 ], [ 47.2256139, -21.1309993, 1180.2 ], [ 47.225512, -21.1310443, 1179.2 ], [ 47.2254127, -21.1311069, 1178.2 ], [ 47.2253296, -21.1311744, 1177.5 ], [ 47.2252384, -21.131282, 1177.0 ], [ 47.2250775, -21.1314597, 1175.8 ], [ 47.2248629, -21.1317173, 1173.2 ], [ 47.2247878, -21.1318599, 1172.5 ], [ 47.2247717, -21.131935, 1172.2 ], [ 47.2247583, -21.1320101, 1171.8 ], [ 47.2247583, -21.1320826, 1171.5 ], [ 47.2247663, -21.1321527, 1171.2 ], [ 47.2247851, -21.1322252, 1171.0 ], [ 47.2248334, -21.1323403, 1170.8 ], [ 47.2249138, -21.1324704, 1170.6 ], [ 47.2249889, -21.132548, 1170.5 ], [ 47.2250909, -21.1326105, 1170.8 ], [ 47.2252277, -21.132663, 1171.5 ], [ 47.2253215, -21.1326755, 1172.0 ], [ 47.2253591, -21.1326755, 1172.2 ], [ 47.22541, -21.132673, 1172.5 ], [ 47.2256514, -21.1326155, 1173.5 ], [ 47.2264212, -21.1323928, 1174.0 ], [ 47.2265419, -21.1323628, 1173.8 ], [ 47.2266546, -21.1323528, 1173.2 ], [ 47.2267538, -21.1323628, 1173.0 ], [ 47.2268209, -21.1323953, 1172.8 ], [ 47.2268826, -21.1324404, 1172.2 ], [ 47.2269255, -21.1324979, 1171.8 ], [ 47.2269577, -21.132563, 1171.2 ], [ 47.2269872, -21.1327256, 1170.5 ], [ 47.227006, -21.1329457, 1171.0 ], [ 47.2270086, -21.1331584, 1172.2 ], [ 47.2270006, -21.1332134, 1172.8 ], [ 47.2269791, -21.1332685, 1173.2 ], [ 47.2269174, -21.1333435, 1173.8 ], [ 47.2268531, -21.1333861, 1174.0 ], [ 47.226609, -21.1334836, 1175.0 ], [ 47.2259653, -21.1337638, 1175.5 ], [ 47.2257239, -21.1338464, 1174.2 ], [ 47.2255763, -21.1339164, 1173.2 ], [ 47.2254959, -21.133989, 1173.0 ], [ 47.2254583, -21.134049, 1173.2 ], [ 47.2254395, -21.1341166, 1173.5 ], [ 47.2254369, -21.1341941, 1173.8 ], [ 47.225453, -21.1342642, 1174.2 ], [ 47.225512, -21.1343843, 1175.0 ], [ 47.2255763, -21.1345069, 1176.0 ], [ 47.2260538, -21.1352849, 1184.8 ], [ 47.226153, -21.13543, 1186.8 ], [ 47.2262657, -21.1355226, 1188.8 ], [ 47.2263435, -21.1355801, 1190.0 ], [ 47.2265071, -21.1356577, 1192.2 ], [ 47.2266439, -21.1357352, 1194.0 ], [ 47.2267565, -21.1358203, 1195.5 ], [ 47.2268397, -21.1359129, 1197.0 ], [ 47.2268933, -21.1359879, 1198.2 ], [ 47.2269201, -21.1360655, 1199.2 ], [ 47.2269416, -21.1361405, 1199.8 ], [ 47.2269443, -21.1362231, 1200.0 ], [ 47.2269121, -21.1363082, 1199.8 ], [ 47.2268745, -21.1363582, 1199.5 ], [ 47.2268075, -21.1364057, 1199.0 ], [ 47.2267163, -21.1364282, 1198.2 ], [ 47.2266144, -21.1364232, 1197.5 ], [ 47.2264615, -21.1363882, 1196.2 ], [ 47.2262898, -21.1363482, 1194.5 ], [ 47.2261262, -21.1363582, 1192.8 ], [ 47.2259867, -21.1364007, 1191.8 ], [ 47.225866, -21.1364783, 1191.0 ], [ 47.2257882, -21.1365508, 1190.5 ], [ 47.2257346, -21.1366284, 1190.2 ], [ 47.2256917, -21.1367234, 1190.5 ], [ 47.2256729, -21.136836, 1191.0 ], [ 47.2256783, -21.1369486, 1191.8 ], [ 47.2257051, -21.1370462, 1192.5 ], [ 47.2257507, -21.1371537, 1193.5 ], [ 47.2257936, -21.1372613, 1194.5 ], [ 47.2258365, -21.1373514, 1195.2 ], [ 47.2258687, -21.1374439, 1195.8 ], [ 47.2258848, -21.1375265, 1196.0 ], [ 47.2258928, -21.1376191, 1196.2 ], [ 47.2259143, -21.1377342, 1196.5 ], [ 47.225984, -21.1378517, 1196.6 ], [ 47.2260511, -21.1378843, 1196.7 ], [ 47.2261074, -21.1378918, 1196.8 ], [ 47.2261772, -21.1378768, 1197.0 ], [ 47.2262523, -21.1378467, 1197.2 ], [ 47.2263354, -21.1377942, 1197.4 ], [ 47.2264105, -21.1377517, 1197.5 ], [ 47.226499, -21.1377016, 1197.4 ], [ 47.2265983, -21.1376516, 1197.2 ], [ 47.226727, -21.1376091, 1197.8 ], [ 47.2268343, -21.1375865, 1198.2 ], [ 47.2269443, -21.137574, 1198.8 ], [ 47.2270328, -21.1375715, 1199.2 ], [ 47.2271213, -21.1375891, 1199.5 ], [ 47.2272661, -21.1376391, 1199.8 ], [ 47.2274002, -21.1377291, 1199.0 ], [ 47.2275022, -21.1378267, 1198.2 ], [ 47.2275934, -21.1379368, 1197.5 ], [ 47.227883, -21.138237, 1196.5 ], [ 47.2281298, -21.1385172, 1195.5 ], [ 47.2282612, -21.1387674, 1194.0 ], [ 47.2284275, -21.1391526, 1190.5 ], [ 47.2285643, -21.1394979, 1187.0 ], [ 47.2286743, -21.1396955, 1184.8 ], [ 47.2288191, -21.1399182, 1183.0 ], [ 47.2289211, -21.1400357, 1182.0 ], [ 47.2290364, -21.1401458, 1180.8 ], [ 47.2291973, -21.1402409, 1180.4 ], [ 47.229495, -21.140386, 1179.8 ], [ 47.2296801, -21.1404635, 1179.8 ], [ 47.2299564, -21.1405886, 1180.0 ], [ 47.230002, -21.1405986, 1182.5 ], [ 47.2302273, -21.1406962, 1184.0 ], [ 47.2305518, -21.1408438, 1186.8 ], [ 47.2311044, -21.141189, 1192.2 ], [ 47.2314584, -21.1413866, 1194.5 ], [ 47.2317857, -21.1415668, 1194.8 ], [ 47.2322202, -21.1417894, 1195.2 ], [ 47.2323248, -21.1418695, 1195.1 ], [ 47.2323838, -21.1419295, 1195.1 ], [ 47.2324428, -21.1419996, 1195.0 ], [ 47.2327513, -21.1425299, 1197.2 ], [ 47.232821, -21.1426575, 1198.0 ], [ 47.2328907, -21.1427951, 1198.8 ], [ 47.232931, -21.1428801, 1199.2 ], [ 47.2329739, -21.1430152, 1200.5 ], [ 47.233108, -21.143478, 1204.2 ], [ 47.2331482, -21.1436256, 1205.5 ], [ 47.2331992, -21.1438032, 1207.2 ], [ 47.2332555, -21.1439809, 1208.5 ], [ 47.2332904, -21.1440559, 1209.0 ], [ 47.2333279, -21.144131, 1209.5 ], [ 47.2333735, -21.1442035, 1209.8 ], [ 47.2334191, -21.1442635, 1210.0 ], [ 47.233505, -21.1443586, 1210.2 ], [ 47.233631, -21.1444837, 1210.8 ], [ 47.2338429, -21.1446813, 1211.2 ], [ 47.233977, -21.1448139, 1211.5 ], [ 47.234036, -21.1448739, 1211.6 ], [ 47.2342291, -21.1450691, 1211.8 ], [ 47.2343552, -21.1452117, 1211.7 ], [ 47.2343847, -21.1452642, 1211.6 ], [ 47.2344062, -21.1453192, 1211.6 ], [ 47.2344196, -21.1453618, 1211.6 ], [ 47.2344303, -21.1454018, 1211.5 ], [ 47.2344357, -21.1454443, 1211.5 ], [ 47.2344384, -21.1454943, 1211.5 ], [ 47.2344276, -21.1455669, 1211.8 ], [ 47.2344142, -21.1456369, 1212.0 ], [ 47.2343874, -21.145712, 1212.5 ], [ 47.2343525, -21.145792, 1213.2 ], [ 47.2342774, -21.1459221, 1214.5 ], [ 47.2341889, -21.1461072, 1215.8 ], [ 47.2341353, -21.1466101, 1218.0 ], [ 47.2341299, -21.1468002, 1218.5 ], [ 47.2341594, -21.1469578, 1219.2 ], [ 47.2342023, -21.1470929, 1220.2 ], [ 47.2345027, -21.1476432, 1223.2 ], [ 47.2345483, -21.1477558, 1223.8 ], [ 47.2347817, -21.1485012, 1226.5 ], [ 47.2348461, -21.1486513, 1226.8 ], [ 47.2350767, -21.1490391, 1225.0 ], [ 47.2351411, -21.1492067, 1224.5 ], [ 47.2351411, -21.1493518, 1225.0 ], [ 47.235125, -21.1494668, 1225.5 ], [ 47.2349426, -21.1500122, 1228.5 ], [ 47.2349185, -21.1502073, 1229.5 ], [ 47.2349319, -21.1503324, 1230.2 ], [ 47.2351035, -21.1508852, 1231.0 ], [ 47.2351223, -21.1509978, 1231.8 ], [ 47.2351331, -21.1511304, 1232.8 ], [ 47.2351223, -21.1517833, 1240.8 ], [ 47.235176, -21.1519333, 1242.2 ], [ 47.2352698, -21.1520534, 1243.0 ], [ 47.2354093, -21.1520984, 1242.0 ], [ 47.2355488, -21.152116, 1240.8 ], [ 47.2356614, -21.1520909, 1239.8 ], [ 47.2365412, -21.1518033, 1233.0 ], [ 47.2368363, -21.1517557, 1232.0 ], [ 47.2371528, -21.1517382, 1230.8 ], [ 47.2374532, -21.1517582, 1230.1 ], [ 47.2376999, -21.1518483, 1229.5 ], [ 47.2379172, -21.1520334, 1229.0 ], [ 47.2380325, -21.1521985, 1228.8 ], [ 47.2381103, -21.1524211, 1228.2 ], [ 47.238121, -21.1526613, 1227.0 ], [ 47.2380593, -21.1528189, 1226.0 ], [ 47.2379735, -21.1529064, 1225.8 ], [ 47.237834, -21.152999, 1226.0 ], [ 47.2372413, -21.1531916, 1231.8 ], [ 47.2370321, -21.1533117, 1234.8 ], [ 47.2367397, -21.1535293, 1240.0 ], [ 47.2366968, -21.1536118, 1240.8 ], [ 47.2366861, -21.1537119, 1240.5 ], [ 47.236729, -21.1537869, 1239.5 ], [ 47.2369516, -21.1540271, 1235.5 ], [ 47.237303, -21.1543273, 1229.0 ], [ 47.2373995, -21.1544498, 1227.8 ], [ 47.2375283, -21.1546575, 1227.0 ], [ 47.2376597, -21.1548075, 1225.5 ], [ 47.2379065, -21.1549901, 1223.0 ], [ 47.2380164, -21.1550327, 1221.8 ], [ 47.2381425, -21.1550377, 1220.2 ], [ 47.2384027, -21.1550052, 1217.0 ], [ 47.2384536, -21.1550052, 1216.2 ], [ 47.2385019, -21.1550127, 1215.5 ], [ 47.2391403, -21.1553253, 1208.2 ], [ 47.2398216, -21.155568, 1203.5 ], [ 47.2399905, -21.1556605, 1203.2 ], [ 47.2401541, -21.1558256, 1203.0 ], [ 47.2402829, -21.1560633, 1202.5 ], [ 47.2405431, -21.1567361, 1203.0 ], [ 47.2406557, -21.1569538, 1203.5 ], [ 47.2407416, -21.1570939, 1204.0 ], [ 47.2407818, -21.1572114, 1203.8 ], [ 47.2407898, -21.157349, 1203.0 ], [ 47.2407389, -21.1575991, 1201.2 ], [ 47.2407416, -21.1578768, 1200.5 ], [ 47.2407496, -21.1583646, 1197.8 ], [ 47.2407281, -21.1585522, 1196.2 ], [ 47.240763, -21.1587273, 1195.8 ], [ 47.2409105, -21.1589949, 1194.8 ], [ 47.2409427, -21.159075, 1194.2 ], [ 47.2409508, -21.15915, 1193.8 ], [ 47.24094, -21.1592275, 1193.0 ], [ 47.2409132, -21.1593101, 1192.2 ], [ 47.2408596, -21.1593751, 1191.5 ], [ 47.2408006, -21.1594201, 1191.0 ], [ 47.2402158, -21.1597153, 1191.2 ], [ 47.2399315, -21.1598704, 1192.0 ], [ 47.2398081, -21.1599554, 1192.8 ], [ 47.2396767, -21.160078, 1193.8 ], [ 47.2394916, -21.1602556, 1195.2 ], [ 47.2391725, -21.1605633, 1196.8 ], [ 47.2390276, -21.1607259, 1198.2 ], [ 47.2387621, -21.1611161, 1199.8 ], [ 47.2384322, -21.1616789, 1200.5 ], [ 47.2383732, -21.1618665, 1199.8 ], [ 47.2383624, -21.1620366, 1200.0 ], [ 47.2384027, -21.1622692, 1201.0 ], [ 47.2384617, -21.1623993, 1201.5 ], [ 47.238518, -21.1624643, 1202.0 ], [ 47.238982, -21.1629495, 1205.2 ], [ 47.2392073, -21.1632422, 1206.8 ], [ 47.2395346, -21.16375, 1208.8 ], [ 47.2397384, -21.1641477, 1211.0 ], [ 47.2398189, -21.1644028, 1212.5 ], [ 47.2400951, -21.1653858, 1213.8 ], [ 47.2402132, -21.1656334, 1213.9 ], [ 47.2403204, -21.1658035, 1214.0 ], [ 47.2409454, -21.1665114, 1214.5 ], [ 47.2411036, -21.1666464, 1214.2 ], [ 47.2413477, -21.1668015, 1214.2 ], [ 47.2420719, -21.1671467, 1214.0 ], [ 47.242772, -21.1674969, 1215.5 ], [ 47.2429463, -21.1676319, 1215.6 ], [ 47.2430643, -21.1677795, 1215.8 ], [ 47.2430563, -21.1679396, 1217.0 ], [ 47.2430509, -21.1680496, 1217.8 ], [ 47.2429919, -21.1682597, 1219.2 ], [ 47.2429356, -21.1685099, 1221.8 ], [ 47.2428632, -21.1686899, 1223.8 ], [ 47.2427639, -21.1688575, 1225.2 ], [ 47.2422838, -21.1694903, 1227.2 ], [ 47.2419298, -21.1699981, 1231.2 ], [ 47.2417957, -21.1702307, 1234.0 ], [ 47.2416615, -21.1705408, 1238.2 ], [ 47.2415355, -21.1710161, 1243.8 ], [ 47.2415248, -21.1712011, 1246.8 ], [ 47.2415489, -21.1713612, 1249.8 ], [ 47.2415677, -21.1716038, 1255.2 ], [ 47.2416723, -21.1717364, 1256.9 ], [ 47.2418413, -21.1717489, 1258.5 ], [ 47.2420317, -21.1717014, 1256.8 ], [ 47.2421604, -21.1716113, 1254.0 ], [ 47.2425467, -21.1712387, 1243.2 ], [ 47.2426432, -21.1711736, 1241.0 ], [ 47.2427532, -21.1711511, 1239.2 ], [ 47.2428471, -21.1711711, 1238.0 ], [ 47.2429892, -21.1712537, 1236.5 ], [ 47.2430724, -21.1713687, 1236.8 ], [ 47.2430912, -21.1714863, 1238.0 ], [ 47.2430724, -21.1716113, 1240.0 ], [ 47.2429436, -21.1720215, 1245.8 ], [ 47.2429141, -21.1721691, 1247.2 ], [ 47.2429115, -21.1722967, 1247.8 ], [ 47.2429705, -21.1726018, 1245.2 ], [ 47.2429785, -21.1726968, 1244.2 ], [ 47.2429624, -21.1727994, 1244.0 ], [ 47.2429383, -21.1728769, 1243.8 ], [ 47.2428712, -21.172957, 1244.2 ], [ 47.2425976, -21.1731821, 1247.0 ], [ 47.2425011, -21.1733121, 1247.2 ], [ 47.2424394, -21.1734322, 1246.5 ], [ 47.2424126, -21.1735722, 1244.8 ], [ 47.2424018, -21.1737073, 1242.8 ], [ 47.2423911, -21.1741675, 1238.8 ], [ 47.2423723, -21.1743076, 1237.8 ], [ 47.2422543, -21.1748028, 1239.8 ], [ 47.2421926, -21.175173, 1243.2 ], [ 47.2422114, -21.1753005, 1243.8 ], [ 47.2422677, -21.1753906, 1243.5 ], [ 47.2424099, -21.1754881, 1242.2 ], [ 47.2425601, -21.1755356, 1240.8 ], [ 47.2427908, -21.1755581, 1238.5 ], [ 47.2429785, -21.1755406, 1236.2 ], [ 47.2432843, -21.1754431, 1233.5 ], [ 47.2434533, -21.1754256, 1231.8 ], [ 47.243641, -21.1754531, 1230.0 ], [ 47.2438583, -21.1755481, 1229.0 ], [ 47.2440246, -21.1756782, 1228.2 ], [ 47.2442231, -21.1759008, 1227.2 ], [ 47.2447944, -21.1767036, 1217.8 ], [ 47.2449633, -21.1768787, 1216.0 ], [ 47.2452047, -21.1769888, 1215.3 ], [ 47.2455105, -21.1770238, 1214.5 ], [ 47.2458351, -21.1770313, 1213.8 ], [ 47.2465673, -21.1768937, 1211.0 ], [ 47.2468302, -21.1768962, 1209.5 ], [ 47.2471064, -21.1769662, 1208.5 ], [ 47.2474068, -21.1770638, 1207.8 ], [ 47.2481579, -21.1773814, 1204.8 ], [ 47.248579, -21.177559, 1201.2 ], [ 47.2486702, -21.177654, 1201.0 ], [ 47.2487238, -21.1777641, 1200.8 ], [ 47.2487426, -21.1780092, 1200.5 ], [ 47.2487667, -21.1783768, 1200.2 ], [ 47.2487667, -21.1784869, 1200.0 ], [ 47.2487345, -21.1786119, 1199.8 ], [ 47.2482035, -21.1797974, 1198.8 ], [ 47.2480398, -21.1802051, 1198.5 ], [ 47.2475946, -21.181143, 1199.2 ], [ 47.2471467, -21.1821984, 1201.0 ], [ 47.2470957, -21.1824235, 1202.2 ], [ 47.247085, -21.1826311, 1203.5 ], [ 47.247093, -21.1827936, 1204.5 ], [ 47.2472513, -21.1834664, 1206.5 ], [ 47.247718, -21.1852796, 1203.2 ], [ 47.2477958, -21.1855822, 1203.0 ], [ 47.2478628, -21.1858973, 1201.8 ], [ 47.247887, -21.1860799, 1200.5 ], [ 47.2478682, -21.1862825, 1199.8 ], [ 47.2478119, -21.1864875, 1199.2 ], [ 47.2471386, -21.187763, 1202.5 ], [ 47.2470501, -21.1879306, 1203.0 ], [ 47.2469938, -21.1881031, 1204.2 ], [ 47.2469589, -21.1882232, 1205.2 ], [ 47.2469535, -21.1883957, 1206.5 ], [ 47.2469938, -21.1886033, 1207.5 ], [ 47.2470957, -21.1888159, 1208.0 ], [ 47.2476026, -21.1896412, 1206.5 ], [ 47.2476831, -21.1898037, 1205.8 ], [ 47.2477207, -21.1899513, 1205.6 ], [ 47.2477341, -21.1900663, 1205.5 ], [ 47.2477207, -21.1903239, 1205.3 ], [ 47.247718, -21.1904014, 1205.2 ], [ 47.2474068, -21.1923421, 1208.2 ], [ 47.2471762, -21.1946128, 1214.2 ], [ 47.2471628, -21.1948579, 1214.4 ], [ 47.2471708, -21.1949554, 1214.5 ], [ 47.2471923, -21.195193, 1214.8 ], [ 47.2472566, -21.1955131, 1215.5 ], [ 47.2474068, -21.1962458, 1219.0 ], [ 47.2475436, -21.1968285, 1220.8 ], [ 47.247557, -21.197066, 1221.5 ], [ 47.2475275, -21.1974511, 1223.2 ], [ 47.2474471, -21.1977687, 1226.2 ], [ 47.2473317, -21.1979888, 1228.2 ], [ 47.2468704, -21.1986365, 1234.2 ], [ 47.2467658, -21.198854, 1235.8 ], [ 47.2467068, -21.1990816, 1237.8 ], [ 47.2466505, -21.1995943, 1238.8 ], [ 47.2466049, -21.1998293, 1239.2 ], [ 47.2465432, -21.1999544, 1239.5 ], [ 47.2464252, -21.2001144, 1240.2 ], [ 47.246334, -21.2002194, 1241.5 ], [ 47.2462884, -21.200307, 1242.2 ], [ 47.2462347, -21.2004245, 1242.8 ], [ 47.246173, -21.2007371, 1241.2 ], [ 47.2461113, -21.2008421, 1241.8 ], [ 47.2459021, -21.2011147, 1245.5 ], [ 47.2458458, -21.2012422, 1246.0 ], [ 47.2458351, -21.2013222, 1245.5 ], [ 47.2458941, -21.2014673, 1242.0 ], [ 47.2459772, -21.2016273, 1238.0 ], [ 47.2459826, -21.2017473, 1237.0 ], [ 47.2459397, -21.2018899, 1237.2 ], [ 47.2457144, -21.2022925, 1242.5 ], [ 47.2456768, -21.202455, 1242.8 ], [ 47.2456822, -21.2025575, 1242.0 ], [ 47.2457197, -21.2026426, 1240.5 ], [ 47.2457868, -21.2027276, 1238.2 ], [ 47.2459692, -21.2028876, 1233.2 ], [ 47.2460255, -21.2029577, 1231.8 ], [ 47.2460657, -21.2030102, 1230.8 ], [ 47.2460872, -21.2030952, 1230.0 ], [ 47.2460791, -21.2032352, 1229.8 ], [ 47.2460443, -21.2033578, 1230.2 ], [ 47.2459826, -21.2035453, 1231.0 ], [ 47.2459558, -21.2036603, 1230.8 ], [ 47.2459424, -21.2037904, 1230.0 ], [ 47.2459558, -21.2039404, 1228.8 ], [ 47.2460309, -21.2043105, 1226.2 ], [ 47.2460362, -21.204473, 1225.5 ], [ 47.2460255, -21.2045931, 1225.0 ], [ 47.246004, -21.2047056, 1224.5 ], [ 47.2459397, -21.2048506, 1224.2 ], [ 47.2455722, -21.2056783, 1221.0 ], [ 47.2452852, -21.206391, 1223.8 ], [ 47.2450224, -21.2069236, 1227.5 ], [ 47.2448319, -21.2072637, 1228.5 ], [ 47.2445342, -21.2077613, 1230.8 ], [ 47.2443089, -21.2081214, 1231.5 ], [ 47.2442284, -21.2082639, 1230.8 ], [ 47.2441587, -21.2084665, 1229.2 ], [ 47.2438234, -21.2098067, 1220.7 ], [ 47.243802, -21.2099093, 1220.0 ], [ 47.2435552, -21.2108945, 1222.5 ], [ 47.2435364, -21.211142, 1223.2 ], [ 47.2436437, -21.2114521, 1224.8 ], [ 47.243861, -21.2117171, 1227.2 ], [ 47.244038, -21.2119097, 1229.0 ], [ 47.2441828, -21.2121647, 1230.8 ], [ 47.2442499, -21.2124873, 1232.2 ], [ 47.2442687, -21.2127448, 1233.2 ], [ 47.2442284, -21.2133824, 1232.5 ], [ 47.2442687, -21.2135475, 1232.2 ], [ 47.2449446, -21.2144476, 1240.5 ], [ 47.2450089, -21.2146202, 1241.2 ], [ 47.2450331, -21.2148327, 1242.5 ], [ 47.2450063, -21.2149952, 1243.5 ], [ 47.2449499, -21.2151928, 1245.0 ], [ 47.2444966, -21.2157654, 1244.0 ], [ 47.2443706, -21.2159579, 1242.5 ], [ 47.2443357, -21.2161304, 1241.8 ], [ 47.2443491, -21.2162829, 1241.5 ], [ 47.2444376, -21.216458, 1242.2 ], [ 47.2446012, -21.216658, 1243.5 ], [ 47.2447407, -21.216773, 1245.0 ], [ 47.2450787, -21.2169206, 1249.0 ], [ 47.2455212, -21.2170631, 1255.2 ], [ 47.2456661, -21.2171306, 1256.5 ], [ 47.2461703, -21.2175156, 1261.0 ], [ 47.2462615, -21.2176657, 1261.2 ], [ 47.2463071, -21.2178557, 1260.8 ], [ 47.2463393, -21.2183683, 1259.6 ], [ 47.2463903, -21.2185433, 1259.2 ], [ 47.24646, -21.2187108, 1259.8 ], [ 47.2465378, -21.2188734, 1260.2 ], [ 47.2465727, -21.2190109, 1260.5 ], [ 47.2465727, -21.2199635, 1266.2 ], [ 47.2466773, -21.2204211, 1272.8 ], [ 47.2470555, -21.2216712, 1280.8 ], [ 47.2472057, -21.2222138, 1283.2 ], [ 47.2473478, -21.2228139, 1284.8 ], [ 47.247431, -21.2231539, 1283.0 ], [ 47.2474229, -21.2232814, 1281.8 ], [ 47.2473559, -21.2233939, 1279.8 ], [ 47.2472379, -21.223479, 1277.2 ], [ 47.2470823, -21.223519, 1275.0 ], [ 47.2468999, -21.223494, 1273.8 ], [ 47.2466022, -21.2233764, 1274.2 ], [ 47.2464117, -21.2233264, 1274.8 ], [ 47.2462428, -21.2233389, 1273.8 ], [ 47.2461006, -21.2233889, 1271.8 ], [ 47.2452182, -21.223534, 1272.8 ], [ 47.2449392, -21.223594, 1274.8 ], [ 47.244789, -21.223654, 1276.2 ], [ 47.2447112, -21.223714, 1276.5 ], [ 47.244679, -21.2238015, 1275.5 ], [ 47.244679, -21.2239065, 1274.0 ], [ 47.2447246, -21.2240165, 1272.2 ], [ 47.2448882, -21.2242615, 1267.2 ], [ 47.2450975, -21.2245291, 1262.2 ], [ 47.2452959, -21.2247291, 1258.2 ], [ 47.2454059, -21.2249191, 1257.0 ], [ 47.2454971, -21.2251641, 1255.0 ], [ 47.2456795, -21.2256592, 1248.2 ], [ 47.2456929, -21.2258317, 1247.5 ], [ 47.2456232, -21.2259692, 1246.8 ], [ 47.2455347, -21.2260717, 1247.0 ], [ 47.245304, -21.2262793, 1248.2 ], [ 47.2452316, -21.2264068, 1247.5 ], [ 47.245186, -21.2265243, 1246.8 ], [ 47.2451806, -21.2266493, 1245.5 ], [ 47.2451913, -21.2276794, 1236.0 ], [ 47.2451752, -21.2280094, 1234.2 ], [ 47.2451216, -21.2283569, 1234.8 ], [ 47.2451216, -21.2284769, 1235.0 ], [ 47.2450304, -21.2310996, 1242.2 ], [ 47.2451833, -21.2343773, 1235.8 ], [ 47.2452986, -21.2348823, 1237.8 ], [ 47.2456098, -21.2352974, 1238.2 ], [ 47.2459343, -21.2357274, 1239.2 ], [ 47.2460604, -21.2358974, 1239.5 ], [ 47.2461408, -21.2362924, 1240.8 ], [ 47.2461784, -21.2366849, 1243.0 ], [ 47.2460175, -21.2381074, 1251.0 ], [ 47.2458968, -21.2383999, 1251.8 ], [ 47.2447649, -21.2398274, 1262.8 ], [ 47.2424743, -21.2421249, 1280.8 ], [ 47.2423375, -21.2422649, 1280.5 ], [ 47.2418466, -21.2427574, 1282.0 ], [ 47.2413665, -21.2434999, 1286.2 ], [ 47.2411492, -21.2462148, 1296.4 ], [ 47.2411412, -21.2463798, 1297.0 ], [ 47.2413155, -21.2467973, 1296.0 ], [ 47.2414497, -21.2469648, 1295.2 ], [ 47.2420424, -21.2474448, 1298.0 ], [ 47.2421819, -21.2475173, 1299.2 ], [ 47.2422168, -21.2475748, 1299.8 ], [ 47.2422704, -21.2476598, 1300.5 ], [ 47.2422811, -21.2478248, 1301.8 ], [ 47.2422543, -21.2479898, 1303.0 ], [ 47.2421739, -21.2482197, 1303.4 ], [ 47.241919, -21.2484872, 1304.0 ], [ 47.2416884, -21.2488172, 1304.8 ], [ 47.2415221, -21.2494572, 1312.8 ], [ 47.2413263, -21.2501696, 1320.8 ], [ 47.2410876, -21.2509346, 1321.0 ], [ 47.2410259, -21.2511121, 1319.8 ], [ 47.2410741, -21.2512371, 1321.2 ], [ 47.2411841, -21.251362, 1324.5 ], [ 47.2415623, -21.2515145, 1334.5 ], [ 47.2417688, -21.251667, 1340.0 ], [ 47.2418466, -21.251907, 1343.2 ], [ 47.2417098, -21.252287, 1342.8 ], [ 47.2415248, -21.2528119, 1342.5 ], [ 47.2414014, -21.2529894, 1341.8 ], [ 47.2410902, -21.2532444, 1336.8 ], [ 47.2410446, -21.2533494, 1338.2 ], [ 47.2411412, -21.2536819, 1349.5 ], [ 47.2411412, -21.2537819, 1352.2 ], [ 47.2410581, -21.2538968, 1353.5 ], [ 47.2405162, -21.2542493, 1348.8 ], [ 47.2400281, -21.2549792, 1354.8 ], [ 47.2396445, -21.2551667, 1351.0 ], [ 47.2394809, -21.2553317, 1349.8 ], [ 47.2392476, -21.2558317, 1350.8 ], [ 47.2387299, -21.2566216, 1341.2 ], [ 47.23818, -21.257284, 1339.8 ], [ 47.2379252, -21.2575015, 1343.5 ], [ 47.237834, -21.2577064, 1345.5 ], [ 47.2379065, -21.2580264, 1340.8 ], [ 47.2379413, -21.2582739, 1336.8 ], [ 47.237877, -21.2585763, 1338.0 ], [ 47.2377938, -21.2590263, 1341.0 ], [ 47.2378448, -21.2592388, 1338.5 ], [ 47.2379869, -21.2595537, 1331.5 ], [ 47.2380888, -21.2603661, 1330.0 ], [ 47.2384992, -21.261026, 1315.8 ], [ 47.2385395, -21.261161, 1313.0 ], [ 47.2385207, -21.2613235, 1310.5 ], [ 47.2383866, -21.2614735, 1309.9 ], [ 47.2382578, -21.2615559, 1309.5 ], [ 47.2377804, -21.2616809, 1311.0 ], [ 47.2374585, -21.2616459, 1313.5 ], [ 47.2370777, -21.2615385, 1319.2 ], [ 47.2367048, -21.261526, 1321.8 ], [ 47.2362542, -21.2617509, 1320.0 ], [ 47.2361523, -21.2618759, 1319.2 ], [ 47.2360852, -21.2620784, 1317.5 ], [ 47.2361818, -21.2625158, 1309.0 ], [ 47.236281, -21.2634157, 1300.5 ], [ 47.2367129, -21.2644055, 1292.8 ], [ 47.2368389, -21.264668, 1289.5 ], [ 47.2370294, -21.2648229, 1287.0 ], [ 47.2377938, -21.2651379, 1283.2 ], [ 47.2388586, -21.2654603, 1284.5 ], [ 47.2390813, -21.2655778, 1284.8 ], [ 47.2392637, -21.2657328, 1284.2 ], [ 47.2395748, -21.2662452, 1279.8 ], [ 47.2402588, -21.2665627, 1275.8 ], [ 47.2415489, -21.2670976, 1267.8 ], [ 47.2418493, -21.2672625, 1266.2 ], [ 47.241919, -21.2673625, 1265.8 ], [ 47.2419646, -21.26753, 1265.5 ], [ 47.2419405, -21.2676575, 1266.0 ], [ 47.2413638, -21.2693771, 1268.0 ], [ 47.2412619, -21.2696796, 1268.3 ], [ 47.2411948, -21.2698795, 1268.4 ], [ 47.2411707, -21.269947, 1268.5 ], [ 47.2409561, -21.2705844, 1270.2 ], [ 47.2408757, -21.2707069, 1271.0 ], [ 47.2399932, -21.2718816, 1273.8 ], [ 47.2399396, -21.2720441, 1273.5 ], [ 47.2399315, -21.2722865, 1274.2 ], [ 47.2399637, -21.2727714, 1276.2 ], [ 47.2402588, -21.2733938, 1283.8 ], [ 47.2402829, -21.2738087, 1287.2 ], [ 47.2402132, -21.2739487, 1287.0 ], [ 47.2390518, -21.2760157, 1295.8 ], [ 47.2383544, -21.2763581, 1293.8 ], [ 47.238231, -21.2764681, 1293.2 ], [ 47.2382203, -21.2765905, 1293.8 ], [ 47.238223, -21.2767605, 1294.0 ], [ 47.2382793, -21.2769205, 1294.2 ], [ 47.2387648, -21.2774803, 1298.5 ], [ 47.2389659, -21.2780152, 1299.8 ], [ 47.2391483, -21.278665, 1301.8 ], [ 47.239674, -21.2792949, 1304.0 ], [ 47.2398672, -21.2796323, 1306.0 ], [ 47.2404814, -21.2810169, 1314.5 ], [ 47.2405162, -21.2826164, 1317.2 ], [ 47.2399476, -21.2838661, 1305.8 ], [ 47.2397625, -21.2844309, 1300.5 ], [ 47.2397625, -21.2851657, 1298.5 ], [ 47.238813, -21.2870326, 1271.0 ], [ 47.2387996, -21.2871801, 1269.0 ], [ 47.2388452, -21.2876524, 1263.0 ], [ 47.2391027, -21.2878424, 1262.8 ], [ 47.2395399, -21.2879248, 1263.5 ], [ 47.2399369, -21.2880173, 1260.0 ], [ 47.2400737, -21.2880348, 1258.5 ], [ 47.2401541, -21.2879848, 1258.8 ], [ 47.2401944, -21.2879048, 1260.0 ], [ 47.2401971, -21.287295, 1271.5 ], [ 47.2404385, -21.2871501, 1270.8 ], [ 47.2406638, -21.2870976, 1268.2 ], [ 47.2418654, -21.2875499, 1253.5 ], [ 47.2419593, -21.2877149, 1249.2 ], [ 47.2419164, -21.2878998, 1245.2 ], [ 47.2415489, -21.2883472, 1238.5 ], [ 47.2415274, -21.2885421, 1233.8 ], [ 47.2416401, -21.2886071, 1230.5 ], [ 47.2417608, -21.2886371, 1227.8 ], [ 47.2421336, -21.2885646, 1224.8 ], [ 47.2424796, -21.2884297, 1225.2 ], [ 47.2426325, -21.2882797, 1228.0 ], [ 47.2429839, -21.2878499, 1236.5 ], [ 47.2430563, -21.2877324, 1239.5 ], [ 47.2433165, -21.2876824, 1239.0 ], [ 47.2434586, -21.2877749, 1235.2 ], [ 47.243515, -21.2884497, 1218.0 ], [ 47.2433808, -21.289017, 1200.0 ], [ 47.243464, -21.2892019, 1193.5 ], [ 47.2436678, -21.2892319, 1192.8 ], [ 47.2440246, -21.2890845, 1196.2 ], [ 47.2442016, -21.2891144, 1194.2 ], [ 47.2446012, -21.2891319, 1189.5 ], [ 47.2449258, -21.2893444, 1186.8 ], [ 47.2449821, -21.2894868, 1185.7 ], [ 47.2450036, -21.2896443, 1184.5 ], [ 47.2449741, -21.2899192, 1184.8 ], [ 47.2449312, -21.2902166, 1185.0 ], [ 47.2448266, -21.290564, 1181.8 ], [ 47.2448346, -21.2908639, 1180.8 ], [ 47.2448829, -21.2911488, 1180.2 ], [ 47.2448748, -21.2913037, 1179.2 ], [ 47.2448158, -21.2914312, 1177.5 ], [ 47.2444081, -21.2920235, 1170.2 ], [ 47.2443759, -21.2920809, 1170.1 ], [ 47.2443545, -21.2921509, 1170.0 ], [ 47.2443518, -21.2922909, 1170.8 ], [ 47.2443625, -21.2924283, 1171.5 ], [ 47.2443545, -21.2925358, 1172.0 ], [ 47.2443303, -21.2926357, 1172.5 ], [ 47.2442687, -21.2928057, 1172.9 ], [ 47.2441882, -21.2929806, 1173.2 ], [ 47.2440729, -21.2931581, 1173.8 ], [ 47.2439334, -21.2933305, 1174.0 ], [ 47.2437644, -21.2934529, 1173.5 ], [ 47.2435659, -21.2935329, 1172.0 ], [ 47.2433487, -21.2936004, 1169.5 ], [ 47.2431877, -21.2936454, 1168.0 ], [ 47.2430107, -21.2936654, 1165.8 ], [ 47.2427639, -21.2936554, 1161.0 ], [ 47.2425976, -21.2936554, 1157.5 ], [ 47.2424957, -21.2936954, 1156.0 ], [ 47.2424367, -21.2937753, 1155.8 ], [ 47.2423804, -21.2939103, 1156.0 ], [ 47.2422838, -21.2942602, 1154.2 ], [ 47.2421899, -21.294635, 1151.2 ], [ 47.2421041, -21.294795, 1149.2 ], [ 47.2418573, -21.2950324, 1147.8 ], [ 47.2417501, -21.2951823, 1147.0 ], [ 47.2416106, -21.2954497, 1148.0 ], [ 47.2415623, -21.2956122, 1148.8 ], [ 47.2415113, -21.2960595, 1153.2 ], [ 47.2415087, -21.2961669, 1154.8 ], [ 47.2415382, -21.2962569, 1156.2 ], [ 47.241675, -21.2963969, 1158.8 ], [ 47.2422811, -21.2968242, 1160.2 ], [ 47.2423375, -21.2969092, 1160.1 ], [ 47.2423643, -21.2970166, 1160.0 ], [ 47.2423455, -21.2971341, 1160.2 ], [ 47.2417581, -21.2982212, 1155.8 ], [ 47.2416615, -21.2983236, 1154.5 ], [ 47.2415355, -21.2983811, 1154.0 ], [ 47.2412431, -21.2984661, 1153.8 ], [ 47.2410527, -21.298541, 1153.2 ], [ 47.2409132, -21.298636, 1152.0 ], [ 47.2405028, -21.2991883, 1151.5 ], [ 47.240299, -21.2994882, 1151.2 ], [ 47.2401461, -21.2996781, 1151.0 ], [ 47.2385502, -21.3011125, 1140.2 ], [ 47.2382525, -21.3013699, 1135.8 ], [ 47.2381237, -21.3014174, 1135.2 ], [ 47.2380245, -21.3014224, 1134.8 ], [ 47.2376812, -21.3012824, 1137.0 ], [ 47.2374263, -21.3012249, 1137.2 ], [ 47.2371796, -21.3012399, 1136.5 ], [ 47.2369999, -21.3013649, 1134.8 ], [ 47.2359055, -21.3026643, 1132.1 ], [ 47.2358599, -21.3027193, 1132.0 ], [ 47.235361, -21.3038338, 1127.2 ], [ 47.2352242, -21.3041312, 1125.8 ], [ 47.2351411, -21.3044186, 1124.8 ], [ 47.2350419, -21.3051058, 1120.8 ], [ 47.2349989, -21.3053732, 1118.8 ], [ 47.2349212, -21.3056056, 1117.2 ], [ 47.2333038, -21.308032, 1108.0 ], [ 47.2332153, -21.3082419, 1107.8 ], [ 47.2327915, -21.3095213, 1105.0 ], [ 47.2325206, -21.3103959, 1101.8 ], [ 47.2324079, -21.3107032, 1100.0 ], [ 47.2322792, -21.3110356, 1098.5 ], [ 47.232196, -21.311283, 1098.2 ], [ 47.2319332, -21.3130971, 1098.8 ], [ 47.2319654, -21.3133395, 1099.2 ], [ 47.2320324, -21.3134894, 1098.5 ], [ 47.2321075, -21.3136318, 1097.8 ], [ 47.2322282, -21.3137967, 1096.5 ], [ 47.2323033, -21.3139242, 1095.8 ], [ 47.2323623, -21.3140416, 1095.2 ], [ 47.2323892, -21.3141765, 1095.0 ], [ 47.2323596, -21.314324, 1095.2 ], [ 47.2322792, -21.3145538, 1095.8 ], [ 47.2320136, -21.3152085, 1098.0 ], [ 47.2319815, -21.3153709, 1097.8 ], [ 47.232011, -21.3155084, 1096.8 ], [ 47.2320941, -21.3156333, 1095.5 ], [ 47.2323275, -21.3158932, 1093.0 ], [ 47.2324347, -21.3160031, 1091.8 ], [ 47.2325394, -21.3160556, 1090.8 ], [ 47.2326171, -21.3161081, 1090.0 ], [ 47.2331509, -21.3164879, 1092.0 ], [ 47.2336793, -21.3168652, 1097.0 ], [ 47.2337705, -21.3169851, 1097.8 ], [ 47.2338054, -21.317165, 1097.0 ], [ 47.2337034, -21.3175023, 1094.5 ], [ 47.2335345, -21.3178097, 1092.0 ], [ 47.2337088, -21.3178646, 1093.5 ], [ 47.2338241, -21.3178322, 1094.5 ], [ 47.233859, -21.3177247, 1095.5 ], [ 47.2339153, -21.3174898, 1097.5 ], [ 47.2339743, -21.3173124, 1098.8 ], [ 47.2340494, -21.3171375, 1100.8 ], [ 47.234095, -21.3170001, 1102.2 ], [ 47.2340789, -21.3167252, 1103.8 ], [ 47.2340038, -21.316243, 1105.0 ], [ 47.2339931, -21.3157932, 1104.8 ], [ 47.2340226, -21.3155908, 1104.5 ], [ 47.2341004, -21.3154034, 1105.2 ], [ 47.2342238, -21.3152735, 1106.8 ], [ 47.2343686, -21.3152085, 1108.2 ], [ 47.2345993, -21.315171, 1110.0 ], [ 47.2348621, -21.3151685, 1111.0 ], [ 47.2350875, -21.3151885, 1112.2 ], [ 47.2354496, -21.315221, 1113.5 ], [ 47.2360075, -21.3153434, 1117.0 ], [ 47.2367826, -21.3156233, 1129.0 ], [ 47.2369248, -21.3156583, 1131.2 ], [ 47.2371179, -21.3155958, 1131.5 ], [ 47.2372359, -21.3154909, 1131.0 ], [ 47.2374693, -21.3150411, 1127.8 ], [ 47.2375792, -21.3147188, 1126.8 ], [ 47.237649, -21.3142965, 1127.0 ], [ 47.2377616, -21.3139067, 1126.8 ], [ 47.2377992, -21.3138042, 1126.5 ], [ 47.2379842, -21.3137642, 1126.0 ], [ 47.2390893, -21.3138692, 1126.5 ], [ 47.2394916, -21.3138392, 1126.2 ], [ 47.2404009, -21.3135968, 1128.0 ], [ 47.2412485, -21.3131196, 1126.2 ], [ 47.2418064, -21.3128647, 1127.5 ], [ 47.2427022, -21.3128722, 1129.9 ], [ 47.2432172, -21.3128322, 1131.2 ], [ 47.2435552, -21.3128072, 1130.8 ], [ 47.2438207, -21.3128872, 1130.9 ], [ 47.2447434, -21.313312, 1131.5 ], [ 47.2451591, -21.3134769, 1133.2 ], [ 47.2454488, -21.3134719, 1133.0 ], [ 47.2457975, -21.3134644, 1132.8 ], [ 47.2464761, -21.3132845, 1133.8 ], [ 47.2475275, -21.3131495, 1130.8 ], [ 47.2477207, -21.313147, 1129.8 ], [ 47.249102, -21.3130921, 1130.5 ], [ 47.2502983, -21.3128222, 1132.0 ], [ 47.2516555, -21.3125149, 1130.5 ], [ 47.255609, -21.3124074, 1140.2 ], [ 47.2576234, -21.3123549, 1147.0 ], [ 47.2588894, -21.3125149, 1138.8 ], [ 47.260842, -21.3131421, 1135.8 ], [ 47.2615635, -21.3134994, 1137.0 ], [ 47.2620115, -21.3138917, 1138.0 ], [ 47.2623092, -21.3141516, 1139.0 ], [ 47.2625774, -21.3143889, 1142.0 ], [ 47.2632158, -21.3145988, 1147.0 ], [ 47.2637013, -21.3145439, 1148.5 ], [ 47.2643664, -21.3142065, 1145.8 ], [ 47.2647178, -21.3139566, 1143.0 ], [ 47.2650236, -21.3136918, 1142.5 ], [ 47.2652301, -21.3134969, 1142.2 ], [ 47.2667241, -21.313217, 1141.8 ], [ 47.2669038, -21.3131196, 1143.2 ], [ 47.2678238, -21.3126173, 1147.8 ], [ 47.2679552, -21.3125473, 1148.8 ], [ 47.2683173, -21.3123974, 1152.2 ], [ 47.2686499, -21.31226, 1154.0 ], [ 47.2688913, -21.3122425, 1155.5 ], [ 47.2697577, -21.31218, 1160.2 ], [ 47.2706804, -21.3120026, 1159.5 ], [ 47.271764, -21.3119701, 1159.8 ], [ 47.2723272, -21.3118727, 1158.0 ], [ 47.2725794, -21.3117602, 1155.8 ], [ 47.2733331, -21.3114204, 1151.8 ], [ 47.2734377, -21.3113954, 1151.2 ], [ 47.2738159, -21.3113079, 1149.2 ], [ 47.2745883, -21.3112655, 1144.5 ], [ 47.2755486, -21.3112455, 1137.8 ], [ 47.2761387, -21.3113929, 1138.8 ], [ 47.2767878, -21.3113529, 1145.8 ], [ 47.2772035, -21.311228, 1149.0 ], [ 47.277512, -21.3112055, 1150.2 ], [ 47.2790998, -21.3113129, 1145.8 ], [ 47.2803015, -21.311103, 1156.5 ], [ 47.281377, -21.3106633, 1160.5 ], [ 47.2818705, -21.3107132, 1164.8 ], [ 47.2822112, -21.3109881, 1172.8 ], [ 47.2824472, -21.3110806, 1175.2 ], [ 47.2825947, -21.3110331, 1175.8 ], [ 47.2826859, -21.3108881, 1175.0 ], [ 47.2827476, -21.3106258, 1171.2 ], [ 47.2828844, -21.3103734, 1169.0 ], [ 47.2831205, -21.310131, 1168.0 ], [ 47.2833914, -21.3100061, 1169.0 ], [ 47.2848907, -21.3095988, 1171.6 ], [ 47.2850892, -21.3094713, 1172.0 ], [ 47.2855586, -21.3092864, 1175.2 ], [ 47.2858348, -21.309119, 1177.2 ], [ 47.2862399, -21.3088141, 1181.5 ], [ 47.2865483, -21.3085592, 1182.2 ], [ 47.2868246, -21.3082794, 1182.8 ], [ 47.2870874, -21.3081519, 1185.5 ], [ 47.2873342, -21.308077, 1189.2 ], [ 47.2875595, -21.3080695, 1193.2 ], [ 47.2878063, -21.3081544, 1199.8 ], [ 47.2880343, -21.3081869, 1205.5 ], [ 47.288155, -21.3081594, 1208.2 ], [ 47.2882488, -21.3080995, 1210.2 ], [ 47.2883052, -21.3080095, 1210.8 ], [ 47.2883132, -21.3078995, 1209.8 ], [ 47.2882837, -21.3077971, 1207.8 ], [ 47.288096, -21.3074997, 1200.0 ], [ 47.2878116, -21.3070149, 1191.8 ], [ 47.2875997, -21.3068725, 1189.5 ], [ 47.2875273, -21.306805, 1189.0 ], [ 47.2874951, -21.3067201, 1188.5 ], [ 47.287522, -21.3066451, 1188.4 ], [ 47.2876078, -21.3066101, 1188.2 ], [ 47.2877795, -21.3066051, 1189.2 ], [ 47.2887665, -21.3066626, 1202.5 ], [ 47.2889355, -21.3066951, 1205.8 ], [ 47.290172, -21.3072548, 1233.0 ], [ 47.290459, -21.3073598, 1239.0 ], [ 47.290644, -21.3073598, 1241.2 ], [ 47.290813, -21.3072798, 1241.5 ], [ 47.2909096, -21.3071699, 1241.0 ], [ 47.2909713, -21.3070174, 1240.0 ], [ 47.2909847, -21.3068575, 1238.2 ], [ 47.2909471, -21.3067476, 1236.0 ], [ 47.2907352, -21.3064452, 1227.8 ], [ 47.290636, -21.3062378, 1223.0 ], [ 47.290628, -21.3061129, 1221.5 ], [ 47.2906896, -21.3060204, 1222.0 ], [ 47.2911376, -21.3058255, 1231.0 ], [ 47.2921407, -21.3055731, 1243.2 ], [ 47.2924465, -21.3054032, 1243.5 ], [ 47.2925565, -21.3053832, 1244.2 ], [ 47.2928596, -21.3053857, 1247.8 ], [ 47.2931546, -21.3053432, 1248.5 ], [ 47.2933853, -21.3052582, 1247.2 ], [ 47.2935972, -21.3050733, 1245.8 ], [ 47.2936696, -21.3048909, 1245.0 ], [ 47.2942409, -21.3014973, 1234.5 ], [ 47.2943589, -21.3011475, 1234.8 ], [ 47.2945493, -21.3006952, 1234.0 ], [ 47.2947156, -21.3004628, 1231.8 ], [ 47.2954506, -21.299803, 1232.0 ], [ 47.2956571, -21.2995581, 1232.6 ], [ 47.2956893, -21.2995181, 1232.8 ], [ 47.2962096, -21.298726, 1234.2 ], [ 47.296789, -21.2976839, 1232.0 ], [ 47.2971109, -21.2970916, 1232.2 ], [ 47.2973952, -21.2964144, 1231.8 ], [ 47.29743, -21.2963069, 1231.5 ], [ 47.2976553, -21.2956222, 1228.8 ], [ 47.2978941, -21.2950149, 1226.8 ], [ 47.2981355, -21.2943926, 1225.5 ], [ 47.2985217, -21.2933255, 1224.8 ], [ 47.298696, -21.2929606, 1225.4 ], [ 47.2988731, -21.2926682, 1225.9 ], [ 47.2988945, -21.2926332, 1226.0 ], [ 47.2989991, -21.2924683, 1226.2 ], [ 47.2993934, -21.291861, 1226.8 ], [ 47.2996831, -21.2914711, 1225.5 ], [ 47.3006299, -21.2904865, 1226.5 ], [ 47.3012361, -21.2898642, 1228.2 ], [ 47.3015204, -21.2894968, 1228.8 ], [ 47.3016679, -21.2892569, 1229.2 ], [ 47.3022258, -21.2882847, 1230.8 ], [ 47.3023894, -21.2880948, 1231.0 ], [ 47.3027945, -21.2877749, 1231.2 ], [ 47.3043421, -21.2863828, 1232.2 ], [ 47.3044172, -21.2862654, 1234.0 ], [ 47.3044574, -21.2861429, 1236.2 ], [ 47.3044467, -21.2860654, 1237.2 ], [ 47.3044226, -21.2860079, 1237.8 ], [ 47.3043877, -21.2859405, 1238.2 ], [ 47.3041999, -21.2856905, 1239.8 ], [ 47.304047, -21.2854481, 1241.2 ], [ 47.3037279, -21.2847633, 1244.8 ], [ 47.303634, -21.2845284, 1245.8 ], [ 47.3036125, -21.2843759, 1246.5 ], [ 47.303634, -21.2842985, 1247.2 ], [ 47.3037037, -21.284226, 1248.5 ], [ 47.3042455, -21.2838561, 1256.0 ], [ 47.304326, -21.2838036, 1256.8 ], [ 47.30501, -21.2833887, 1259.8 ], [ 47.3054203, -21.2831838, 1260.2 ], [ 47.3055679, -21.2831413, 1260.4 ], [ 47.3057368, -21.2831363, 1260.5 ], [ 47.3060131, -21.2831888, 1261.5 ], [ 47.3061928, -21.2832563, 1262.8 ], [ 47.3063377, -21.2833487, 1263.8 ], [ 47.307094, -21.2840285, 1266.8 ], [ 47.3074535, -21.2843084, 1267.5 ], [ 47.3078504, -21.2845884, 1269.2 ], [ 47.3081428, -21.2847558, 1270.1 ], [ 47.3083144, -21.2848058, 1270.5 ], [ 47.3084646, -21.2848083, 1271.0 ], [ 47.3086068, -21.2847883, 1271.3 ], [ 47.3086846, -21.2847383, 1271.5 ], [ 47.3088053, -21.2846284, 1271.0 ], [ 47.3089367, -21.2844434, 1270.5 ], [ 47.3090413, -21.2843559, 1270.2 ], [ 47.3091513, -21.2843134, 1269.8 ], [ 47.309272, -21.2843059, 1269.6 ], [ 47.3094302, -21.2843484, 1269.5 ], [ 47.3103368, -21.2848408, 1266.4 ], [ 47.3105514, -21.2849133, 1265.8 ], [ 47.3106855, -21.2849333, 1265.0 ], [ 47.3108223, -21.2849383, 1264.0 ], [ 47.3110852, -21.2848733, 1261.2 ], [ 47.3116779, -21.2847108, 1255.0 ], [ 47.3126006, -21.2845984, 1252.1 ], [ 47.3128071, -21.2845984, 1251.5 ], [ 47.3129171, -21.2846209, 1251.0 ], [ 47.3130324, -21.2846908, 1249.5 ], [ 47.3133811, -21.2850032, 1244.8 ], [ 47.3135018, -21.2850432, 1243.8 ], [ 47.3136199, -21.2850357, 1243.7 ], [ 47.3139149, -21.2849133, 1243.5 ], [ 47.3140892, -21.2848833, 1242.8 ], [ 47.3143092, -21.2849058, 1240.5 ], [ 47.3144728, -21.2849583, 1238.0 ], [ 47.3147947, -21.2852482, 1232.8 ], [ 47.3150817, -21.2854306, 1229.5 ], [ 47.3157495, -21.285763, 1223.5 ], [ 47.3162565, -21.2860579, 1220.8 ], [ 47.3164362, -21.2861154, 1219.8 ], [ 47.3175466, -21.2862454, 1218.2 ], [ 47.3177451, -21.2862878, 1217.8 ], [ 47.3179248, -21.2863678, 1217.5 ], [ 47.3180562, -21.2864678, 1217.8 ], [ 47.3182869, -21.2866677, 1218.2 ], [ 47.3184693, -21.2868052, 1217.8 ], [ 47.3186222, -21.2868627, 1217.2 ], [ 47.3188528, -21.2868977, 1215.0 ], [ 47.3190406, -21.2868702, 1213.8 ], [ 47.3191667, -21.2868202, 1213.6 ], [ 47.3192257, -21.2867652, 1213.5 ], [ 47.3192739, -21.2866877, 1213.6 ], [ 47.3192766, -21.2865853, 1213.6 ], [ 47.3192257, -21.2863578, 1213.8 ], [ 47.319105, -21.2857005, 1215.8 ], [ 47.3191372, -21.2854431, 1217.5 ], [ 47.3192444, -21.2852932, 1218.5 ], [ 47.3193437, -21.2852232, 1218.0 ], [ 47.3195368, -21.2851307, 1216.2 ], [ 47.3196495, -21.2850682, 1214.8 ], [ 47.3197031, -21.2849857, 1213.5 ], [ 47.3197272, -21.2848908, 1212.5 ], [ 47.3197138, -21.2848233, 1212.2 ], [ 47.3196897, -21.2847483, 1212.5 ], [ 47.3196387, -21.2846483, 1213.8 ], [ 47.3195046, -21.2845409, 1217.2 ], [ 47.3194054, -21.2844134, 1219.8 ], [ 47.3193678, -21.2843034, 1221.2 ], [ 47.3193705, -21.2842235, 1221.4 ], [ 47.3194107, -21.2840935, 1221.8 ], [ 47.3196226, -21.2838386, 1218.8 ], [ 47.3198345, -21.2835362, 1215.5 ], [ 47.3198667, -21.2833987, 1216.0 ], [ 47.3198614, -21.2832663, 1217.8 ], [ 47.3198265, -21.2831488, 1220.2 ], [ 47.3197192, -21.2829938, 1225.5 ], [ 47.3197004, -21.2829114, 1227.2 ], [ 47.3197299, -21.2828089, 1227.8 ], [ 47.3199821, -21.282419, 1228.2 ], [ 47.3202074, -21.2821916, 1229.2 ], [ 47.3202959, -21.2821491, 1229.0 ], [ 47.3203978, -21.2821441, 1228.0 ], [ 47.3205534, -21.2821866, 1225.2 ], [ 47.3210603, -21.282384, 1216.5 ], [ 47.3212373, -21.282419, 1214.8 ], [ 47.321358, -21.2824065, 1215.0 ], [ 47.3218971, -21.2822216, 1220.8 ], [ 47.3224524, -21.2820316, 1228.2 ], [ 47.3225784, -21.2820291, 1229.0 ], [ 47.3226643, -21.2820591, 1228.8 ], [ 47.3227501, -21.2821266, 1227.5 ], [ 47.3230371, -21.282469, 1221.5 ], [ 47.3232248, -21.2827339, 1218.2 ], [ 47.3233858, -21.2830088, 1214.8 ], [ 47.3234609, -21.2830688, 1214.0 ], [ 47.3235655, -21.2830713, 1213.5 ], [ 47.3236594, -21.2830563, 1213.3 ], [ 47.3237371, -21.2829913, 1213.0 ], [ 47.3239839, -21.2825615, 1216.2 ], [ 47.3241341, -21.282369, 1218.0 ], [ 47.324405, -21.2821491, 1219.2 ], [ 47.3248181, -21.2818492, 1221.2 ], [ 47.3249656, -21.2817967, 1221.0 ], [ 47.3251346, -21.2817842, 1219.2 ], [ 47.3253545, -21.2818092, 1216.0 ], [ 47.3255289, -21.2817917, 1214.8 ], [ 47.3257086, -21.2817117, 1215.5 ], [ 47.3262209, -21.2815068, 1217.5 ], [ 47.3264354, -21.2814393, 1218.0 ], [ 47.3265669, -21.2814418, 1217.5 ], [ 47.3267654, -21.2814893, 1215.8 ], [ 47.327047, -21.2816042, 1211.8 ], [ 47.3272106, -21.2816992, 1209.0 ], [ 47.3273259, -21.2817942, 1206.8 ], [ 47.3275432, -21.2820391, 1201.8 ], [ 47.3276451, -21.2821191, 1199.8 ], [ 47.3277578, -21.2821491, 1198.5 ], [ 47.3278758, -21.2821391, 1198.0 ], [ 47.3279884, -21.2820716, 1197.8 ], [ 47.3280823, -21.2819816, 1197.6 ], [ 47.3281628, -21.2818417, 1197.5 ], [ 47.3281816, -21.2817192, 1198.2 ], [ 47.3281708, -21.2815967, 1199.8 ], [ 47.3280716, -21.2813918, 1204.2 ], [ 47.3279428, -21.2811893, 1210.2 ], [ 47.3279133, -21.2811194, 1212.2 ], [ 47.327908, -21.2810194, 1213.8 ], [ 47.3279509, -21.2809194, 1214.2 ], [ 47.3280206, -21.2808494, 1214.0 ], [ 47.3281306, -21.2808094, 1212.2 ], [ 47.3283237, -21.2808269, 1207.8 ], [ 47.3285383, -21.2808369, 1203.0 ], [ 47.3286563, -21.2808144, 1200.8 ], [ 47.3287368, -21.280762, 1199.5 ], [ 47.328769, -21.280697, 1199.8 ], [ 47.328777, -21.280612, 1200.8 ], [ 47.3287153, -21.2803971, 1204.8 ], [ 47.3287073, -21.2803046, 1205.8 ], [ 47.3287985, -21.2801396, 1205.2 ], [ 47.3288843, -21.2799972, 1204.8 ], [ 47.3289433, -21.2798072, 1205.2 ], [ 47.3290774, -21.2792474, 1210.5 ], [ 47.3291525, -21.2790774, 1212.5 ], [ 47.3292276, -21.2789949, 1213.0 ], [ 47.3293591, -21.27892, 1212.2 ], [ 47.3297051, -21.2788675, 1208.8 ], [ 47.3300242, -21.278845, 1206.8 ], [ 47.330212, -21.2788575, 1205.8 ], [ 47.3304051, -21.2789249, 1203.8 ], [ 47.3306116, -21.2790199, 1202.2 ], [ 47.3307377, -21.2790349, 1203.0 ], [ 47.330853, -21.2790224, 1204.2 ], [ 47.3309872, -21.2789724, 1205.8 ], [ 47.3311535, -21.27886, 1207.8 ], [ 47.3313466, -21.27874, 1209.5 ], [ 47.3314834, -21.27869, 1209.8 ], [ 47.3317784, -21.2786275, 1208.8 ], [ 47.3319662, -21.2785351, 1206.2 ], [ 47.3320788, -21.2784476, 1204.0 ], [ 47.3321512, -21.2783026, 1202.2 ], [ 47.3322853, -21.2780302, 1198.8 ], [ 47.3323095, -21.2778902, 1198.5 ], [ 47.3323095, -21.2777777, 1199.0 ], [ 47.3322397, -21.2775653, 1201.5 ], [ 47.3321164, -21.2774053, 1205.5 ], [ 47.3319957, -21.2772804, 1209.5 ], [ 47.3319474, -21.2771679, 1211.8 ], [ 47.3319206, -21.276763, 1216.0 ], [ 47.3318803, -21.2766305, 1219.0 ], [ 47.3318428, -21.2765306, 1221.8 ], [ 47.3318481, -21.2763656, 1224.0 ], [ 47.3319045, -21.2762406, 1224.2 ], [ 47.332001, -21.2761307, 1223.2 ], [ 47.332119, -21.2760607, 1221.2 ], [ 47.3323792, -21.2759557, 1217.0 ], [ 47.3324999, -21.2759332, 1215.2 ], [ 47.3325831, -21.2759482, 1213.8 ], [ 47.3328674, -21.2760932, 1208.0 ], [ 47.3330525, -21.2761232, 1206.8 ], [ 47.3332214, -21.2761831, 1205.5 ], [ 47.3334682, -21.2763281, 1203.8 ], [ 47.3336855, -21.2764631, 1203.7 ], [ 47.3346725, -21.2769779, 1203.2 ], [ 47.3350373, -21.2771504, 1201.8 ], [ 47.3351929, -21.2772054, 1201.5 ], [ 47.335445, -21.2772504, 1201.0 ], [ 47.3361772, -21.2773404, 1197.8 ], [ 47.3365393, -21.2773803, 1196.8 ], [ 47.3369282, -21.2773529, 1195.0 ], [ 47.3383525, -21.2770904, 1187.0 ], [ 47.3385403, -21.2770629, 1186.0 ], [ 47.3386878, -21.2770754, 1185.0 ], [ 47.3388058, -21.2771104, 1184.0 ], [ 47.3389882, -21.2771954, 1182.5 ], [ 47.3394415, -21.2773079, 1183.2 ], [ 47.3395836, -21.2773903, 1183.5 ], [ 47.3397526, -21.2775428, 1183.2 ], [ 47.3398975, -21.2776128, 1183.0 ], [ 47.3402247, -21.2777178, 1183.2 ], [ 47.3404768, -21.2777503, 1184.2 ], [ 47.3408791, -21.2777053, 1187.2 ], [ 47.3411661, -21.2776928, 1189.2 ], [ 47.341378, -21.2777303, 1188.9 ], [ 47.3416275, -21.2777627, 1188.5 ], [ 47.3417455, -21.2777552, 1189.0 ], [ 47.3419413, -21.2777053, 1189.8 ], [ 47.3427996, -21.2774178, 1189.5 ], [ 47.3429123, -21.2773404, 1189.2 ], [ 47.3429874, -21.2772279, 1190.0 ], [ 47.3430195, -21.2771079, 1191.5 ], [ 47.3430061, -21.276823, 1194.8 ], [ 47.3430303, -21.276713, 1195.0 ], [ 47.3431027, -21.276588, 1194.5 ], [ 47.3437598, -21.2760607, 1190.0 ], [ 47.3441514, -21.2757382, 1191.2 ], [ 47.3444009, -21.2755833, 1192.5 ], [ 47.3446369, -21.2755158, 1194.0 ], [ 47.3453557, -21.2753608, 1195.8 ], [ 47.3455864, -21.2753408, 1196.5 ], [ 47.3457071, -21.2753558, 1196.8 ], [ 47.3458681, -21.2754133, 1197.2 ], [ 47.3461524, -21.2756308, 1198.5 ], [ 47.346265, -21.2756683, 1198.6 ], [ 47.346375, -21.2756608, 1198.8 ], [ 47.3465064, -21.2756033, 1198.2 ], [ 47.3467129, -21.2754458, 1196.5 ], [ 47.3469383, -21.2751884, 1193.0 ], [ 47.3471099, -21.2749509, 1190.2 ], [ 47.3471904, -21.2749034, 1189.8 ], [ 47.3473084, -21.2748635, 1189.0 ], [ 47.3475552, -21.2748435, 1187.8 ], [ 47.3478207, -21.2748809, 1186.8 ], [ 47.348628, -21.2750634, 1188.5 ], [ 47.348789, -21.2750634, 1190.2 ], [ 47.3488533, -21.2750284, 1191.2 ], [ 47.3488963, -21.2749734, 1192.0 ], [ 47.3489285, -21.274731, 1193.2 ], [ 47.3489365, -21.2744086, 1194.0 ], [ 47.3489311, -21.2742836, 1194.2 ], [ 47.3488963, -21.2742011, 1193.8 ], [ 47.3487756, -21.2740586, 1192.5 ], [ 47.34862, -21.2738212, 1190.8 ], [ 47.3485073, -21.2735313, 1189.2 ], [ 47.348502, -21.2733863, 1188.8 ], [ 47.3485449, -21.2732463, 1188.5 ], [ 47.3486549, -21.2731014, 1188.2 ], [ 47.3501891, -21.2723015, 1184.5 ], [ 47.3505002, -21.2721791, 1181.5 ], [ 47.3506773, -21.2721466, 1180.2 ], [ 47.3510152, -21.2721391, 1178.8 ], [ 47.3511466, -21.2721116, 1178.0 ], [ 47.3517984, -21.2718316, 1176.2 ], [ 47.351954, -21.2717941, 1175.8 ], [ 47.352249, -21.2717616, 1176.0 ], [ 47.3525253, -21.2717017, 1176.8 ], [ 47.3526916, -21.2716142, 1177.8 ], [ 47.3529974, -21.2713067, 1179.5 ], [ 47.3531127, -21.2711518, 1180.8 ], [ 47.3531449, -21.2710543, 1180.8 ], [ 47.3531717, -21.2705494, 1181.0 ], [ 47.3532039, -21.270052, 1180.5 ], [ 47.3532709, -21.269832, 1180.2 ], [ 47.3535901, -21.2690647, 1179.5 ], [ 47.3536277, -21.2688822, 1179.2 ], [ 47.3536196, -21.2686873, 1179.0 ], [ 47.353566, -21.2683323, 1175.8 ], [ 47.3535794, -21.2682273, 1174.8 ], [ 47.353633, -21.2681174, 1174.5 ], [ 47.353912, -21.2677549, 1174.8 ], [ 47.3539656, -21.267635, 1174.2 ], [ 47.3540059, -21.26739, 1171.8 ], [ 47.3540676, -21.2672525, 1170.8 ], [ 47.3542714, -21.2670226, 1171.0 ], [ 47.3543948, -21.2669251, 1172.0 ], [ 47.3546657, -21.2667976, 1173.2 ], [ 47.3551539, -21.2663477, 1171.2 ], [ 47.3553014, -21.2662602, 1170.5 ], [ 47.3560792, -21.2658753, 1167.8 ], [ 47.3561704, -21.2657753, 1167.2 ], [ 47.3562348, -21.2656528, 1167.0 ], [ 47.3563018, -21.2653579, 1167.8 ], [ 47.3565406, -21.264548, 1163.8 ], [ 47.3568276, -21.2639106, 1157.5 ], [ 47.356959, -21.2633982, 1158.0 ], [ 47.3570046, -21.2628233, 1160.0 ], [ 47.3570555, -21.2626508, 1161.0 ], [ 47.3575947, -21.2619634, 1163.2 ], [ 47.3580211, -21.261381, 1160.5 ], [ 47.358107, -21.2613135, 1159.8 ], [ 47.3583162, -21.261196, 1158.5 ], [ 47.358512, -21.260991, 1157.0 ], [ 47.3589036, -21.2605961, 1155.0 ], [ 47.3591477, -21.2604136, 1154.0 ], [ 47.3594239, -21.2602486, 1152.5 ], [ 47.3596224, -21.2600612, 1151.8 ], [ 47.3600757, -21.2592838, 1147.5 ], [ 47.360175, -21.2590763, 1146.0 ], [ 47.3602635, -21.2589788, 1144.8 ], [ 47.3604164, -21.2589038, 1143.0 ], [ 47.3607409, -21.2588213, 1139.8 ], [ 47.360867, -21.2587413, 1138.8 ], [ 47.3609716, -21.2585863, 1138.0 ], [ 47.3610654, -21.2584414, 1137.5 ], [ 47.3613364, -21.2582139, 1135.5 ], [ 47.361449, -21.2580089, 1135.3 ], [ 47.3614705, -21.2579064, 1135.1 ], [ 47.361457, -21.2577639, 1135.0 ], [ 47.36139, -21.2576315, 1134.9 ], [ 47.361272, -21.257584, 1134.8 ], [ 47.3610896, -21.2575915, 1135.0 ], [ 47.3607624, -21.2576889, 1136.8 ], [ 47.360588, -21.257679, 1137.2 ], [ 47.3604029, -21.2575765, 1137.1 ], [ 47.3603386, -21.257529, 1137.0 ], [ 47.3601642, -21.257349, 1138.5 ], [ 47.3600972, -21.2572215, 1139.8 ], [ 47.3600999, -21.2570565, 1139.9 ], [ 47.3602796, -21.2564891, 1140.2 ], [ 47.3603117, -21.2562641, 1139.9 ], [ 47.3603037, -21.2561466, 1139.8 ], [ 47.3602313, -21.2558816, 1140.8 ], [ 47.360175, -21.2556717, 1141.0 ], [ 47.3601562, -21.2555192, 1141.2 ], [ 47.360191, -21.2553717, 1141.0 ], [ 47.3603252, -21.2551292, 1140.2 ], [ 47.3608401, -21.2542943, 1139.8 ], [ 47.3609367, -21.2540143, 1139.5 ], [ 47.3609474, -21.2537769, 1140.5 ], [ 47.3609126, -21.2533494, 1142.8 ], [ 47.3609394, -21.2531719, 1143.8 ], [ 47.3612505, -21.2523145, 1141.8 ], [ 47.3614249, -21.252067, 1142.0 ], [ 47.3616502, -21.251867, 1141.8 ], [ 47.361905, -21.2517395, 1140.8 ], [ 47.3622027, -21.251622, 1138.8 ], [ 47.3625916, -21.2513895, 1138.2 ], [ 47.3634714, -21.2508421, 1132.8 ], [ 47.3636162, -21.2507021, 1131.5 ], [ 47.3638844, -21.2503696, 1131.0 ], [ 47.3641232, -21.2499771, 1132.8 ], [ 47.3642734, -21.2495122, 1138.8 ], [ 47.3643377, -21.2493697, 1141.0 ], [ 47.3644638, -21.2492897, 1142.0 ], [ 47.3646542, -21.2492672, 1142.2 ], [ 47.3655474, -21.2493147, 1145.2 ], [ 47.3657057, -21.2492922, 1146.2 ], [ 47.36588, -21.2492172, 1147.8 ], [ 47.3661885, -21.2490422, 1148.1 ], [ 47.3664406, -21.2488197, 1148.5 ], [ 47.3668697, -21.2482622, 1147.8 ], [ 47.3669556, -21.2481572, 1147.5 ], [ 47.3670387, -21.2480998, 1147.0 ], [ 47.3672238, -21.2480248, 1146.2 ], [ 47.3682538, -21.2478848, 1144.9 ], [ 47.3684013, -21.2479023, 1144.8 ], [ 47.3686051, -21.2479473, 1144.5 ], [ 47.3694313, -21.2481772, 1145.5 ], [ 47.3699677, -21.2482147, 1144.2 ], [ 47.3702466, -21.2482747, 1142.8 ], [ 47.370421, -21.2484172, 1140.8 ], [ 47.3707616, -21.2487847, 1137.5 ], [ 47.3709092, -21.2488597, 1136.8 ], [ 47.3710406, -21.2488622, 1136.2 ], [ 47.3718667, -21.2486247, 1134.8 ], [ 47.3720625, -21.2486147, 1134.5 ], [ 47.3722556, -21.2486297, 1133.8 ], [ 47.3724326, -21.2486772, 1133.5 ], [ 47.3728725, -21.2488597, 1132.3 ], [ 47.3729825, -21.2488697, 1132.0 ], [ 47.3731059, -21.2488397, 1132.2 ], [ 47.3734331, -21.2486772, 1133.5 ], [ 47.3735565, -21.2486422, 1133.9 ], [ 47.3736531, -21.2486572, 1134.2 ], [ 47.3740259, -21.2487647, 1132.2 ], [ 47.3740983, -21.2487672, 1132.0 ], [ 47.3744738, -21.2486697, 1131.5 ], [ 47.3762977, -21.2478848, 1123.5 ], [ 47.3766088, -21.2477873, 1125.5 ], [ 47.3769495, -21.2477498, 1127.2 ], [ 47.3774296, -21.2477898, 1127.5 ], [ 47.3776335, -21.2477448, 1128.8 ], [ 47.3787385, -21.2474273, 1126.2 ], [ 47.3791677, -21.2472798, 1125.8 ], [ 47.3792857, -21.2472598, 1126.0 ], [ 47.3794225, -21.2472648, 1125.8 ], [ 47.3800018, -21.2474198, 1126.0 ], [ 47.3802567, -21.2474248, 1126.2 ], [ 47.3805356, -21.2473598, 1126.5 ], [ 47.3813751, -21.2469973, 1128.2 ], [ 47.3814744, -21.2469098, 1128.5 ], [ 47.381528, -21.2467998, 1128.0 ], [ 47.3815387, -21.2466998, 1127.5 ], [ 47.3814878, -21.2465498, 1127.0 ], [ 47.3811176, -21.2459748, 1125.2 ], [ 47.3810023, -21.2457074, 1125.0 ], [ 47.3805919, -21.2445074, 1128.8 ], [ 47.3804417, -21.2440249, 1130.5 ], [ 47.3803827, -21.2434899, 1129.8 ], [ 47.3804042, -21.2418874, 1127.8 ], [ 47.380439, -21.2406774, 1125.0 ], [ 47.3804712, -21.2404074, 1124.0 ], [ 47.3805195, -21.2402624, 1123.5 ], [ 47.3805973, -21.2401549, 1123.2 ], [ 47.3807395, -21.2400299, 1123.2 ], [ 47.3813483, -21.2396624, 1123.0 ], [ 47.3815307, -21.2395949, 1123.0 ], [ 47.381748, -21.2395674, 1123.5 ], [ 47.3824748, -21.2395474, 1124.0 ], [ 47.3825741, -21.2395474, 1124.0 ], [ 47.3828101, -21.2395374, 1124.8 ], [ 47.3829013, -21.2395199, 1125.0 ], [ 47.3829764, -21.2395074, 1125.2 ], [ 47.3836443, -21.2393899, 1125.0 ], [ 47.3839903, -21.2392799, 1124.8 ], [ 47.3840252, -21.2392674, 1124.8 ], [ 47.3845857, -21.2390949, 1123.5 ], [ 47.3847011, -21.2390449, 1123.0 ], [ 47.3848003, -21.2389749, 1122.8 ], [ 47.3861548, -21.2378324, 1124.2 ], [ 47.386533, -21.2375999, 1126.5 ], [ 47.386761, -21.2376049, 1128.2 ], [ 47.3872679, -21.2376124, 1132.5 ], [ 47.3877427, -21.2377474, 1132.0 ], [ 47.3887271, -21.2377849, 1131.8 ], [ 47.3892447, -21.2379049, 1133.0 ], [ 47.389513, -21.2382349, 1131.5 ], [ 47.3898536, -21.2383849, 1130.2 ], [ 47.3913154, -21.2388399, 1128.8 ], [ 47.3915353, -21.2389924, 1128.9 ], [ 47.3916775, -21.2391574, 1129.0 ], [ 47.3923883, -21.2406799, 1126.8 ], [ 47.3924634, -21.2407649, 1125.5 ], [ 47.3925626, -21.2408274, 1124.2 ], [ 47.3926753, -21.2408324, 1123.2 ], [ 47.3927853, -21.2407849, 1123.1 ], [ 47.3929301, -21.2406824, 1122.8 ], [ 47.3932493, -21.2404199, 1123.5 ], [ 47.3934317, -21.2403099, 1123.0 ], [ 47.3935765, -21.2402924, 1122.5 ], [ 47.393716, -21.2403074, 1122.2 ], [ 47.394231, -21.2404174, 1123.8 ], [ 47.3943758, -21.2404724, 1125.0 ], [ 47.394518, -21.2405799, 1127.2 ], [ 47.3945662, -21.2407249, 1128.5 ], [ 47.3945689, -21.2408574, 1129.0 ], [ 47.3945931, -21.2411349, 1129.2 ], [ 47.394695, -21.2414924, 1129.5 ], [ 47.3953924, -21.2428374, 1130.2 ], [ 47.3959342, -21.2437124, 1129.2 ], [ 47.3961943, -21.2441574, 1127.2 ], [ 47.3965216, -21.2447424, 1126.8 ], [ 47.3965833, -21.2448474, 1126.8 ], [ 47.3967656, -21.2449499, 1127.8 ], [ 47.3969829, -21.2449749, 1130.0 ], [ 47.3972109, -21.2450449, 1131.0 ], [ 47.397463, -21.2452924, 1128.2 ], [ 47.3976642, -21.2456624, 1121.0 ], [ 47.3979914, -21.2459198, 1119.0 ], [ 47.3981309, -21.2461873, 1113.0 ], [ 47.3982114, -21.2462673, 1111.8 ], [ 47.3983589, -21.2463048, 1113.0 ], [ 47.3985332, -21.2464223, 1112.8 ], [ 47.3987103, -21.2466598, 1110.0 ], [ 47.3987666, -21.2468723, 1104.0 ], [ 47.3987666, -21.2470723, 1096.2 ], [ 47.3988202, -21.2473148, 1088.8 ], [ 47.3989892, -21.2478148, 1076.5 ], [ 47.3992494, -21.2480323, 1073.2 ], [ 47.3994961, -21.2480898, 1073.0 ], [ 47.3997778, -21.2480798, 1073.5 ], [ 47.3999602, -21.2479823, 1077.5 ], [ 47.4000996, -21.2478248, 1084.0 ], [ 47.4003518, -21.2474223, 1098.2 ], [ 47.4005932, -21.2472673, 1099.5 ], [ 47.401033, -21.2470773, 1099.2 ], [ 47.4013147, -21.2470448, 1097.8 ], [ 47.4017546, -21.2471373, 1090.8 ], [ 47.4021006, -21.2472773, 1083.8 ], [ 47.4024519, -21.2477023, 1071.5 ], [ 47.4026638, -21.2478623, 1067.8 ], [ 47.4028999, -21.2478773, 1068.5 ], [ 47.4031574, -21.2478623, 1070.8 ], [ 47.4033639, -21.2477748, 1073.8 ], [ 47.4035624, -21.2477323, 1075.2 ], [ 47.4037904, -21.2477473, 1076.5 ], [ 47.4040586, -21.2478623, 1077.8 ], [ 47.4041846, -21.2480373, 1078.0 ], [ 47.4041498, -21.2482822, 1076.2 ], [ 47.4040291, -21.2484147, 1073.5 ], [ 47.4036831, -21.2487172, 1065.2 ], [ 47.4033076, -21.2489897, 1056.2 ], [ 47.4032512, -21.2491197, 1053.8 ], [ 47.4032968, -21.2492697, 1053.0 ], [ 47.4034739, -21.2493772, 1055.2 ], [ 47.4038199, -21.2494997, 1061.2 ], [ 47.4040613, -21.2496922, 1064.5 ], [ 47.4041954, -21.2500121, 1063.8 ], [ 47.4041605, -21.2502496, 1063.0 ], [ 47.4042758, -21.2511146, 1060.2 ], [ 47.4042866, -21.2514195, 1064.0 ], [ 47.4041525, -21.251622, 1063.0 ], [ 47.403895, -21.251817, 1060.5 ], [ 47.4028704, -21.252332, 1034.8 ], [ 47.402688, -21.2524845, 1028.8 ], [ 47.4026155, -21.2526544, 1025.8 ], [ 47.402629, -21.2528719, 1023.8 ], [ 47.4028355, -21.2531319, 1025.8 ], [ 47.4033263, -21.2537519, 1023.0 ], [ 47.4035329, -21.2538393, 1025.5 ], [ 47.4036536, -21.2539918, 1022.5 ], [ 47.4036428, -21.2542193, 1012.8 ], [ 47.4036884, -21.2543343, 1009.2 ], [ 47.4038547, -21.2544468, 1007.0 ], [ 47.404072, -21.2544168, 1010.2 ], [ 47.4048042, -21.2542493, 1020.0 ], [ 47.4053675, -21.2541718, 1024.5 ], [ 47.4056706, -21.2541768, 1025.5 ], [ 47.4060059, -21.2543118, 1021.5 ], [ 47.4063116, -21.2545518, 1016.0 ], [ 47.4066737, -21.2548568, 1013.2 ], [ 47.4067917, -21.2552917, 1001.5 ], [ 47.406958, -21.2555167, 999.7 ], [ 47.4072102, -21.2556767, 997.8 ], [ 47.4076903, -21.2558642, 1002.2 ], [ 47.408098, -21.2562791, 989.5 ], [ 47.4089938, -21.2565166, 994.2 ], [ 47.4091387, -21.2565741, 992.5 ], [ 47.4092996, -21.2566266, 990.8 ], [ 47.4093881, -21.2566416, 990.2 ], [ 47.4094793, -21.2566441, 990.5 ], [ 47.4095786, -21.2566366, 991.0 ], [ 47.4096698, -21.2566166, 991.8 ], [ 47.4097556, -21.2565716, 994.0 ], [ 47.4098548, -21.2565116, 997.5 ], [ 47.409938, -21.2564716, 1000.0 ], [ 47.4100265, -21.2564441, 1001.8 ], [ 47.4101043, -21.2564366, 1002.0 ], [ 47.4101794, -21.2564541, 1001.0 ], [ 47.4102491, -21.2564716, 1000.0 ], [ 47.4104235, -21.2565666, 994.2 ], [ 47.4105468, -21.2566066, 991.8 ], [ 47.4106944, -21.2566366, 990.0 ], [ 47.4109653, -21.2566766, 987.8 ], [ 47.4111664, -21.2566941, 987.1 ], [ 47.4113354, -21.2566866, 986.5 ], [ 47.41155, -21.2566341, 989.2 ], [ 47.4116975, -21.2565616, 993.5 ], [ 47.4117914, -21.2565241, 995.2 ], [ 47.4118853, -21.2564966, 996.2 ], [ 47.4120301, -21.2564516, 997.5 ], [ 47.4121562, -21.2564241, 998.2 ], [ 47.4122983, -21.2563791, 1000.0 ], [ 47.4124619, -21.2562941, 1004.2 ], [ 47.4125826, -21.2562316, 1007.5 ], [ 47.4126551, -21.2561716, 1011.0 ], [ 47.4127275, -21.2561241, 1013.8 ], [ 47.4127972, -21.2560891, 1015.8 ], [ 47.412867, -21.2560866, 1016.5 ], [ 47.4129742, -21.2561266, 1015.5 ], [ 47.4130467, -21.2561766, 1014.0 ], [ 47.4131083, -21.2562366, 1012.2 ], [ 47.4131405, -21.2562866, 1010.5 ], [ 47.4131566, -21.2563416, 1008.5 ], [ 47.4131727, -21.2564766, 1003.2 ], [ 47.41317, -21.2565641, 999.8 ], [ 47.4131808, -21.2566416, 997.0 ], [ 47.413229, -21.2567116, 995.2 ], [ 47.4132934, -21.2567566, 995.0 ], [ 47.4133444, -21.2567841, 995.2 ], [ 47.4133927, -21.256839, 994.5 ], [ 47.4134731, -21.2569065, 994.0 ], [ 47.4135616, -21.257014, 992.2 ], [ 47.4136367, -21.2571765, 988.8 ], [ 47.4137065, -21.2573765, 986.2 ], [ 47.4137816, -21.257539, 985.2 ], [ 47.4138325, -21.257614, 985.0 ], [ 47.413964, -21.2576865, 987.2 ], [ 47.414149, -21.2577689, 990.0 ], [ 47.4142939, -21.2578289, 991.5 ], [ 47.4143878, -21.2578764, 992.2 ], [ 47.4144977, -21.2579764, 991.8 ], [ 47.4145487, -21.2580939, 989.2 ], [ 47.4146721, -21.2586013, 977.8 ], [ 47.4147016, -21.2587263, 975.0 ], [ 47.4147418, -21.2588563, 972.2 ], [ 47.4147847, -21.2589463, 970.5 ], [ 47.4148464, -21.2590363, 969.0 ], [ 47.4149135, -21.2591038, 968.2 ], [ 47.4149859, -21.2591563, 968.0 ], [ 47.4150717, -21.2591788, 969.0 ], [ 47.4153909, -21.2592538, 973.2 ], [ 47.4155009, -21.2592838, 974.2 ], [ 47.4155921, -21.2593188, 974.5 ], [ 47.4156645, -21.2593587, 974.2 ], [ 47.4158818, -21.2595262, 971.0 ], [ 47.4159488, -21.2595687, 970.2 ], [ 47.4160159, -21.2595912, 970.0 ], [ 47.4161151, -21.2596037, 970.5 ], [ 47.4163431, -21.2596187, 970.0 ], [ 47.416437, -21.2596262, 969.0 ], [ 47.4165255, -21.2596462, 967.5 ], [ 47.416673, -21.2597012, 963.8 ], [ 47.4167401, -21.2597262, 961.8 ], [ 47.4168071, -21.2597287, 960.5 ], [ 47.4168903, -21.2597237, 959.8 ], [ 47.4169734, -21.2596812, 959.0 ], [ 47.4172926, -21.2594212, 960.9 ], [ 47.4173597, -21.2593787, 961.2 ], [ 47.4174187, -21.2593537, 960.8 ], [ 47.4174884, -21.2593337, 959.8 ], [ 47.4177647, -21.2592888, 954.2 ], [ 47.4179444, -21.2592238, 951.8 ], [ 47.4181053, -21.2591438, 949.8 ], [ 47.4182099, -21.2590838, 948.8 ], [ 47.4183118, -21.2590063, 948.5 ], [ 47.4183735, -21.2589388, 948.2 ], [ 47.4184245, -21.2588388, 949.2 ], [ 47.4184701, -21.2586113, 952.5 ], [ 47.4185291, -21.2583039, 956.5 ], [ 47.4185881, -21.2580564, 959.8 ], [ 47.4186391, -21.2579689, 960.5 ], [ 47.4187061, -21.2578939, 961.0 ], [ 47.4188107, -21.2578614, 960.0 ], [ 47.4189019, -21.2578664, 958.5 ], [ 47.4189797, -21.2579014, 956.2 ], [ 47.4190414, -21.2579714, 953.0 ], [ 47.4192131, -21.2582114, 943.2 ], [ 47.4192828, -21.2582739, 940.2 ], [ 47.4193498, -21.2583014, 938.2 ], [ 47.4194142, -21.2583089, 937.0 ], [ 47.4194732, -21.2582939, 936.8 ], [ 47.4195269, -21.2582614, 936.5 ], [ 47.4195778, -21.2582139, 936.8 ], [ 47.4197441, -21.2579764, 941.2 ], [ 47.4198541, -21.2578639, 943.5 ], [ 47.4199399, -21.2578039, 944.2 ], [ 47.4199963, -21.2577839, 944.0 ], [ 47.4200767, -21.2577889, 942.2 ], [ 47.4201438, -21.2578114, 940.2 ], [ 47.4202323, -21.2578489, 937.2 ], [ 47.4203101, -21.2578664, 935.0 ], [ 47.4203825, -21.2578664, 933.5 ], [ 47.4204603, -21.2578414, 932.8 ], [ 47.42053, -21.2578039, 932.2 ], [ 47.4208277, -21.257629, 930.0 ], [ 47.4210772, -21.257479, 926.8 ], [ 47.4212435, -21.2574065, 923.5 ], [ 47.4213293, -21.257354, 922.0 ], [ 47.4213883, -21.2572915, 921.0 ], [ 47.4214125, -21.2572415, 920.9 ], [ 47.421442, -21.257154, 920.8 ], [ 47.4214473, -21.2570665, 921.2 ], [ 47.4214366, -21.2569865, 922.0 ], [ 47.4214044, -21.256929, 923.2 ], [ 47.421324, -21.2568465, 925.8 ], [ 47.4212623, -21.2567916, 927.8 ], [ 47.4211818, -21.2567291, 930.5 ], [ 47.421096, -21.2566416, 933.5 ], [ 47.421045, -21.2565816, 935.2 ], [ 47.4210155, -21.2565316, 936.2 ], [ 47.4209967, -21.2564666, 937.0 ], [ 47.4209967, -21.2564116, 937.1 ], [ 47.4210021, -21.2563491, 937.2 ], [ 47.421037, -21.2562266, 936.2 ], [ 47.4211979, -21.2557067, 930.0 ], [ 47.4212489, -21.2555192, 928.0 ], [ 47.4212971, -21.2553592, 926.0 ], [ 47.4213266, -21.2552442, 924.8 ], [ 47.4213454, -21.2551592, 924.0 ], [ 47.4213427, -21.2550917, 923.9 ], [ 47.4213293, -21.2550267, 923.8 ], [ 47.4212998, -21.2549842, 924.2 ], [ 47.4212381, -21.2549392, 925.5 ], [ 47.4210986, -21.2548568, 928.8 ], [ 47.4210638, -21.2548243, 929.5 ], [ 47.4210343, -21.2547818, 930.0 ], [ 47.4210182, -21.2547393, 930.1 ], [ 47.4210021, -21.2546868, 930.2 ], [ 47.4210075, -21.2546493, 929.8 ], [ 47.4210128, -21.2545843, 929.2 ], [ 47.421045, -21.2545018, 928.0 ], [ 47.4213266, -21.2541043, 920.8 ], [ 47.4215063, -21.2538593, 918.8 ], [ 47.421611, -21.2537319, 919.0 ], [ 47.4216995, -21.2536469, 919.2 ], [ 47.4217585, -21.2536019, 919.2 ], [ 47.4218765, -21.2535419, 918.8 ], [ 47.4220079, -21.2534844, 917.8 ], [ 47.4223378, -21.2533519, 914.5 ], [ 47.4224424, -21.2532969, 913.5 ], [ 47.4225309, -21.2532394, 912.5 ], [ 47.4226409, -21.2531619, 910.8 ], [ 47.4227187, -21.2530819, 909.0 ], [ 47.4228099, -21.2529694, 907.2 ], [ 47.4228689, -21.2528444, 906.8 ], [ 47.4229252, -21.2527169, 906.5 ], [ 47.4229467, -21.252642, 906.8 ], [ 47.4229601, -21.252552, 908.0 ], [ 47.4229789, -21.252452, 909.0 ], [ 47.423003, -21.252387, 909.1 ], [ 47.4230325, -21.2523345, 909.2 ], [ 47.4230674, -21.2522995, 908.5 ], [ 47.4234617, -21.2519245, 905.8 ], [ 47.4237648, -21.251667, 906.2 ], [ 47.4238238, -21.2516345, 905.8 ], [ 47.4238935, -21.2516145, 904.5 ], [ 47.4239874, -21.2516195, 901.8 ], [ 47.4245265, -21.251797, 884.5 ], [ 47.4246097, -21.251812, 882.5 ], [ 47.424666, -21.2518045, 882.0 ], [ 47.424725, -21.251792, 881.8 ], [ 47.4248189, -21.2517445, 881.5 ], [ 47.4251783, -21.2514195, 884.4 ], [ 47.4252614, -21.2513521, 885.0 ], [ 47.4253473, -21.2513146, 884.0 ], [ 47.4254519, -21.2512921, 881.8 ], [ 47.4256155, -21.2512771, 877.5 ], [ 47.4256852, -21.2512496, 876.5 ], [ 47.4257389, -21.2512146, 876.2 ], [ 47.4257845, -21.2511671, 876.8 ], [ 47.4258086, -21.2511146, 878.0 ], [ 47.4258623, -21.2509246, 882.8 ], [ 47.4258944, -21.2508321, 885.0 ], [ 47.4259508, -21.2507496, 885.6 ], [ 47.426042, -21.2506746, 886.2 ], [ 47.4261385, -21.2506271, 885.2 ], [ 47.4264899, -21.2505671, 879.2 ], [ 47.4268734, -21.2504646, 878.8 ], [ 47.4269566, -21.2504546, 878.5 ], [ 47.4270183, -21.2504646, 877.8 ], [ 47.4270478, -21.2504771, 877.2 ], [ 47.4270853, -21.2505046, 876.2 ], [ 47.4271175, -21.2505496, 874.5 ], [ 47.4271363, -21.2505971, 873.0 ], [ 47.4272087, -21.2506946, 869.5 ], [ 47.4272865, -21.2507596, 867.2 ], [ 47.4273857, -21.2508096, 865.2 ], [ 47.4275038, -21.2508621, 863.2 ], [ 47.4275681, -21.2509096, 861.8 ], [ 47.4276137, -21.2509621, 860.2 ], [ 47.4277318, -21.2511796, 853.5 ], [ 47.4277854, -21.2512621, 850.8 ], [ 47.4278417, -21.2513296, 848.8 ], [ 47.4279168, -21.2513471, 848.0 ], [ 47.4279946, -21.251357, 847.7 ], [ 47.4280563, -21.2513446, 847.5 ], [ 47.4281099, -21.2513171, 848.0 ], [ 47.4281663, -21.2512546, 849.2 ], [ 47.4281904, -21.2511846, 850.8 ], [ 47.4282441, -21.2510221, 854.2 ], [ 47.4283487, -21.2506096, 862.8 ], [ 47.4283889, -21.2505396, 863.8 ], [ 47.4284452, -21.2504846, 864.0 ], [ 47.4285713, -21.2504021, 863.5 ], [ 47.4286839, -21.2503571, 862.5 ], [ 47.4287778, -21.2503421, 861.5 ], [ 47.4288502, -21.2503471, 860.8 ], [ 47.4289307, -21.2503646, 860.3 ], [ 47.429148, -21.2504471, 859.0 ], [ 47.4291775, -21.2504696, 855.2 ], [ 47.4291962, -21.2504971, 855.0 ], [ 47.4292043, -21.2505471, 854.5 ], [ 47.4291962, -21.2505971, 854.0 ], [ 47.4291614, -21.2506846, 852.8 ], [ 47.429089, -21.2508221, 850.5 ], [ 47.4290594, -21.2509196, 849.2 ], [ 47.4290594, -21.2510121, 848.0 ], [ 47.4290863, -21.2511221, 846.5 ], [ 47.4291399, -21.2512271, 845.0 ], [ 47.4292392, -21.2513645, 844.0 ], [ 47.4293143, -21.2514395, 844.5 ], [ 47.4293947, -21.251502, 845.8 ], [ 47.429443, -21.2515595, 846.2 ], [ 47.429494, -21.251637, 846.8 ], [ 47.4295557, -21.251772, 847.2 ], [ 47.4296066, -21.2519145, 847.8 ], [ 47.4296388, -21.252057, 847.5 ], [ 47.4296442, -21.2521445, 846.8 ], [ 47.42962, -21.252262, 844.5 ], [ 47.4295074, -21.2526844, 836.2 ], [ 47.4294135, -21.2531194, 827.0 ], [ 47.4294001, -21.2532369, 825.0 ], [ 47.4294162, -21.2533719, 822.8 ], [ 47.429502, -21.2537069, 815.2 ], [ 47.4295262, -21.2538818, 810.5 ], [ 47.4295315, -21.2540093, 806.8 ], [ 47.4295476, -21.2543093, 798.0 ], [ 47.4295717, -21.2543618, 796.2 ], [ 47.4296227, -21.2543968, 794.8 ], [ 47.4297085, -21.2543993, 794.2 ], [ 47.4297729, -21.2543718, 794.8 ], [ 47.429848, -21.2543168, 796.2 ], [ 47.4300009, -21.2542143, 799.2 ], [ 47.4301779, -21.2541043, 802.5 ], [ 47.4304032, -21.2540068, 804.5 ], [ 47.4306366, -21.2539343, 804.8 ], [ 47.4308512, -21.2538618, 805.5 ], [ 47.4309933, -21.2537794, 807.2 ], [ 47.4311408, -21.2536694, 810.5 ], [ 47.4312481, -21.2536094, 811.4 ], [ 47.4313715, -21.2535794, 812.2 ], [ 47.4317443, -21.2535519, 811.0 ], [ 47.4318811, -21.2535719, 810.0 ], [ 47.4319723, -21.2536044, 808.8 ], [ 47.4320877, -21.2536769, 806.2 ], [ 47.4322245, -21.2537844, 803.2 ], [ 47.4323693, -21.2539068, 800.5 ], [ 47.4324471, -21.2539618, 799.5 ], [ 47.4325195, -21.2539968, 799.0 ], [ 47.4332812, -21.2543268, 796.5 ], [ 47.4333805, -21.2543843, 796.0 ], [ 47.4334905, -21.2544618, 795.0 ], [ 47.4336809, -21.2546393, 790.5 ], [ 47.4337909, -21.2547368, 788.2 ], [ 47.4338955, -21.2547868, 787.5 ], [ 47.4340779, -21.2548218, 787.4 ], [ 47.4342871, -21.2548443, 787.2 ], [ 47.4343863, -21.2548718, 786.8 ], [ 47.4345928, -21.2549542, 784.5 ], [ 47.43514, -21.2552667, 772.5 ], [ 47.4352849, -21.2553467, 769.2 ], [ 47.4354109, -21.2553867, 767.2 ], [ 47.4355048, -21.2553942, 766.2 ], [ 47.4356818, -21.2553942, 765.0 ], [ 47.4358186, -21.2554167, 763.0 ], [ 47.4359125, -21.2554617, 760.2 ], [ 47.4359795, -21.2555242, 757.0 ], [ 47.4361539, -21.2557792, 746.8 ], [ 47.4362102, -21.2558217, 744.8 ], [ 47.4363041, -21.2558542, 742.5 ], [ 47.4363953, -21.2558517, 741.2 ], [ 47.4364758, -21.2558267, 740.8 ], [ 47.4365482, -21.2557567, 741.5 ], [ 47.4365696, -21.2557067, 742.5 ], [ 47.4365643, -21.2556542, 744.2 ], [ 47.4365267, -21.2555917, 746.8 ], [ 47.4364597, -21.2555367, 749.8 ], [ 47.4363738, -21.2555067, 752.5 ], [ 47.4362558, -21.2554392, 756.8 ], [ 47.4362102, -21.2553642, 760.0 ], [ 47.4362022, -21.2552867, 762.8 ], [ 47.436229, -21.2551917, 765.2 ], [ 47.4363095, -21.2550967, 766.0 ], [ 47.4364704, -21.2549717, 765.0 ], [ 47.4365616, -21.2548743, 764.5 ], [ 47.4366367, -21.2547393, 765.0 ], [ 47.4366796, -21.2545268, 768.2 ], [ 47.4367172, -21.2544368, 768.8 ], [ 47.4367788, -21.2543743, 769.2 ], [ 47.4368834, -21.2543268, 768.0 ], [ 47.4369934, -21.2543118, 766.2 ], [ 47.4372026, -21.2542943, 762.8 ], [ 47.4373394, -21.2542668, 761.5 ], [ 47.4375835, -21.2541843, 762.5 ], [ 47.4376962, -21.2541568, 763.0 ], [ 47.4378678, -21.2541518, 762.8 ], [ 47.4380234, -21.2541768, 761.5 ], [ 47.438356, -21.2542818, 757.8 ], [ 47.4385116, -21.2543543, 754.8 ], [ 47.4386001, -21.2544243, 751.8 ], [ 47.4387047, -21.2545443, 745.8 ], [ 47.4387717, -21.2546243, 741.0 ], [ 47.4388522, -21.2546818, 737.8 ], [ 47.4389461, -21.2547143, 736.0 ], [ 47.4390614, -21.2547243, 735.8 ], [ 47.4394101, -21.2546793, 738.5 ], [ 47.4396971, -21.2546068, 740.8 ], [ 47.4398124, -21.2545818, 741.2 ], [ 47.4399787, -21.2545593, 740.5 ], [ 47.4401397, -21.2545468, 738.8 ], [ 47.4402818, -21.2545318, 737.2 ], [ 47.4403971, -21.2545468, 734.5 ], [ 47.440609, -21.2545993, 728.0 ], [ 47.4406976, -21.2546093, 726.0 ], [ 47.440778, -21.2545943, 725.6 ], [ 47.4408397, -21.2545643, 725.2 ], [ 47.440888, -21.2544993, 726.5 ], [ 47.4409094, -21.2544118, 728.5 ], [ 47.4409068, -21.2542818, 731.8 ], [ 47.4408826, -21.2539893, 737.8 ], [ 47.4408585, -21.2535969, 742.2 ], [ 47.4408531, -21.2533794, 742.5 ], [ 47.440888, -21.2531194, 740.5 ], [ 47.4410328, -21.2526919, 733.5 ], [ 47.4410731, -21.2525895, 731.5 ], [ 47.4410945, -21.2524895, 730.0 ], [ 47.4410945, -21.252417, 729.2 ], [ 47.4410865, -21.2523495, 729.1 ], [ 47.4410489, -21.252237, 728.8 ], [ 47.4410006, -21.252142, 729.2 ], [ 47.4408907, -21.251977, 730.8 ], [ 47.4407861, -21.251827, 731.5 ], [ 47.440719, -21.2517045, 732.0 ], [ 47.4406868, -21.2516195, 731.5 ], [ 47.4406385, -21.251462, 730.5 ], [ 47.4406224, -21.2512871, 729.2 ], [ 47.4406305, -21.2510971, 728.5 ], [ 47.4406815, -21.2508471, 727.5 ], [ 47.4407271, -21.2507121, 727.8 ], [ 47.4407861, -21.2506546, 727.5 ], [ 47.4408773, -21.2506246, 726.5 ], [ 47.4409792, -21.2506421, 725.2 ], [ 47.4410596, -21.2507071, 723.8 ], [ 47.4411079, -21.2507571, 722.8 ], [ 47.4412715, -21.2509171, 719.5 ], [ 47.4413842, -21.2510346, 717.5 ], [ 47.4414834, -21.2511121, 716.0 ], [ 47.441588, -21.2511646, 715.0 ], [ 47.4417168, -21.2512071, 714.2 ], [ 47.4418697, -21.2512596, 713.0 ], [ 47.4420628, -21.2513221, 711.8 ], [ 47.4422586, -21.251412, 710.8 ], [ 47.4424624, -21.2515245, 709.8 ], [ 47.4426287, -21.2516295, 708.5 ], [ 47.4427414, -21.2517145, 707.0 ], [ 47.4430203, -21.2519945, 698.8 ], [ 47.4430981, -21.2520545, 696.5 ], [ 47.443184, -21.2521145, 694.5 ], [ 47.4433181, -21.252167, 693.0 ], [ 47.4434388, -21.252202, 692.0 ], [ 47.4436077, -21.252232, 690.8 ], [ 47.4441871, -21.252322, 687.2 ], [ 47.4443293, -21.2523645, 685.8 ], [ 47.4444687, -21.252427, 683.8 ], [ 47.4445975, -21.2525045, 681.0 ], [ 47.4448121, -21.2526095, 677.5 ], [ 47.4450186, -21.2526769, 675.5 ], [ 47.4451768, -21.2527019, 675.0 ], [ 47.445437, -21.2527144, 675.3 ], [ 47.4456355, -21.2527344, 675.5 ], [ 47.4458098, -21.2527944, 674.0 ], [ 47.4460325, -21.2528994, 671.2 ], [ 47.4463543, -21.2530544, 668.2 ], [ 47.4465689, -21.2531469, 666.8 ], [ 47.4467915, -21.2532619, 664.8 ], [ 47.4473441, -21.2536369, 659.8 ], [ 47.4474004, -21.2536969, 659.0 ], [ 47.4474433, -21.2537494, 658.0 ], [ 47.4474674, -21.2538044, 656.8 ], [ 47.4475291, -21.2541068, 649.5 ], [ 47.4475721, -21.2542143, 647.2 ], [ 47.4476498, -21.2543043, 645.8 ], [ 47.4478912, -21.2544718, 645.1 ], [ 47.4480522, -21.2545668, 644.7 ], [ 47.4481568, -21.2546168, 644.5 ], [ 47.4482453, -21.2546368, 645.0 ], [ 47.4483955, -21.2546443, 646.2 ], [ 47.4487522, -21.2546318, 649.8 ], [ 47.4491385, -21.2546393, 651.7 ], [ 47.449345, -21.2546793, 652.8 ], [ 47.4495032, -21.2547393, 651.5 ], [ 47.4498761, -21.2549342, 649.2 ], [ 47.4502543, -21.2551142, 648.0 ], [ 47.4505305, -21.2552767, 647.8 ], [ 47.4506539, -21.2553917, 646.2 ], [ 47.4507451, -21.2555217, 643.0 ], [ 47.4508551, -21.2557267, 639.0 ], [ 47.4509463, -21.2558267, 638.0 ], [ 47.4510348, -21.2558941, 637.5 ], [ 47.4514478, -21.2561291, 635.0 ], [ 47.4516571, -21.2562241, 633.2 ], [ 47.4517751, -21.2562591, 632.5 ], [ 47.4519414, -21.2562816, 632.0 ], [ 47.4521077, -21.2562816, 631.8 ], [ 47.452341, -21.2562741, 631.9 ], [ 47.4526066, -21.2562866, 632.0 ], [ 47.4527273, -21.2563091, 631.5 ], [ 47.4528775, -21.2563616, 630.5 ], [ 47.4530545, -21.2564516, 629.0 ], [ 47.4532101, -21.2565466, 627.5 ], [ 47.4533442, -21.2566291, 626.2 ], [ 47.4534756, -21.2567266, 624.8 ], [ 47.4535963, -21.2568515, 623.0 ], [ 47.4536741, -21.2569615, 621.5 ], [ 47.453725, -21.257114, 620.0 ], [ 47.4538001, -21.2574615, 616.8 ], [ 47.4538913, -21.2579589, 614.0 ], [ 47.453945, -21.2581964, 613.5 ], [ 47.4539959, -21.2583564, 613.8 ], [ 47.4540845, -21.2585638, 613.7 ], [ 47.4543446, -21.2590813, 613.5 ], [ 47.4547443, -21.2598737, 611.2 ], [ 47.4548328, -21.2600687, 610.5 ], [ 47.4549562, -21.2603336, 609.2 ], [ 47.4551359, -21.2606611, 608.0 ], [ 47.4551439, -21.2606736, 608.0 ], [ 47.4551788, -21.2607336, 608.0 ], [ 47.4552298, -21.2608136, 607.0 ], [ 47.455321, -21.2609235, 605.8 ], [ 47.4553907, -21.2609735, 605.5 ], [ 47.455498, -21.2610485, 605.0 ], [ 47.4556214, -21.2611135, 604.2 ], [ 47.4557179, -21.2611435, 604.2 ], [ 47.4558815, -21.261176, 604.1 ], [ 47.4562007, -21.261226, 604.0 ], [ 47.457397, -21.2613485, 604.2 ], [ 47.4578905, -21.261401, 604.0 ], [ 47.4585932, -21.2614785, 603.8 ], [ 47.4592155, -21.261546, 606.5 ], [ 47.4595401, -21.2616409, 609.0 ], [ 47.459878, -21.2618484, 613.2 ], [ 47.4601892, -21.2621034, 615.2 ], [ 47.4609026, -21.2626683, 617.5 ], [ 47.4609295, -21.2626958, 617.2 ], [ 47.4610716, -21.2628558, 616.5 ], [ 47.4611601, -21.2629982, 615.8 ], [ 47.461305, -21.2632257, 615.0 ], [ 47.4614364, -21.2633907, 614.5 ], [ 47.4616215, -21.2635332, 614.0 ], [ 47.4624288, -21.2640581, 613.1 ], [ 47.4625227, -21.2641106, 613.0 ], [ 47.4627829, -21.2641955, 613.4 ], [ 47.4628231, -21.264208, 613.5 ], [ 47.4630189, -21.2642605, 613.0 ], [ 47.4631852, -21.264278, 613.0 ], [ 47.4632335, -21.264283, 612.9 ], [ 47.4636117, -21.2643405, 612.8 ], [ 47.4638423, -21.264398, 612.8 ], [ 47.4647677, -21.2648154, 613.0 ], [ 47.4650332, -21.2649579, 613.2 ], [ 47.4653363, -21.2651579, 612.8 ], [ 47.4655268, -21.2652629, 612.9 ], [ 47.465677, -21.2653479, 613.0 ], [ 47.4661222, -21.2655053, 612.5 ], [ 47.4664119, -21.2655978, 612.8 ], [ 47.4674204, -21.2658403, 617.8 ], [ 47.4676859, -21.2659803, 617.2 ], [ 47.4679032, -21.2661902, 615.2 ], [ 47.4681714, -21.2666526, 610.0 ], [ 47.4683028, -21.2668276, 609.0 ], [ 47.4687025, -21.2670326, 610.4 ], [ 47.4687776, -21.2670901, 610.8 ], [ 47.4688339, -21.2671825, 610.2 ], [ 47.4690726, -21.2676025, 609.8 ], [ 47.4691451, -21.2677149, 609.2 ], [ 47.4692577, -21.2678349, 609.0 ], [ 47.4694562, -21.2679624, 609.2 ], [ 47.469652, -21.2680474, 610.0 ], [ 47.469821, -21.2681524, 610.5 ], [ 47.4699873, -21.2682673, 611.0 ], [ 47.4700731, -21.2683823, 611.5 ], [ 47.4701697, -21.2685598, 611.2 ], [ 47.4702877, -21.2688647, 610.2 ], [ 47.4704272, -21.2690897, 610.0 ], [ 47.4706686, -21.2692597, 609.5 ], [ 47.4708751, -21.2693546, 609.8 ], [ 47.4711031, -21.2694146, 609.9 ], [ 47.4717602, -21.2695121, 610.2 ], [ 47.4721706, -21.2695696, 609.5 ], [ 47.4724093, -21.2696046, 608.5 ], [ 47.4730825, -21.2696971, 608.0 ], [ 47.4733883, -21.2697221, 607.8 ], [ 47.4736699, -21.2697146, 607.0 ], [ 47.4741715, -21.2696621, 606.8 ], [ 47.4744022, -21.2696021, 607.2 ], [ 47.4746731, -21.2694946, 607.5 ], [ 47.4747375, -21.2694621, 607.5 ], [ 47.4749145, -21.2693796, 608.2 ], [ 47.4750862, -21.2693521, 609.0 ], [ 47.4752927, -21.2693571, 610.0 ], [ 47.4754509, -21.2694021, 610.2 ], [ 47.4760035, -21.2696671, 613.0 ], [ 47.4761912, -21.2697621, 614.5 ], [ 47.4763092, -21.2697945, 615.5 ], [ 47.4765292, -21.2698445, 617.0 ], [ 47.4768725, -21.269872, 616.9 ], [ 47.4771541, -21.269912, 616.8 ], [ 47.4773392, -21.269962, 616.8 ], [ 47.4774787, -21.270012, 616.2 ], [ 47.4779534, -21.270222, 614.5 ], [ 47.47805, -21.2702695, 614.2 ], [ 47.4785677, -21.2705219, 612.5 ], [ 47.4788707, -21.2706919, 610.8 ], [ 47.4789995, -21.2707918, 610.5 ], [ 47.4792892, -21.2711518, 609.8 ], [ 47.4793965, -21.2713017, 609.0 ], [ 47.4794716, -21.2714842, 608.2 ], [ 47.4796084, -21.2720266, 606.5 ], [ 47.4796727, -21.272199, 606.2 ], [ 47.4797693, -21.272394, 605.8 ], [ 47.4798954, -21.272549, 605.6 ], [ 47.4801099, -21.2727314, 605.5 ], [ 47.4806571, -21.2731288, 606.2 ], [ 47.4807429, -21.2731863, 606.3 ], [ 47.4808905, -21.2732788, 606.5 ], [ 47.4811158, -21.2734063, 607.2 ], [ 47.4813625, -21.2734863, 608.2 ], [ 47.4816039, -21.2735288, 608.8 ], [ 47.482127, -21.2735787, 609.5 ], [ 47.4826232, -21.2736087, 609.8 ], [ 47.4829048, -21.2735987, 610.8 ], [ 47.4831489, -21.2735563, 611.2 ], [ 47.4834412, -21.2734563, 612.2 ], [ 47.4836934, -21.2733363, 613.2 ], [ 47.4840286, -21.2731388, 614.2 ], [ 47.4845517, -21.2727714, 615.8 ], [ 47.4846938, -21.2726839, 616.2 ], [ 47.4848843, -21.2726165, 617.0 ], [ 47.4850774, -21.2725965, 617.2 ], [ 47.4853107, -21.272649, 617.5 ], [ 47.4855843, -21.2727739, 618.0 ], [ 47.4858847, -21.2729139, 618.5 ], [ 47.4861288, -21.2729589, 618.0 ], [ 47.4866036, -21.2729864, 617.8 ], [ 47.4868584, -21.2730039, 617.5 ], [ 47.4871776, -21.2730564, 616.5 ], [ 47.4874082, -21.2731363, 616.2 ], [ 47.4876469, -21.2732988, 616.8 ], [ 47.4879661, -21.2736012, 617.0 ], [ 47.4881431, -21.2738012, 617.1 ], [ 47.4882692, -21.2740336, 617.2 ], [ 47.4883175, -21.2741836, 617.2 ], [ 47.4885106, -21.2749459, 616.7 ], [ 47.4885643, -21.2750809, 616.6 ], [ 47.4886662, -21.2752059, 616.5 ], [ 47.4887922, -21.2753158, 616.4 ], [ 47.488988, -21.2754208, 616.2 ], [ 47.4892107, -21.2755083, 615.8 ], [ 47.4893984, -21.2755308, 615.0 ], [ 47.4895701, -21.2755233, 614.5 ], [ 47.4898008, -21.2754633, 613.8 ], [ 47.4910507, -21.2749584, 614.0 ], [ 47.4913752, -21.2748535, 613.5 ], [ 47.4915844, -21.2748135, 613.2 ], [ 47.4918607, -21.2747885, 613.0 ], [ 47.4920726, -21.274786, 612.2 ], [ 47.4922442, -21.274806, 611.5 ], [ 47.4926493, -21.2748834, 611.4 ], [ 47.4931857, -21.2750109, 611.2 ], [ 47.4950311, -21.2754533, 613.2 ], [ 47.4954629, -21.2755583, 613.0 ], [ 47.495833, -21.2756258, 611.8 ], [ 47.4961093, -21.2756533, 610.8 ], [ 47.4964634, -21.2756133, 608.8 ], [ 47.4974316, -21.2754358, 602.5 ], [ 47.498011, -21.2753308, 599.8 ], [ 47.4981746, -21.2753058, 599.0 ], [ 47.4985099, -21.2752459, 599.2 ], [ 47.4989766, -21.2752809, 601.0 ], [ 47.499395, -21.2754808, 602.8 ], [ 47.5004303, -21.2761232, 603.1 ], [ 47.5004867, -21.2761581, 603.1 ], [ 47.5007844, -21.2762556, 603.1 ], [ 47.5012028, -21.2763956, 603.2 ], [ 47.5020021, -21.2764156, 603.0 ], [ 47.5024098, -21.2763681, 603.2 ], [ 47.5025359, -21.2763606, 602.8 ], [ 47.503244, -21.2763156, 601.0 ], [ 47.5037751, -21.2762956, 600.6 ], [ 47.504231, -21.2763806, 600.3 ], [ 47.5045127, -21.2764356, 600.0 ], [ 47.5045744, -21.2764456, 600.0 ], [ 47.5051779, -21.276803, 601.2 ], [ 47.505894, -21.2771204, 601.5 ], [ 47.5063178, -21.2772304, 602.2 ], [ 47.5066611, -21.2774353, 602.7 ], [ 47.5068945, -21.2778927, 603.2 ], [ 47.507219, -21.2780802, 605.0 ], [ 47.5074953, -21.2782951, 605.8 ], [ 47.507565, -21.2783101, 605.8 ], [ 47.5075838, -21.2783151, 605.8 ], [ 47.5094104, -21.27872, 606.0 ], [ 47.5095499, -21.27875, 606.0 ], [ 47.5102687, -21.27891, 607.0 ], [ 47.5104618, -21.2789524, 607.2 ], [ 47.5112236, -21.2791199, 606.2 ], [ 47.5122321, -21.2796398, 604.5 ], [ 47.5128865, -21.2796823, 603.5 ], [ 47.5136751, -21.2790899, 604.2 ], [ 47.5139594, -21.2788975, 604.8 ], [ 47.5145844, -21.2787875, 604.2 ], [ 47.5154266, -21.2786075, 602.5 ], [ 47.5155848, -21.2783951, 603.5 ], [ 47.5159201, -21.2780777, 605.5 ], [ 47.5162312, -21.2779302, 606.8 ], [ 47.5169313, -21.2777552, 606.2 ], [ 47.5173417, -21.2778377, 604.5 ], [ 47.5178674, -21.2784126, 604.0 ], [ 47.5191146, -21.2790749, 604.5 ], [ 47.5198683, -21.2794773, 600.0 ], [ 47.5205871, -21.2796323, 601.5 ], [ 47.5218907, -21.2799172, 602.0 ], [ 47.5223172, -21.2797972, 601.2 ], [ 47.5228027, -21.2793923, 601.0 ], [ 47.5233284, -21.2789349, 600.8 ], [ 47.5237522, -21.27876, 599.8 ], [ 47.5239989, -21.2786575, 600.0 ], [ 47.524876, -21.27854, 600.5 ], [ 47.5258335, -21.2785351, 598.5 ], [ 47.5268662, -21.2788725, 599.5 ], [ 47.5273892, -21.2789249, 599.2 ], [ 47.5274804, -21.2789349, 599.2 ], [ 47.5279498, -21.2787525, 599.0 ], [ 47.5284567, -21.27855, 599.2 ], [ 47.5287518, -21.2786775, 598.2 ], [ 47.5291836, -21.2791924, 593.8 ], [ 47.5296369, -21.2794473, 590.5 ], [ 47.5300956, -21.2795498, 588.0 ], [ 47.5301626, -21.2795648, 587.8 ], [ 47.530345, -21.2796623, 587.5 ], [ 47.5306642, -21.2798622, 587.0 ], [ 47.5307339, -21.2799047, 587.2 ], [ 47.5310022, -21.2800646, 588.0 ], [ 47.5310665, -21.2801046, 588.2 ], [ 47.5314474, -21.2802196, 590.5 ], [ 47.5315279, -21.2802446, 591.0 ], [ 47.532118, -21.2801996, 595.8 ], [ 47.5325069, -21.2803021, 598.8 ], [ 47.5330031, -21.2808294, 600.8 ], [ 47.5334027, -21.2815892, 607.8 ], [ 47.5334242, -21.2817067, 608.2 ], [ 47.5335476, -21.282364, 610.8 ], [ 47.5337836, -21.2829563, 610.2 ], [ 47.5342718, -21.2833787, 609.8 ], [ 47.5347438, -21.283986, 608.2 ], [ 47.5353339, -21.2848258, 607.2 ], [ 47.5355029, -21.2850657, 606.2 ], [ 47.5360608, -21.2854606, 603.5 ], [ 47.5366858, -21.2855881, 602.8 ], [ 47.5370049, -21.2855431, 602.2 ], [ 47.5377935, -21.2853056, 601.8 ], [ 47.537874, -21.2853081, 601.8 ], [ 47.5384828, -21.2853356, 602.8 ], [ 47.5385955, -21.2853806, 603.2 ], [ 47.5391722, -21.2856156, 603.0 ], [ 47.5396147, -21.285793, 602.8 ], [ 47.5412509, -21.2864128, 600.8 ], [ 47.5414011, -21.2864703, 601.0 ], [ 47.5433779, -21.2867627, 602.2 ], [ 47.5435549, -21.2868027, 602.0 ], [ 47.5441182, -21.2869301, 601.5 ], [ 47.5444427, -21.2870051, 601.2 ], [ 47.544601, -21.2870426, 602.0 ], [ 47.5452125, -21.2871826, 603.8 ], [ 47.5462344, -21.2874175, 604.2 ], [ 47.5476801, -21.2876249, 606.2 ], [ 47.5479993, -21.2876699, 605.2 ], [ 47.5493109, -21.2876424, 602.5 ], [ 47.5502229, -21.2874225, 603.8 ], [ 47.5510383, -21.2871301, 606.5 ], [ 47.5518993, -21.2868752, 608.0 ], [ 47.5524491, -21.2868977, 609.1 ], [ 47.5525028, -21.2869127, 609.2 ], [ 47.5526181, -21.2869201, 609.8 ], [ 47.5530365, -21.2869526, 611.0 ], [ 47.5530982, -21.2869576, 611.2 ], [ 47.5534067, -21.2868952, 611.8 ], [ 47.553699, -21.2867977, 611.0 ], [ 47.5540262, -21.2865478, 610.2 ], [ 47.5543293, -21.2862953, 609.8 ], [ 47.5544018, -21.2862529, 609.5 ], [ 47.5550026, -21.285713, 609.0 ], [ 47.555362, -21.2856206, 607.8 ], [ 47.5560728, -21.2857355, 606.6 ], [ 47.556392, -21.285718, 606.1 ], [ 47.5566065, -21.2856031, 605.8 ], [ 47.5572127, -21.2853281, 607.2 ], [ 47.5576499, -21.2848133, 613.2 ], [ 47.5579369, -21.2838086, 618.8 ], [ 47.5580013, -21.2827764, 610.2 ], [ 47.5580415, -21.2826739, 609.8 ], [ 47.5582185, -21.2822515, 607.8 ], [ 47.5586316, -21.2819166, 609.5 ], [ 47.5587469, -21.2818941, 610.5 ], [ 47.5593209, -21.2817942, 615.8 ], [ 47.559616, -21.2817417, 619.8 ], [ 47.5601229, -21.2814218, 628.2 ], [ 47.5601926, -21.2810594, 629.0 ], [ 47.5601712, -21.280527, 624.5 ], [ 47.5602946, -21.2802296, 621.2 ], [ 47.5606379, -21.2800547, 624.5 ], [ 47.5612628, -21.2801696, 633.5 ], [ 47.5614104, -21.2802821, 635.0 ], [ 47.561692, -21.280497, 634.8 ], [ 47.5618878, -21.2809994, 634.5 ], [ 47.562207, -21.2826014, 643.0 ], [ 47.5625986, -21.2830438, 642.2 ], [ 47.5628588, -21.2831688, 639.8 ], [ 47.5631618, -21.2833137, 637.0 ], [ 47.5633898, -21.2834787, 635.2 ], [ 47.5634408, -21.2835162, 634.8 ], [ 47.5634462, -21.2836187, 635.0 ], [ 47.5634569, -21.2838811, 636.0 ], [ 47.5631914, -21.2844259, 643.0 ], [ 47.5631672, -21.2845034, 644.2 ], [ 47.563076, -21.2847833, 649.2 ], [ 47.5632074, -21.2851182, 650.2 ], [ 47.5635669, -21.2853506, 646.2 ], [ 47.563886, -21.2854381, 642.2 ], [ 47.5644332, -21.2856156, 638.2 ], [ 47.564511, -21.2856405, 638.0 ], [ 47.5648785, -21.2858805, 634.2 ], [ 47.5653237, -21.2860629, 630.5 ], [ 47.5659084, -21.2862229, 629.5 ], [ 47.5660962, -21.2863328, 629.2 ], [ 47.5662062, -21.2866027, 627.0 ], [ 47.5661981, -21.2872051, 620.5 ], [ 47.5664717, -21.2884846, 611.0 ], [ 47.5666675, -21.288967, 608.2 ], [ 47.5670028, -21.2893219, 607.0 ], [ 47.5674856, -21.2895043, 603.8 ], [ 47.5680166, -21.2895043, 599.2 ], [ 47.5686926, -21.2897167, 593.5 ], [ 47.5688669, -21.2897742, 592.8 ], [ 47.5698593, -21.2901891, 595.8 ], [ 47.5703529, -21.2906939, 595.5 ], [ 47.5711951, -21.2915561, 588.2 ], [ 47.5713882, -21.291836, 585.5 ], [ 47.5717556, -21.2923633, 584.0 ], [ 47.5723109, -21.2936954, 584.5 ], [ 47.5725764, -21.2940227, 584.8 ], [ 47.5730538, -21.2942751, 588.0 ], [ 47.5733086, -21.2943151, 589.5 ], [ 47.5734964, -21.2943426, 590.0 ], [ 47.5770101, -21.2949824, 575.2 ], [ 47.5772005, -21.2950449, 573.8 ], [ 47.5775814, -21.2951698, 571.5 ], [ 47.5780132, -21.2953548, 571.0 ], [ 47.578209, -21.2954597, 570.7 ], [ 47.5784075, -21.2955197, 570.5 ], [ 47.5787508, -21.2955472, 570.2 ], [ 47.5788608, -21.2955547, 570.5 ], [ 47.5789091, -21.2955572, 570.8 ], [ 47.5793919, -21.2954922, 571.0 ], [ 47.5799847, -21.2956222, 571.2 ], [ 47.580505, -21.295912, 569.5 ], [ 47.5805935, -21.2959645, 569.4 ], [ 47.5814223, -21.2963194, 568.8 ], [ 47.5817496, -21.2963919, 569.5 ], [ 47.5821707, -21.2963119, 563.5 ], [ 47.5823155, -21.2962569, 560.5 ], [ 47.5826722, -21.296117, 555.0 ], [ 47.5831711, -21.2960595, 552.8 ], [ 47.5838578, -21.2960445, 546.8 ], [ 47.5850219, -21.296022, 540.5 ], [ 47.5853652, -21.2960145, 542.0 ], [ 47.5858399, -21.2960795, 545.0 ], [ 47.5861618, -21.296147, 545.5 ], [ 47.5869879, -21.2963194, 538.0 ], [ 47.5878838, -21.2968492, 532.2 ], [ 47.588793, -21.2969042, 532.8 ], [ 47.5889406, -21.2969242, 533.0 ], [ 47.5897291, -21.2971416, 534.5 ], [ 47.5908074, -21.2971791, 527.2 ], [ 47.5908744, -21.2971891, 527.0 ], [ 47.5914699, -21.2972865, 522.0 ], [ 47.5927654, -21.2978263, 503.2 ], [ 47.5936398, -21.2984436, 491.0 ], [ 47.5941172, -21.2985385, 484.2 ], [ 47.5944525, -21.2984236, 482.2 ], [ 47.5947475, -21.2981812, 481.2 ], [ 47.5950587, -21.2977638, 479.2 ], [ 47.5955066, -21.2975414, 479.0 ], [ 47.5963408, -21.2976439, 484.0 ], [ 47.5965849, -21.2977513, 485.0 ], [ 47.5973868, -21.2981012, 481.0 ], [ 47.5979421, -21.2983436, 475.8 ], [ 47.5985348, -21.2987634, 470.2 ], [ 47.599192, -21.2991208, 465.5 ], [ 47.5996453, -21.2993307, 463.2 ], [ 47.5998142, -21.2993182, 462.0 ], [ 47.6001039, -21.2992957, 461.8 ], [ 47.6003855, -21.2991633, 460.0 ], [ 47.6008791, -21.2991583, 459.8 ], [ 47.601378, -21.2992582, 457.0 ], [ 47.6021343, -21.2992882, 451.5 ], [ 47.605235, -21.299993, 442.2 ], [ 47.606104, -21.3001979, 437.8 ], [ 47.6081935, -21.3006852, 457.2 ], [ 47.6093253, -21.3010125, 445.8 ], [ 47.6095185, -21.301085, 442.8 ], [ 47.6103607, -21.3014049, 435.5 ], [ 47.6112485, -21.3017397, 437.0 ], [ 47.6125118, -21.3022195, 440.2 ], [ 47.612941, -21.3022345, 437.5 ], [ 47.613405, -21.3020246, 434.2 ], [ 47.6136893, -21.3018972, 432.8 ], [ 47.6140085, -21.3017547, 430.8 ], [ 47.6146898, -21.3017397, 427.2 ], [ 47.6150224, -21.3018422, 425.8 ], [ 47.6152182, -21.3019122, 425.0 ], [ 47.6152584, -21.3019272, 424.8 ], [ 47.6160228, -21.3022045, 425.8 ], [ 47.6169777, -21.3028593, 429.2 ], [ 47.6172218, -21.3029642, 429.5 ], [ 47.6179379, -21.3032666, 432.8 ], [ 47.618697, -21.3033441, 431.8 ], [ 47.6187962, -21.3033541, 431.2 ], [ 47.6193193, -21.3036014, 428.2 ], [ 47.6197779, -21.3041262, 431.0 ], [ 47.6202473, -21.3044236, 432.2 ], [ 47.6207542, -21.3046485, 427.8 ], [ 47.6214409, -21.3050283, 423.5 ], [ 47.6219264, -21.3051508, 423.2 ], [ 47.6233318, -21.3049334, 424.2 ], [ 47.6240587, -21.3048084, 427.5 ], [ 47.6243618, -21.3047584, 429.0 ], [ 47.6247802, -21.3046535, 430.0 ], [ 47.6252013, -21.3045136, 429.5 ], [ 47.6256037, -21.3043061, 428.5 ], [ 47.6258612, -21.3041287, 428.3 ], [ 47.6260757, -21.3039013, 428.0 ], [ 47.626816, -21.3025769, 430.8 ], [ 47.6270467, -21.302247, 429.8 ], [ 47.6273873, -21.3018747, 428.0 ], [ 47.6277709, -21.3014898, 430.2 ], [ 47.6280525, -21.3013474, 432.8 ], [ 47.6280767, -21.3013349, 433.0 ], [ 47.6282322, -21.3012324, 435.0 ], [ 47.6283476, -21.3010525, 435.5 ], [ 47.6284844, -21.3007277, 434.2 ], [ 47.6286265, -21.3005502, 433.8 ], [ 47.6287767, -21.3004628, 434.5 ], [ 47.6289216, -21.3004028, 434.8 ], [ 47.6290879, -21.3003853, 435.5 ], [ 47.6293212, -21.3004103, 436.2 ], [ 47.629855, -21.3005752, 434.0 ], [ 47.6301339, -21.3006677, 431.5 ], [ 47.6302761, -21.3007302, 430.2 ], [ 47.6305443, -21.3007951, 427.8 ], [ 47.6309359, -21.3008401, 425.2 ], [ 47.6313892, -21.3008051, 423.5 ], [ 47.6317459, -21.3007476, 424.0 ], [ 47.6321322, -21.3006852, 425.0 ], [ 47.6323307, -21.3006627, 425.8 ], [ 47.6325157, -21.3006827, 427.0 ], [ 47.6327196, -21.3007451, 428.8 ], [ 47.6328295, -21.3008026, 429.8 ], [ 47.6329181, -21.3008476, 430.8 ], [ 47.6329824, -21.3009026, 431.8 ], [ 47.6332694, -21.3011425, 435.2 ], [ 47.6334599, -21.3012874, 436.2 ], [ 47.6336315, -21.3014099, 436.5 ], [ 47.6339963, -21.3014848, 433.8 ], [ 47.6340446, -21.3014948, 433.5 ], [ 47.6342753, -21.3015298, 431.5 ], [ 47.6344845, -21.3016273, 429.2 ], [ 47.6354581, -21.3027668, 430.2 ], [ 47.6356566, -21.3029467, 429.0 ], [ 47.6359034, -21.3031541, 426.2 ], [ 47.6361662, -21.3033416, 424.0 ], [ 47.6364076, -21.3034965, 422.0 ], [ 47.6364693, -21.3035415, 421.2 ], [ 47.6374295, -21.3037814, 424.0 ], [ 47.6378667, -21.3038788, 426.5 ], [ 47.6383093, -21.3039788, 427.5 ], [ 47.6384354, -21.3040213, 427.8 ], [ 47.6386768, -21.3040987, 427.5 ], [ 47.6389021, -21.3041837, 427.0 ], [ 47.6393768, -21.304641, 428.0 ], [ 47.639578, -21.3048409, 429.5 ], [ 47.6398221, -21.3051033, 431.5 ], [ 47.639975, -21.3053557, 433.8 ], [ 47.6402888, -21.305813, 434.0 ], [ 47.6404363, -21.3060254, 433.0 ], [ 47.6406267, -21.3061278, 432.5 ], [ 47.6408091, -21.3061853, 432.0 ], [ 47.6410183, -21.3062653, 430.0 ], [ 47.6412866, -21.3063103, 429.5 ], [ 47.6413831, -21.3063253, 429.8 ], [ 47.6416594, -21.3063253, 431.8 ], [ 47.641941, -21.3061703, 434.2 ], [ 47.6422843, -21.3059029, 437.0 ], [ 47.6431292, -21.3053707, 435.8 ], [ 47.6434591, -21.3052957, 436.0 ], [ 47.6436979, -21.3052657, 436.2 ], [ 47.6437274, -21.3052607, 436.2 ], [ 47.6441002, -21.3052932, 438.8 ], [ 47.6443818, -21.3052382, 440.5 ], [ 47.6449504, -21.3050433, 441.0 ], [ 47.6451114, -21.3050158, 440.5 ], [ 47.6452723, -21.3050883, 439.5 ], [ 47.6453796, -21.3051858, 438.2 ], [ 47.6454493, -21.3053757, 437.5 ], [ 47.6455405, -21.3056506, 436.5 ], [ 47.6455539, -21.3062228, 437.0 ], [ 47.6455647, -21.3067476, 435.8 ], [ 47.64557, -21.30686, 435.2 ], [ 47.6455754, -21.3072673, 433.8 ], [ 47.6455942, -21.3086442, 432.5 ], [ 47.6458034, -21.308979, 430.2 ], [ 47.6458329, -21.3090065, 429.9 ], [ 47.6459402, -21.309074, 429.0 ], [ 47.6463559, -21.3093089, 429.0 ], [ 47.6469836, -21.3095663, 429.2 ], [ 47.6474422, -21.3097562, 430.0 ], [ 47.6475415, -21.3098511, 430.5 ], [ 47.6476032, -21.3100086, 431.2 ], [ 47.6476353, -21.3102634, 433.0 ], [ 47.6476675, -21.3106333, 435.5 ], [ 47.647689, -21.311258, 435.0 ], [ 47.6476702, -21.3114279, 434.2 ], [ 47.6476058, -21.3115578, 434.2 ], [ 47.647469, -21.3117727, 434.1 ], [ 47.6474422, -21.3118652, 434.0 ], [ 47.6474234, -21.3119301, 434.0 ], [ 47.6474395, -21.3121201, 434.5 ], [ 47.6475844, -21.3124649, 436.0 ], [ 47.6478526, -21.3127472, 439.0 ], [ 47.6480833, -21.3128797, 441.2 ], [ 47.6484722, -21.3129896, 442.8 ], [ 47.6487967, -21.3129796, 442.5 ], [ 47.6490703, -21.3129372, 442.0 ], [ 47.6493868, -21.3130071, 441.8 ], [ 47.6495773, -21.3131146, 442.1 ], [ 47.6495799, -21.3135718, 442.8 ], [ 47.6496175, -21.3139566, 441.2 ], [ 47.6496497, -21.314309, 439.5 ], [ 47.6497382, -21.3152535, 440.0 ], [ 47.6498696, -21.3156383, 443.0 ], [ 47.6505885, -21.3177272, 441.5 ], [ 47.6505992, -21.3180321, 443.4 ], [ 47.6505589, -21.3181145, 444.0 ], [ 47.6498455, -21.3195762, 439.2 ], [ 47.6498052, -21.3198911, 439.0 ], [ 47.6498026, -21.319926, 438.8 ], [ 47.6501459, -21.3213828, 437.8 ], [ 47.650229, -21.3219175, 438.8 ], [ 47.6502934, -21.3222423, 441.0 ], [ 47.6505804, -21.3239038, 446.5 ], [ 47.6505643, -21.3241112, 446.0 ], [ 47.6505294, -21.3242412, 445.2 ], [ 47.6504651, -21.3244735, 444.8 ], [ 47.6504678, -21.3246159, 444.5 ], [ 47.6506287, -21.3250682, 445.2 ], [ 47.6508138, -21.3255929, 446.2 ], [ 47.6508754, -21.3261351, 448.2 ], [ 47.6509076, -21.3264074, 450.2 ], [ 47.6506448, -21.3272469, 448.8 ], [ 47.6505938, -21.3284787, 447.5 ], [ 47.6504195, -21.3289084, 448.8 ], [ 47.6503551, -21.3291533, 449.2 ], [ 47.6504087, -21.3294406, 449.8 ], [ 47.6504329, -21.3294781, 450.0 ], [ 47.6510739, -21.330435, 452.8 ], [ 47.6513395, -21.3306124, 454.5 ], [ 47.6518437, -21.3309447, 458.2 ], [ 47.6520851, -21.3310047, 458.5 ], [ 47.6523587, -21.3309497, 458.7 ], [ 47.6527771, -21.3308647, 459.1 ], [ 47.6533055, -21.3308847, 459.5 ], [ 47.6534826, -21.3309422, 459.8 ], [ 47.6536274, -21.3311221, 460.2 ], [ 47.6538527, -21.3316218, 462.0 ], [ 47.6540002, -21.332054, 463.8 ], [ 47.6540431, -21.3323563, 465.8 ], [ 47.6540726, -21.3325687, 467.0 ], [ 47.6544186, -21.3336805, 471.8 ], [ 47.6546225, -21.3340253, 473.8 ], [ 47.6547003, -21.3340852, 474.8 ], [ 47.6548693, -21.3342151, 476.5 ], [ 47.6550597, -21.3342601, 479.0 ], [ 47.6551294, -21.3342776, 480.0 ], [ 47.6557034, -21.3344225, 485.5 ], [ 47.6562801, -21.3342901, 486.0 ], [ 47.6563284, -21.3342776, 486.0 ], [ 47.6568595, -21.3339828, 485.5 ], [ 47.6570418, -21.3337979, 485.2 ], [ 47.6571062, -21.3336305, 485.4 ], [ 47.6571384, -21.3335531, 485.5 ], [ 47.6580209, -21.3326736, 483.5 ], [ 47.6580799, -21.3326561, 483.8 ], [ 47.6582059, -21.3326137, 484.5 ], [ 47.6594853, -21.3324762, 489.8 ], [ 47.6597455, -21.3325112, 492.5 ], [ 47.6598904, -21.3327536, 493.5 ], [ 47.6598796, -21.3332283, 494.2 ], [ 47.6596329, -21.3334906, 489.8 ], [ 47.6595926, -21.333673, 489.5 ], [ 47.6597536, -21.3342126, 493.8 ], [ 47.6599038, -21.3347148, 496.2 ], [ 47.6601103, -21.3349672, 499.5 ], [ 47.6601827, -21.3351395, 501.0 ], [ 47.6599708, -21.3354493, 497.5 ], [ 47.6598555, -21.3357941, 496.2 ], [ 47.6599118, -21.3361039, 495.0 ], [ 47.6600003, -21.3363238, 494.5 ], [ 47.6605904, -21.3365262, 502.2 ], [ 47.6609445, -21.336701, 506.2 ], [ 47.6613656, -21.336786, 509.8 ], [ 47.6616257, -21.3366636, 514.0 ], [ 47.661725, -21.3365911, 516.0 ], [ 47.6618457, -21.3365661, 517.8 ], [ 47.6619422, -21.3365736, 519.0 ], [ 47.6620522, -21.3366361, 519.8 ], [ 47.662181, -21.3368459, 519.3 ], [ 47.6624224, -21.3371857, 518.5 ], [ 47.6627389, -21.3373706, 521.0 ], [ 47.6630393, -21.3374106, 525.2 ], [ 47.663101, -21.3373881, 526.2 ], [ 47.6633504, -21.3373031, 529.0 ], [ 47.6641604, -21.3373206, 527.2 ], [ 47.664603, -21.3370783, 524.8 ], [ 47.6648498, -21.3369459, 523.8 ], [ 47.6650348, -21.3368809, 523.5 ], [ 47.6658475, -21.3368959, 522.2 ], [ 47.665979, -21.3368384, 522.5 ], [ 47.6667997, -21.3364737, 521.0 ], [ 47.6669687, -21.3362963, 520.8 ], [ 47.6672047, -21.3358941, 521.2 ], [ 47.667363, -21.335207, 519.8 ], [ 47.6674703, -21.3349822, 518.0 ], [ 47.667776, -21.3343301, 512.2 ], [ 47.668047, -21.3340652, 510.0 ], [ 47.6685458, -21.3336855, 508.5 ], [ 47.6687229, -21.3336355, 509.5 ], [ 47.6694632, -21.3338204, 511.0 ], [ 47.6702464, -21.3335656, 505.0 ], [ 47.6705387, -21.3334581, 505.8 ], [ 47.6709652, -21.3333007, 508.5 ], [ 47.671212, -21.3332108, 510.2 ], [ 47.6717967, -21.332911, 515.5 ], [ 47.6721212, -21.3327461, 517.5 ], [ 47.6731646, -21.3321889, 517.8 ], [ 47.6733872, -21.3320365, 517.5 ], [ 47.6739264, -21.3316692, 522.2 ], [ 47.6745003, -21.331317, 527.8 ], [ 47.6748329, -21.3308423, 528.5 ], [ 47.6749241, -21.3307523, 529.2 ], [ 47.6751843, -21.3307073, 533.5 ], [ 47.6755786, -21.3305499, 539.2 ], [ 47.6759595, -21.3304775, 546.2 ], [ 47.6762867, -21.33049, 554.2 ], [ 47.6764959, -21.330395, 557.8 ], [ 47.6764423, -21.3301627, 549.5 ], [ 47.6764584, -21.3298404, 542.2 ], [ 47.6766139, -21.3295006, 541.8 ], [ 47.6770109, -21.3292832, 551.8 ], [ 47.6770377, -21.3289209, 546.2 ], [ 47.6770511, -21.328721, 544.4 ], [ 47.6771826, -21.3285986, 542.8 ], [ 47.6772764, -21.3285611, 543.2 ], [ 47.6773998, -21.3286011, 546.0 ], [ 47.6779389, -21.328741, 555.8 ], [ 47.6784244, -21.328861, 559.9 ], [ 47.6784647, -21.3288709, 560.2 ], [ 47.678816, -21.3291533, 561.8 ], [ 47.6792505, -21.3293781, 553.0 ], [ 47.6794383, -21.3296205, 548.5 ], [ 47.6793927, -21.3297929, 551.5 ], [ 47.6791915, -21.3300452, 561.2 ], [ 47.679095, -21.330475, 567.5 ], [ 47.6790762, -21.3306923, 568.8 ], [ 47.679213, -21.3308173, 565.0 ], [ 47.6794168, -21.3308822, 560.2 ], [ 47.6796716, -21.3309847, 554.5 ], [ 47.6802832, -21.3309672, 540.0 ], [ 47.6805595, -21.3310871, 535.0 ], [ 47.6807392, -21.331247, 533.1 ], [ 47.6807687, -21.3314669, 531.2 ], [ 47.6806024, -21.3316542, 536.0 ], [ 47.680361, -21.3318291, 542.8 ], [ 47.6802751, -21.3319491, 544.8 ], [ 47.6802403, -21.3321115, 545.5 ], [ 47.6802939, -21.3323838, 544.8 ], [ 47.6803288, -21.3325687, 545.2 ], [ 47.6803288, -21.3326836, 546.8 ], [ 47.6804119, -21.3329959, 551.0 ], [ 47.6804495, -21.3331383, 553.5 ], [ 47.680589, -21.3332582, 551.8 ], [ 47.6807928, -21.3331233, 544.2 ], [ 47.6811683, -21.3326711, 528.5 ], [ 47.6813534, -21.3325687, 523.0 ], [ 47.6815036, -21.3325212, 519.8 ], [ 47.6816216, -21.3325337, 517.8 ], [ 47.6818898, -21.3326186, 514.8 ], [ 47.6821688, -21.3327336, 510.2 ], [ 47.6825577, -21.3330384, 505.0 ], [ 47.6826784, -21.3332258, 504.5 ], [ 47.6827186, -21.3334781, 506.5 ], [ 47.6828125, -21.3340527, 514.5 ], [ 47.6830029, -21.3345299, 518.2 ], [ 47.6831076, -21.3347673, 521.8 ], [ 47.6832122, -21.3349022, 522.5 ], [ 47.6833731, -21.3349647, 520.5 ], [ 47.6836038, -21.3347773, 510.5 ], [ 47.6839229, -21.33451, 498.5 ], [ 47.6841375, -21.33451, 497.2 ], [ 47.6842421, -21.3345574, 498.0 ], [ 47.684454, -21.3346399, 498.5 ], [ 47.6850173, -21.3346174, 491.5 ], [ 47.6851916, -21.3347123, 492.8 ], [ 47.685425, -21.3349572, 496.2 ], [ 47.6856905, -21.3351021, 497.8 ], [ 47.6860312, -21.3351196, 497.2 ], [ 47.6863074, -21.3349522, 495.0 ], [ 47.6870075, -21.334415, 487.5 ], [ 47.6871416, -21.334395, 488.0 ], [ 47.6872838, -21.334435, 489.5 ], [ 47.6876432, -21.3346224, 493.5 ], [ 47.6881018, -21.3347198, 493.8 ], [ 47.6882923, -21.3348822, 496.0 ], [ 47.688303, -21.3350621, 498.0 ], [ 47.6882976, -21.3352695, 499.0 ], [ 47.6882038, -21.3356018, 496.5 ], [ 47.6881877, -21.3357367, 494.5 ], [ 47.6882628, -21.3358791, 492.8 ], [ 47.6884425, -21.336059, 491.5 ], [ 47.6885605, -21.3361439, 491.4 ], [ 47.6889038, -21.3363962, 491.0 ], [ 47.6895905, -21.3368884, 490.5 ], [ 47.6898158, -21.3371757, 488.8 ], [ 47.6900062, -21.3376754, 486.0 ], [ 47.6902261, -21.3385123, 487.6 ], [ 47.6903898, -21.339092, 488.8 ], [ 47.6905909, -21.3393518, 487.0 ], [ 47.6907572, -21.3394892, 486.8 ], [ 47.6908323, -21.3395441, 486.8 ], [ 47.6915941, -21.3399189, 489.2 ], [ 47.6918408, -21.3400688, 490.0 ], [ 47.6924577, -21.3405884, 487.8 ], [ 47.6925999, -21.3406484, 486.5 ], [ 47.6927716, -21.3406409, 485.8 ], [ 47.6933777, -21.3405385, 483.0 ], [ 47.6937532, -21.3405185, 480.4 ], [ 47.6939625, -21.3405535, 479.0 ], [ 47.6945016, -21.3406634, 478.0 ], [ 47.6949361, -21.3407508, 478.5 ], [ 47.6954699, -21.3408033, 480.0 ], [ 47.6957837, -21.3408707, 481.0 ], [ 47.6959044, -21.3408957, 481.5 ], [ 47.6965347, -21.3410181, 481.2 ], [ 47.6967037, -21.3410481, 481.0 ], [ 47.6969156, -21.3410306, 479.5 ], [ 47.6972213, -21.3411381, 478.6 ], [ 47.6974279, -21.341168, 478.0 ], [ 47.6977685, -21.3411755, 475.8 ], [ 47.6979777, -21.3410906, 474.8 ], [ 47.698077, -21.3409357, 474.5 ], [ 47.6981601, -21.3408083, 474.8 ], [ 47.6984122, -21.3402112, 476.5 ], [ 47.6987341, -21.339769, 477.7 ], [ 47.6988199, -21.3396841, 478.0 ], [ 47.6998258, -21.3388871, 474.0 ], [ 47.7005607, -21.3385073, 472.5 ], [ 47.7014512, -21.3381526, 474.2 ], [ 47.7023712, -21.3379202, 476.0 ], [ 47.7030122, -21.3380052, 486.8 ], [ 47.7040744, -21.3372782, 486.2 ], [ 47.7049488, -21.3371482, 489.0 ], [ 47.7053377, -21.3369284, 485.8 ], [ 47.7057454, -21.336751, 486.8 ], [ 47.706145, -21.3366386, 489.8 ], [ 47.7063704, -21.3363038, 485.2 ], [ 47.7066895, -21.3354868, 475.0 ], [ 47.706778, -21.3354269, 474.2 ], [ 47.7068987, -21.3354194, 474.0 ], [ 47.7070785, -21.3355543, 475.2 ], [ 47.7071616, -21.3357941, 476.5 ], [ 47.7073038, -21.3360115, 477.2 ], [ 47.7075291, -21.3362713, 476.0 ], [ 47.7077544, -21.3364762, 473.0 ], [ 47.7078617, -21.3365062, 470.8 ], [ 47.7078643, -21.3365087, 470.8 ], [ 47.708213, -21.3365786, 464.5 ], [ 47.7084705, -21.3366336, 462.5 ], [ 47.708661, -21.3366786, 461.0 ], [ 47.7088407, -21.3367385, 461.2 ], [ 47.7093986, -21.3368035, 463.0 ], [ 47.7096453, -21.3368909, 464.2 ], [ 47.7098787, -21.3369534, 465.2 ], [ 47.7103373, -21.3371432, 469.2 ], [ 47.7106538, -21.3372182, 469.5 ], [ 47.7107102, -21.3372457, 470.0 ], [ 47.7108979, -21.3373231, 470.2 ], [ 47.711091, -21.337448, 470.8 ], [ 47.7111983, -21.3377728, 472.8 ], [ 47.7112117, -21.3382275, 474.0 ], [ 47.7110267, -21.3388396, 479.0 ], [ 47.710965, -21.3391469, 481.8 ], [ 47.7109972, -21.3394342, 483.8 ], [ 47.7111286, -21.3396041, 482.0 ], [ 47.711437, -21.339839, 476.5 ], [ 47.7118689, -21.3400113, 468.5 ], [ 47.7122015, -21.3401612, 464.8 ], [ 47.7125448, -21.3406309, 466.8 ], [ 47.7127782, -21.341183, 471.0 ], [ 47.7129203, -21.3413204, 471.2 ], [ 47.7130759, -21.3414653, 472.2 ], [ 47.713269, -21.3416127, 474.2 ], [ 47.7148032, -21.3414953, 472.2 ], [ 47.7158493, -21.3413179, 474.5 ], [ 47.7160907, -21.3412155, 475.0 ], [ 47.7162892, -21.3411106, 475.5 ], [ 47.716442, -21.3409782, 475.0 ], [ 47.7165681, -21.3407958, 473.8 ], [ 47.716721, -21.3405135, 472.5 ], [ 47.7168819, -21.340466, 473.5 ], [ 47.717016, -21.340526, 473.8 ], [ 47.7172735, -21.3406984, 474.5 ], [ 47.7175176, -21.3411106, 475.0 ], [ 47.7175847, -21.3415253, 476.0 ], [ 47.7176169, -21.3419775, 474.6 ], [ 47.7176759, -21.3421848, 474.0 ], [ 47.7177107, -21.3423447, 473.2 ], [ 47.7177697, -21.342677, 471.5 ], [ 47.7177563, -21.3428844, 470.0 ], [ 47.7176785, -21.3435939, 469.5 ], [ 47.7176544, -21.3438162, 470.0 ], [ 47.7177027, -21.3441285, 471.0 ], [ 47.7178743, -21.344778, 471.2 ], [ 47.7180514, -21.3450703, 473.2 ], [ 47.7187246, -21.34559, 478.0 ], [ 47.7197009, -21.3463119, 479.2 ], [ 47.72127, -21.347536, 487.0 ], [ 47.7218118, -21.3479108, 487.2 ], [ 47.7220613, -21.3479532, 488.5 ], [ 47.722182, -21.3479632, 489.5 ], [ 47.7224261, -21.3479857, 489.8 ], [ 47.722933, -21.3480482, 488.2 ], [ 47.7232093, -21.3479832, 488.5 ], [ 47.723456, -21.3478783, 488.8 ], [ 47.7235848, -21.3478483, 488.2 ], [ 47.7236572, -21.3478733, 488.2 ], [ 47.7237752, -21.3479732, 488.0 ], [ 47.7237993, -21.3480157, 488.0 ], [ 47.7239791, -21.3483205, 488.5 ], [ 47.724022, -21.3484928, 489.2 ], [ 47.7240005, -21.3491174, 492.0 ], [ 47.72425, -21.3497794, 498.0 ], [ 47.7242714, -21.3500817, 498.8 ], [ 47.7243358, -21.3501641, 499.2 ], [ 47.7245638, -21.350299, 499.4 ], [ 47.7246523, -21.3503515, 499.5 ], [ 47.7248669, -21.3504189, 499.8 ], [ 47.7252451, -21.3506113, 498.5 ], [ 47.7253819, -21.3506612, 498.4 ], [ 47.7254865, -21.3506363, 498.3 ], [ 47.7255294, -21.3505963, 498.3 ], [ 47.7255508, -21.3505763, 498.2 ], [ 47.7256018, -21.3505064, 498.5 ], [ 47.725642, -21.3503939, 498.8 ], [ 47.7256501, -21.3499468, 501.2 ], [ 47.7256823, -21.3498843, 501.4 ], [ 47.7257413, -21.3497994, 501.5 ], [ 47.7258942, -21.3496795, 500.5 ], [ 47.7263206, -21.3493947, 499.8 ], [ 47.7265942, -21.3492198, 501.0 ], [ 47.7271977, -21.3488301, 506.8 ], [ 47.7274606, -21.3486827, 509.8 ], [ 47.7276027, -21.3486203, 510.2 ], [ 47.7277234, -21.3486028, 509.5 ], [ 47.7278575, -21.3486128, 508.0 ], [ 47.7280855, -21.3486327, 506.0 ], [ 47.7283618, -21.3486078, 505.2 ], [ 47.72852, -21.3485928, 505.5 ], [ 47.7286622, -21.3485453, 506.0 ], [ 47.7288526, -21.3484504, 506.8 ], [ 47.7290672, -21.348333, 508.0 ], [ 47.7292094, -21.3482955, 508.8 ], [ 47.7293515, -21.348283, 509.2 ], [ 47.7295554, -21.348303, 510.8 ], [ 47.7297297, -21.348353, 512.5 ], [ 47.7299389, -21.3484629, 515.5 ], [ 47.7302206, -21.3486627, 519.5 ], [ 47.7304834, -21.3488676, 523.8 ], [ 47.7306122, -21.34901, 525.5 ], [ 47.7308777, -21.3495521, 527.8 ], [ 47.730934, -21.3497269, 527.6 ], [ 47.7309555, -21.3499118, 527.5 ], [ 47.7310011, -21.3500967, 527.6 ], [ 47.7310601, -21.3502241, 527.8 ], [ 47.7312317, -21.3504114, 527.2 ], [ 47.7313846, -21.3505613, 526.5 ], [ 47.7315858, -21.3506937, 525.8 ], [ 47.7319184, -21.3508311, 526.2 ], [ 47.7322912, -21.350961, 529.8 ], [ 47.7323422, -21.3509935, 530.5 ], [ 47.7324039, -21.3510584, 531.5 ], [ 47.7326131, -21.3514531, 534.8 ], [ 47.7327955, -21.3518628, 539.5 ], [ 47.7329108, -21.3521826, 542.8 ], [ 47.733002, -21.3522975, 543.8 ], [ 47.7330664, -21.352335, 544.2 ], [ 47.7331549, -21.352335, 544.4 ], [ 47.7331898, -21.35228, 544.5 ], [ 47.7331871, -21.3522351, 544.2 ], [ 47.7331468, -21.3521151, 543.5 ], [ 47.7331012, -21.3519827, 542.2 ], [ 47.7330637, -21.3518978, 541.2 ], [ 47.7327821, -21.3513058, 535.2 ], [ 47.7327418, -21.3511384, 534.5 ], [ 47.7327472, -21.351026, 534.8 ], [ 47.7327928, -21.3509136, 535.8 ], [ 47.7328518, -21.3508561, 536.8 ], [ 47.7329484, -21.3507986, 538.0 ], [ 47.7339622, -21.3501766, 548.5 ], [ 47.7340937, -21.3500967, 547.2 ], [ 47.7345362, -21.3498468, 540.5 ], [ 47.734665, -21.3497519, 537.8 ], [ 47.7347589, -21.349652, 535.2 ], [ 47.7348796, -21.3494272, 531.2 ], [ 47.7350029, -21.3489825, 527.8 ], [ 47.7349707, -21.3488176, 528.2 ], [ 47.7348045, -21.3485128, 534.2 ], [ 47.7347642, -21.3484029, 536.2 ], [ 47.7347293, -21.3480532, 541.2 ], [ 47.7347508, -21.3479632, 541.5 ], [ 47.7348071, -21.3478783, 540.5 ], [ 47.7348956, -21.3478233, 538.0 ], [ 47.7350512, -21.3477784, 532.8 ], [ 47.7351826, -21.3477809, 527.8 ], [ 47.7353302, -21.3478009, 521.5 ], [ 47.7354375, -21.3477609, 518.0 ], [ 47.7355582, -21.3476635, 515.0 ], [ 47.7356386, -21.3475136, 514.8 ], [ 47.7357137, -21.3473162, 516.2 ], [ 47.7357566, -21.3472363, 516.5 ], [ 47.735872, -21.3471663, 514.5 ], [ 47.7359685, -21.3471114, 512.8 ], [ 47.7360624, -21.3470664, 510.8 ], [ 47.736167, -21.3470414, 508.2 ], [ 47.736277, -21.3470439, 505.0 ], [ 47.736387, -21.3470489, 501.8 ], [ 47.7364916, -21.3470214, 499.2 ], [ 47.736572, -21.346929, 499.0 ], [ 47.736572, -21.3467941, 501.8 ], [ 47.7365425, -21.3466442, 504.8 ], [ 47.736505, -21.3464943, 507.2 ], [ 47.7365023, -21.3464144, 508.0 ], [ 47.7365935, -21.346197, 508.8 ], [ 47.7367088, -21.3460946, 509.2 ], [ 47.7368161, -21.3460521, 508.8 ], [ 47.7369368, -21.3460321, 508.0 ], [ 47.7370656, -21.3460646, 506.2 ], [ 47.7371675, -21.346167, 503.0 ], [ 47.7372989, -21.346222, 500.0 ], [ 47.7374411, -21.3462795, 496.5 ], [ 47.7375671, -21.3463194, 493.5 ], [ 47.7377173, -21.3463969, 489.2 ], [ 47.7378434, -21.3466117, 481.0 ], [ 47.7379641, -21.3466967, 477.0 ], [ 47.7380687, -21.3466967, 476.0 ], [ 47.7383959, -21.3464843, 478.1 ], [ 47.7385622, -21.3464269, 479.0 ], [ 47.738691, -21.3464393, 477.0 ], [ 47.7388814, -21.3466542, 469.0 ], [ 47.7390182, -21.3467341, 464.5 ], [ 47.7391469, -21.3466967, 463.2 ], [ 47.739324, -21.3465243, 463.8 ], [ 47.7395815, -21.3462745, 459.2 ], [ 47.7396029, -21.346162, 459.0 ], [ 47.7395841, -21.3460671, 459.8 ], [ 47.7394447, -21.3459022, 464.0 ], [ 47.7392355, -21.3457998, 470.0 ], [ 47.7389485, -21.3457873, 477.8 ], [ 47.7388358, -21.3457673, 480.8 ], [ 47.7387741, -21.3457049, 482.8 ], [ 47.7387983, -21.3455675, 483.0 ], [ 47.7388948, -21.34549, 480.8 ], [ 47.7391201, -21.3453326, 474.5 ], [ 47.7395359, -21.3449479, 459.5 ], [ 47.7398309, -21.3445532, 448.5 ], [ 47.7401179, -21.3438987, 440.8 ], [ 47.7402332, -21.3437238, 438.8 ], [ 47.7402547, -21.3436913, 438.5 ], [ 47.740413, -21.3435614, 436.5 ], [ 47.7406168, -21.3435264, 435.0 ], [ 47.7407509, -21.3435639, 434.2 ], [ 47.7411076, -21.3437163, 432.0 ], [ 47.7413785, -21.3437837, 429.8 ], [ 47.7414536, -21.3437637, 429.2 ], [ 47.74151, -21.3437088, 429.8 ], [ 47.7417997, -21.3433091, 434.2 ], [ 47.7419659, -21.3432291, 435.2 ], [ 47.7421081, -21.3432291, 434.5 ], [ 47.7422959, -21.3433315, 432.5 ], [ 47.7425775, -21.3436313, 427.8 ], [ 47.7426794, -21.3437962, 426.0 ], [ 47.7427572, -21.3440336, 423.8 ], [ 47.7428672, -21.3442634, 421.2 ], [ 47.7429771, -21.3444483, 419.5 ], [ 47.7431032, -21.3445132, 418.2 ], [ 47.7433178, -21.3445107, 415.8 ], [ 47.7435377, -21.3444832, 412.2 ], [ 47.7436638, -21.3443958, 410.5 ], [ 47.7439642, -21.3440386, 404.8 ], [ 47.7439937, -21.3438837, 403.5 ], [ 47.7438945, -21.3436039, 404.8 ], [ 47.7435109, -21.3433141, 414.0 ], [ 47.7432775, -21.342657, 414.2 ], [ 47.7429396, -21.3421449, 417.5 ], [ 47.7429181, -21.3419825, 415.8 ], [ 47.7429423, -21.3417876, 412.8 ], [ 47.7430925, -21.3414054, 407.2 ], [ 47.7430603, -21.3410331, 408.0 ], [ 47.7430978, -21.3409507, 407.0 ], [ 47.7431569, -21.3408732, 405.5 ], [ 47.7433607, -21.3407908, 400.5 ], [ 47.7434653, -21.3406834, 398.0 ], [ 47.7435055, -21.3403436, 396.2 ], [ 47.7436504, -21.3398939, 390.5 ], [ 47.7437282, -21.3397565, 387.8 ], [ 47.7439561, -21.3396791, 381.5 ], [ 47.7441278, -21.3395641, 377.8 ], [ 47.7444497, -21.339052, 372.8 ], [ 47.744801, -21.3386123, 368.5 ], [ 47.7452731, -21.3383724, 366.2 ], [ 47.7454099, -21.3380626, 367.2 ], [ 47.7455038, -21.3379177, 367.6 ], [ 47.7455896, -21.3378628, 367.8 ], [ 47.7457157, -21.3378328, 367.2 ], [ 47.7460295, -21.3377903, 364.8 ], [ 47.7460617, -21.3377728, 364.5 ], [ 47.7461234, -21.3377379, 364.2 ], [ 47.7462575, -21.3375305, 365.0 ], [ 47.7463996, -21.3373281, 365.5 ], [ 47.7465257, -21.3372332, 365.8 ], [ 47.7466545, -21.3371757, 366.0 ], [ 47.7472499, -21.3371008, 363.2 ], [ 47.7474752, -21.3369509, 367.2 ], [ 47.7475798, -21.3369059, 368.2 ], [ 47.7477247, -21.3368459, 369.8 ], [ 47.7479339, -21.3368684, 370.0 ], [ 47.7480626, -21.3369134, 369.8 ], [ 47.7481109, -21.3369684, 368.8 ], [ 47.7481511, -21.3370158, 368.0 ], [ 47.7481699, -21.3371382, 365.8 ], [ 47.7481404, -21.3372857, 362.5 ], [ 47.7480626, -21.3376654, 353.5 ], [ 47.7480358, -21.3381051, 343.5 ], [ 47.7480868, -21.33829, 342.2 ], [ 47.7481672, -21.338345, 343.2 ], [ 47.7481914, -21.3383599, 343.5 ], [ 47.7483174, -21.3383824, 345.8 ], [ 47.7486339, -21.33832, 353.5 ], [ 47.7489933, -21.338325, 362.0 ], [ 47.749114, -21.3383924, 363.8 ], [ 47.7491328, -21.3384899, 362.8 ], [ 47.7490926, -21.3385823, 360.5 ], [ 47.7489933, -21.3386922, 356.8 ], [ 47.748363, -21.3390195, 340.0 ], [ 47.7482235, -21.3391469, 336.8 ], [ 47.7481833, -21.3392743, 335.5 ], [ 47.748194, -21.3394117, 335.1 ], [ 47.7482504, -21.3395192, 334.8 ], [ 47.7483469, -21.3395691, 335.8 ], [ 47.7489209, -21.3395591, 346.0 ], [ 47.7490228, -21.3396291, 347.2 ], [ 47.7490175, -21.3396841, 346.5 ], [ 47.7489987, -21.339764, 345.2 ], [ 47.7486822, -21.3398589, 338.2 ], [ 47.7484623, -21.3399239, 334.2 ], [ 47.7481538, -21.3400688, 328.2 ], [ 47.7479741, -21.3401937, 325.2 ], [ 47.7478963, -21.3403286, 323.2 ], [ 47.7479714, -21.3405335, 322.0 ], [ 47.7480975, -21.3407159, 321.0 ], [ 47.748127, -21.3408658, 319.5 ], [ 47.7480841, -21.3410706, 317.5 ], [ 47.7480546, -21.3411955, 316.5 ], [ 47.7478158, -21.3414204, 315.5 ], [ 47.7477676, -21.3415028, 315.2 ], [ 47.7478132, -21.3416452, 314.8 ], [ 47.7479178, -21.3417501, 314.8 ], [ 47.7479526, -21.3417476, 314.8 ], [ 47.7480599, -21.3417427, 314.9 ], [ 47.7482906, -21.3416227, 315.0 ], [ 47.7483818, -21.3416052, 315.5 ], [ 47.748524, -21.3416377, 316.5 ], [ 47.7488968, -21.3418676, 317.0 ], [ 47.7490255, -21.3420524, 317.2 ], [ 47.7490416, -21.3423797, 316.5 ], [ 47.7490765, -21.3425471, 316.8 ], [ 47.7491274, -21.342667, 317.0 ], [ 47.7492106, -21.3427869, 317.5 ], [ 47.749342, -21.3428569, 317.0 ], [ 47.7494574, -21.3429193, 316.5 ], [ 47.749798, -21.3430368, 315.2 ], [ 47.749916, -21.3430418, 314.5 ], [ 47.7500394, -21.3429918, 313.2 ], [ 47.7502513, -21.3429318, 310.8 ], [ 47.7505732, -21.3429143, 307.0 ], [ 47.7509594, -21.3428444, 304.5 ], [ 47.7512947, -21.3428244, 305.2 ], [ 47.7514181, -21.3428869, 306.0 ], [ 47.7515012, -21.3430368, 305.5 ], [ 47.7516112, -21.3432941, 304.2 ], [ 47.7517587, -21.3435489, 303.0 ], [ 47.7519464, -21.3438087, 302.2 ], [ 47.7523273, -21.3441435, 301.8 ], [ 47.7527136, -21.3444208, 299.0 ], [ 47.7529228, -21.3445307, 296.5 ], [ 47.7530327, -21.3445707, 295.2 ], [ 47.7532178, -21.3446356, 293.8 ], [ 47.7534324, -21.3447106, 293.5 ], [ 47.7538723, -21.3449204, 293.0 ], [ 47.753993, -21.3449554, 296.8 ], [ 47.7540922, -21.3449379, 298.0 ], [ 47.7542719, -21.3447905, 300.2 ], [ 47.7545696, -21.3445732, 301.5 ], [ 47.7553207, -21.3442184, 299.5 ], [ 47.7555111, -21.344146, 299.2 ], [ 47.755715, -21.344141, 298.9 ], [ 47.755951, -21.3441285, 298.5 ], [ 47.756179, -21.3440435, 297.5 ], [ 47.756407, -21.3439086, 295.2 ], [ 47.7566457, -21.3437413, 292.5 ], [ 47.7568924, -21.3436064, 291.2 ], [ 47.7571204, -21.3435214, 290.7 ], [ 47.7572358, -21.3434839, 290.5 ], [ 47.7574503, -21.343404, 292.2 ], [ 47.7574798, -21.3433865, 292.5 ], [ 47.7575281, -21.3433565, 292.8 ], [ 47.7576113, -21.3432691, 293.0 ], [ 47.75774, -21.3430817, 293.8 ], [ 47.757858, -21.3428194, 293.2 ], [ 47.7579331, -21.342672, 293.5 ], [ 47.7579626, -21.3426145, 293.8 ], [ 47.7581102, -21.3424821, 295.0 ], [ 47.7582094, -21.3424447, 295.8 ], [ 47.7583328, -21.3424497, 296.8 ], [ 47.7584401, -21.3424647, 297.5 ], [ 47.7585769, -21.3425071, 298.8 ], [ 47.7586734, -21.3425346, 299.8 ], [ 47.7588049, -21.3425571, 301.2 ], [ 47.7589631, -21.3425521, 303.0 ], [ 47.7590999, -21.3425121, 304.0 ], [ 47.7595854, -21.3421049, 302.8 ], [ 47.7596712, -21.3420874, 303.0 ], [ 47.7599099, -21.3420549, 303.7 ], [ 47.7600199, -21.342025, 304.0 ], [ 47.7603927, -21.3418176, 301.8 ], [ 47.7604383, -21.3417576, 300.2 ], [ 47.7605188, -21.3416052, 296.8 ], [ 47.7605617, -21.3415403, 295.5 ], [ 47.7606234, -21.3414703, 294.2 ], [ 47.7606663, -21.3414479, 294.0 ], [ 47.7609828, -21.3413829, 294.2 ], [ 47.7611035, -21.3413454, 293.8 ], [ 47.7611974, -21.341303, 292.8 ], [ 47.7614388, -21.341163, 290.8 ], [ 47.7616748, -21.3409982, 289.5 ], [ 47.7619135, -21.3407508, 291.0 ], [ 47.7620289, -21.3406709, 291.2 ], [ 47.7621791, -21.3406259, 291.5 ], [ 47.7625653, -21.3405959, 288.2 ], [ 47.7630991, -21.3403461, 290.8 ], [ 47.7633083, -21.3402587, 291.2 ], [ 47.7634397, -21.3402312, 291.5 ], [ 47.763547, -21.3402312, 291.2 ], [ 47.7636489, -21.3402562, 290.0 ], [ 47.7637187, -21.3403011, 288.2 ], [ 47.7637482, -21.3404286, 284.0 ], [ 47.763657, -21.3406409, 277.5 ], [ 47.7636194, -21.3407733, 273.8 ], [ 47.7636597, -21.3408707, 270.8 ], [ 47.7637374, -21.3408982, 270.3 ], [ 47.763834, -21.3408857, 269.8 ], [ 47.7644616, -21.3403411, 285.2 ], [ 47.7645689, -21.3403011, 286.2 ], [ 47.7646387, -21.3403161, 286.0 ], [ 47.7647004, -21.3403586, 285.0 ], [ 47.7647004, -21.3404435, 283.0 ], [ 47.7646574, -21.3406759, 277.8 ], [ 47.7646789, -21.3408208, 275.0 ], [ 47.7647513, -21.3409907, 272.5 ], [ 47.7647808, -21.3411131, 270.5 ], [ 47.7647594, -21.341233, 268.2 ], [ 47.7646601, -21.3414553, 263.5 ], [ 47.764644, -21.3415703, 262.0 ], [ 47.7646574, -21.3416452, 261.2 ], [ 47.7647379, -21.3417452, 260.8 ], [ 47.7648506, -21.3417876, 261.0 ], [ 47.765108, -21.3418201, 262.2 ], [ 47.7653387, -21.3419, 262.0 ], [ 47.7656659, -21.3421049, 259.5 ], [ 47.7657062, -21.3421749, 258.8 ], [ 47.7657437, -21.3422373, 258.0 ], [ 47.7658296, -21.3425121, 255.2 ], [ 47.7659342, -21.3425996, 254.8 ], [ 47.7661192, -21.3426495, 255.0 ], [ 47.766712, -21.3426945, 255.8 ], [ 47.7670875, -21.342692, 254.8 ], [ 47.7673826, -21.3429018, 252.5 ], [ 47.7676508, -21.3430867, 250.5 ], [ 47.767868, -21.3431542, 249.2 ], [ 47.7679673, -21.3431842, 249.0 ], [ 47.7683321, -21.3433016, 249.5 ], [ 47.7684125, -21.3433665, 249.6 ], [ 47.768493, -21.3434465, 249.6 ], [ 47.7686083, -21.3436188, 249.8 ], [ 47.7687505, -21.3437737, 249.5 ], [ 47.7689758, -21.3439361, 249.6 ], [ 47.7692574, -21.3441035, 249.7 ], [ 47.7693513, -21.3442234, 249.8 ], [ 47.7693835, -21.3444308, 248.0 ], [ 47.7694559, -21.3446206, 246.5 ], [ 47.7695176, -21.3447131, 245.8 ], [ 47.7696651, -21.344868, 244.5 ], [ 47.7697831, -21.3450104, 243.8 ], [ 47.7698797, -21.3451553, 242.5 ], [ 47.7701157, -21.34558, 238.8 ], [ 47.7702311, -21.3457249, 237.8 ], [ 47.770671, -21.3462245, 236.9 ], [ 47.7707353, -21.3463719, 236.7 ], [ 47.7707514, -21.3464443, 236.6 ], [ 47.7707568, -21.3464943, 236.5 ], [ 47.7707595, -21.3465593, 236.4 ], [ 47.7707434, -21.3466642, 236.2 ], [ 47.7705985, -21.346964, 236.8 ], [ 47.7705744, -21.3470439, 236.9 ], [ 47.7705798, -21.3471139, 236.9 ], [ 47.7705985, -21.3471588, 237.0 ], [ 47.7708265, -21.3474586, 237.2 ], [ 47.7708855, -21.347601, 237.0 ], [ 47.7709204, -21.3477934, 236.0 ], [ 47.7709365, -21.3482655, 233.9 ], [ 47.7709311, -21.3484779, 233.0 ], [ 47.7709284, -21.3486327, 233.0 ], [ 47.7709204, -21.3487801, 232.5 ], [ 47.770907, -21.3488576, 232.2 ], [ 47.7708775, -21.3491624, 231.5 ], [ 47.7708694, -21.3492173, 231.2 ], [ 47.770856, -21.3494247, 230.5 ], [ 47.7708936, -21.349612, 230.2 ], [ 47.7710491, -21.3501416, 230.0 ], [ 47.7710786, -21.3502466, 230.0 ], [ 47.7711967, -21.3505863, 229.8 ], [ 47.7712852, -21.3507911, 229.5 ], [ 47.7713093, -21.3508361, 229.5 ], [ 47.7714381, -21.3509835, 229.0 ], [ 47.7716741, -21.3512958, 228.8 ], [ 47.7718323, -21.3514631, 228.9 ], [ 47.7719504, -21.351588, 229.0 ], [ 47.7720335, -21.3517504, 229.2 ], [ 47.7722079, -21.3522151, 230.0 ], [ 47.7722776, -21.3523924, 230.2 ], [ 47.7723688, -21.3524974, 229.8 ], [ 47.7724922, -21.3525798, 228.5 ], [ 47.7727845, -21.3527172, 225.8 ], [ 47.773034, -21.3527971, 224.2 ], [ 47.773211, -21.3527771, 223.0 ], [ 47.7734175, -21.3527896, 221.5 ], [ 47.773608, -21.3528446, 220.2 ], [ 47.7737743, -21.352962, 219.0 ], [ 47.7743, -21.3534341, 216.9 ], [ 47.7745253, -21.3536365, 217.0 ], [ 47.7746996, -21.3537914, 217.0 ], [ 47.7748284, -21.3538763, 216.8 ], [ 47.7750134, -21.3539412, 218.2 ], [ 47.7753514, -21.3540112, 221.8 ], [ 47.775574, -21.3540062, 223.5 ], [ 47.7757671, -21.3539662, 224.8 ], [ 47.7759549, -21.3539063, 226.0 ], [ 47.7762741, -21.3537239, 226.2 ], [ 47.7764779, -21.353594, 225.5 ], [ 47.7766201, -21.3535216, 225.2 ], [ 47.7767435, -21.3534741, 225.5 ], [ 47.7770787, -21.3533692, 226.8 ], [ 47.7771324, -21.3533492, 227.0 ], [ 47.7772719, -21.3532768, 226.5 ], [ 47.7773389, -21.3532193, 225.8 ], [ 47.777406, -21.3531194, 224.2 ], [ 47.7775347, -21.3528871, 222.0 ], [ 47.7776018, -21.3527422, 220.5 ], [ 47.7777654, -21.3524824, 217.8 ], [ 47.7778485, -21.3523575, 217.5 ], [ 47.7780202, -21.3521951, 217.0 ], [ 47.7781168, -21.3521526, 217.2 ], [ 47.7782241, -21.3521476, 217.8 ], [ 47.778334, -21.3521926, 218.5 ], [ 47.7784064, -21.352275, 218.6 ], [ 47.7784789, -21.3523824, 218.8 ], [ 47.7786961, -21.352902, 218.5 ], [ 47.7787283, -21.3530394, 218.2 ], [ 47.7787042, -21.3535141, 218.8 ], [ 47.7788034, -21.3541361, 215.5 ], [ 47.778798, -21.354286, 214.8 ], [ 47.7787364, -21.3546657, 213.0 ], [ 47.7787524, -21.3547806, 212.2 ], [ 47.7787685, -21.3548281, 212.0 ], [ 47.7789375, -21.3550804, 210.5 ], [ 47.7790287, -21.3551853, 209.8 ], [ 47.7793452, -21.3556499, 210.0 ], [ 47.7795812, -21.3560796, 212.0 ], [ 47.7796376, -21.3561495, 212.8 ], [ 47.7797073, -21.356217, 213.5 ], [ 47.7797851, -21.3562594, 213.8 ], [ 47.7799943, -21.3563394, 214.2 ], [ 47.7802089, -21.3564443, 214.5 ], [ 47.7803376, -21.3565417, 215.0 ], [ 47.7805227, -21.3566766, 216.5 ], [ 47.7806783, -21.356764, 217.0 ], [ 47.7807721, -21.3567965, 216.8 ], [ 47.7808848, -21.356814, 216.0 ], [ 47.781027, -21.356814, 215.0 ], [ 47.7810913, -21.3568065, 214.5 ], [ 47.7816707, -21.3566566, 214.1 ], [ 47.7818692, -21.3566192, 214.0 ], [ 47.7819952, -21.3565942, 214.8 ], [ 47.7823949, -21.3565342, 218.5 ], [ 47.7828562, -21.3564293, 222.2 ], [ 47.7830735, -21.3563644, 224.0 ], [ 47.78339, -21.3562919, 224.5 ], [ 47.783508, -21.3562694, 224.7 ], [ 47.7838916, -21.3562445, 225.2 ], [ 47.7840149, -21.3562095, 224.5 ], [ 47.7842778, -21.3561021, 222.0 ], [ 47.7846479, -21.3559547, 219.0 ], [ 47.7851173, -21.3558023, 217.2 ], [ 47.7857959, -21.355545, 216.8 ], [ 47.7859193, -21.3555125, 216.5 ], [ 47.7859998, -21.3555275, 216.8 ], [ 47.7860615, -21.355585, 217.5 ], [ 47.7862573, -21.3558223, 221.2 ], [ 47.7863029, -21.3558573, 221.8 ], [ 47.7863941, -21.3559297, 222.1 ], [ 47.7865255, -21.3559996, 222.5 ], [ 47.7867535, -21.3560446, 221.2 ], [ 47.7870995, -21.3561021, 218.5 ], [ 47.7873811, -21.356177, 216.2 ], [ 47.7877915, -21.3565442, 214.5 ], [ 47.7879551, -21.3567166, 215.8 ], [ 47.7880329, -21.3567715, 216.5 ], [ 47.7881241, -21.3568065, 217.0 ], [ 47.788226, -21.356789, 216.8 ], [ 47.7883011, -21.3567116, 215.2 ], [ 47.7884352, -21.3564093, 209.8 ], [ 47.7885076, -21.3563569, 208.8 ], [ 47.7886283, -21.3562994, 207.8 ], [ 47.7895591, -21.3560671, 206.5 ], [ 47.789661, -21.3560171, 206.8 ], [ 47.7897334, -21.3559272, 206.0 ], [ 47.7897602, -21.3557898, 204.5 ], [ 47.7897361, -21.355575, 202.0 ], [ 47.7896905, -21.3553651, 199.0 ], [ 47.7895778, -21.3550029, 193.2 ], [ 47.7896476, -21.3545033, 188.0 ], [ 47.7897012, -21.3544134, 187.8 ], [ 47.7897897, -21.3543509, 187.5 ], [ 47.7899721, -21.3543259, 187.8 ], [ 47.7901867, -21.3543959, 188.8 ], [ 47.7910075, -21.3550029, 198.8 ], [ 47.7912489, -21.3551653, 202.0 ], [ 47.7914071, -21.3551903, 203.0 ], [ 47.7916002, -21.3551453, 202.8 ], [ 47.7917531, -21.3550504, 202.2 ], [ 47.7918577, -21.3549155, 201.5 ], [ 47.7918738, -21.3548805, 201.2 ], [ 47.7919194, -21.3547856, 200.5 ], [ 47.7919167, -21.3547156, 199.5 ], [ 47.7919006, -21.3546482, 198.2 ], [ 47.7918336, -21.3545233, 195.2 ], [ 47.791796, -21.3544134, 192.8 ], [ 47.7918363, -21.3542135, 190.2 ], [ 47.7919516, -21.3540761, 191.0 ], [ 47.7921474, -21.3539737, 194.2 ], [ 47.7924827, -21.3538163, 198.0 ], [ 47.7929923, -21.3535865, 199.5 ], [ 47.7931666, -21.3535216, 198.5 ], [ 47.7933007, -21.3534266, 196.8 ], [ 47.7933705, -21.3532892, 195.0 ], [ 47.7934456, -21.352997, 192.5 ], [ 47.793518, -21.3529195, 191.2 ], [ 47.7936172, -21.3528921, 189.8 ], [ 47.793695, -21.352907, 188.8 ], [ 47.7937675, -21.352957, 187.8 ], [ 47.7938345, -21.3530344, 187.4 ], [ 47.7938667, -21.3531369, 187.0 ], [ 47.7939123, -21.3534466, 188.5 ], [ 47.7938882, -21.353589, 190.5 ], [ 47.7938506, -21.3536839, 192.5 ], [ 47.7938318, -21.3537839, 194.2 ], [ 47.7938426, -21.3538863, 195.5 ], [ 47.7939123, -21.3539587, 195.0 ], [ 47.7940008, -21.3540187, 193.2 ], [ 47.7942529, -21.3541461, 187.8 ], [ 47.7943441, -21.3542335, 186.0 ], [ 47.7943924, -21.3543384, 185.5 ], [ 47.7943763, -21.3547581, 188.3 ], [ 47.7944165, -21.3548905, 189.2 ], [ 47.794607, -21.3553427, 188.0 ], [ 47.7946526, -21.3554551, 187.8 ], [ 47.794666, -21.3555425, 188.2 ], [ 47.7947518, -21.3561395, 189.9 ], [ 47.7948189, -21.3564193, 190.8 ], [ 47.7948672, -21.3566316, 191.0 ], [ 47.7948993, -21.3567316, 190.8 ], [ 47.7949476, -21.3568165, 190.0 ], [ 47.7950469, -21.3569289, 188.2 ], [ 47.7953446, -21.3572836, 185.5 ], [ 47.7955297, -21.3574535, 182.0 ], [ 47.7956825, -21.3575634, 179.8 ], [ 47.7958086, -21.3576408, 178.2 ], [ 47.7959427, -21.3577183, 176.5 ], [ 47.7960768, -21.3578607, 175.0 ], [ 47.7961278, -21.3579281, 174.8 ], [ 47.7963477, -21.3582254, 172.2 ], [ 47.796455, -21.3583703, 170.8 ], [ 47.7965865, -21.3585376, 169.0 ], [ 47.7971068, -21.3591671, 165.2 ], [ 47.797249, -21.3593794, 164.8 ], [ 47.7974179, -21.3597841, 164.2 ], [ 47.7974716, -21.3599615, 164.5 ], [ 47.797544, -21.3601288, 165.0 ], [ 47.7977639, -21.3605885, 165.8 ], [ 47.79789, -21.3608058, 166.5 ], [ 47.798118, -21.361133, 167.5 ], [ 47.7983192, -21.3613828, 168.0 ], [ 47.7984667, -21.3615552, 167.5 ], [ 47.7984828, -21.361745, 167.2 ], [ 47.7985364, -21.3619024, 167.0 ], [ 47.7986008, -21.3620548, 166.7 ], [ 47.7987242, -21.3621672, 166.5 ], [ 47.7989227, -21.3623495, 166.8 ], [ 47.7990058, -21.362407, 167.2 ], [ 47.7993035, -21.3625793, 169.0 ], [ 47.7994752, -21.3627392, 169.8 ], [ 47.7997595, -21.3633287, 172.5 ], [ 47.799907, -21.3635735, 175.0 ], [ 47.7999365, -21.3638258, 175.8 ], [ 47.7999285, -21.3641555, 177.8 ], [ 47.7997595, -21.3644727, 178.8 ], [ 47.7996603, -21.3645177, 177.8 ], [ 47.7994323, -21.3645876, 175.2 ], [ 47.7993169, -21.3646101, 174.2 ], [ 47.7991936, -21.3646651, 173.8 ], [ 47.799046, -21.3648075, 173.6 ], [ 47.7989817, -21.3649798, 173.5 ], [ 47.7990165, -21.3655518, 176.2 ], [ 47.7990353, -21.365909, 176.5 ], [ 47.7990568, -21.3662387, 175.5 ], [ 47.7990997, -21.3664011, 175.4 ], [ 47.7991667, -21.3665535, 175.2 ], [ 47.799325, -21.3666958, 176.2 ], [ 47.7994752, -21.3667983, 177.2 ], [ 47.7995369, -21.3668757, 177.0 ], [ 47.7995798, -21.3669631, 176.5 ], [ 47.7997997, -21.3674552, 176.8 ], [ 47.7998695, -21.3677974, 176.5 ], [ 47.7999902, -21.3681496, 177.0 ], [ 47.8000841, -21.3684069, 177.2 ], [ 47.8002182, -21.3686966, 176.2 ], [ 47.8002664, -21.3687815, 176.1 ], [ 47.8003362, -21.368859, 176.0 ], [ 47.8005481, -21.3689764, 177.0 ], [ 47.8007707, -21.3690738, 178.0 ], [ 47.8010765, -21.3691637, 179.8 ], [ 47.8011355, -21.3691812, 180.0 ], [ 47.8014627, -21.3692162, 182.8 ], [ 47.8016451, -21.3692361, 184.2 ], [ 47.8020072, -21.3691812, 188.5 ], [ 47.8021252, -21.3692087, 188.8 ], [ 47.8021896, -21.3692436, 188.2 ], [ 47.8023532, -21.3693835, 185.8 ], [ 47.8025222, -21.3694759, 184.8 ], [ 47.8026643, -21.3695184, 184.4 ], [ 47.8028011, -21.3695134, 184.0 ], [ 47.8029031, -21.3694535, 185.0 ], [ 47.802946, -21.369356, 186.2 ], [ 47.8029379, -21.3690063, 191.5 ], [ 47.8029782, -21.368784, 193.8 ], [ 47.8030533, -21.3686042, 194.5 ], [ 47.8033295, -21.3681421, 191.5 ], [ 47.8033563, -21.3679123, 192.2 ], [ 47.8033698, -21.3674877, 195.0 ], [ 47.8033966, -21.367133, 196.2 ], [ 47.8034851, -21.3670006, 193.5 ], [ 47.8035897, -21.3668607, 190.2 ], [ 47.8037372, -21.3667633, 186.0 ], [ 47.8039572, -21.3667433, 181.0 ], [ 47.8042415, -21.3667258, 177.0 ], [ 47.8044453, -21.3666884, 174.8 ], [ 47.804617, -21.3666284, 173.5 ], [ 47.804735, -21.366531, 173.3 ], [ 47.8048772, -21.3663461, 173.0 ], [ 47.8054404, -21.3654344, 179.0 ], [ 47.8056201, -21.3652371, 181.0 ], [ 47.8058669, -21.3650822, 184.0 ], [ 47.8064382, -21.3646451, 187.2 ], [ 47.8066152, -21.3645552, 187.8 ], [ 47.8068969, -21.3645352, 188.0 ], [ 47.8071892, -21.3646151, 188.8 ], [ 47.8075325, -21.3648549, 189.5 ], [ 47.807849, -21.3649473, 189.0 ], [ 47.8080878, -21.3650073, 188.2 ], [ 47.8085035, -21.3650148, 188.5 ], [ 47.8091419, -21.3650373, 189.8 ], [ 47.809402, -21.3650897, 189.3 ], [ 47.8095549, -21.3652071, 189.0 ], [ 47.8096569, -21.3653995, 190.0 ], [ 47.8098017, -21.3656792, 192.0 ], [ 47.8099895, -21.3658216, 192.4 ], [ 47.8102389, -21.3659265, 192.8 ], [ 47.8103569, -21.3659265, 192.0 ], [ 47.8103998, -21.365924, 191.8 ], [ 47.8105983, -21.3658341, 190.0 ], [ 47.8110918, -21.3655368, 190.5 ], [ 47.8115559, -21.3652871, 192.2 ], [ 47.811977, -21.3650797, 192.0 ], [ 47.8122103, -21.3649348, 190.5 ], [ 47.81239, -21.3648224, 190.0 ], [ 47.8127146, -21.3646601, 188.8 ], [ 47.8128487, -21.3646276, 188.2 ], [ 47.813015, -21.3646776, 188.0 ], [ 47.8132135, -21.3648075, 187.2 ], [ 47.8136802, -21.3651447, 188.5 ], [ 47.8140718, -21.3654144, 191.8 ], [ 47.8144339, -21.3655468, 193.8 ], [ 47.8144634, -21.3655568, 194.0 ], [ 47.8148335, -21.3655643, 193.0 ], [ 47.8153378, -21.3656093, 190.2 ], [ 47.8163195, -21.3656018, 184.2 ], [ 47.8165957, -21.3656368, 185.1 ], [ 47.816872, -21.3656617, 186.0 ], [ 47.8169417, -21.3657017, 185.8 ], [ 47.8170088, -21.3658216, 186.0 ], [ 47.8171644, -21.365949, 187.0 ], [ 47.8173092, -21.3660489, 187.8 ], [ 47.8177464, -21.3662063, 188.3 ], [ 47.8180441, -21.3663112, 188.8 ], [ 47.8184626, -21.3664486, 189.5 ], [ 47.8186208, -21.3665085, 189.8 ], [ 47.8188246, -21.3665735, 191.0 ], [ 47.8191546, -21.3666884, 193.5 ], [ 47.8197715, -21.3669132, 200.8 ], [ 47.8204903, -21.3671879, 205.8 ], [ 47.8206727, -21.3672229, 206.5 ], [ 47.8208712, -21.3672604, 207.0 ], [ 47.8211018, -21.3672729, 207.8 ], [ 47.8212252, -21.3672554, 208.0 ], [ 47.8213486, -21.3672329, 208.2 ], [ 47.8214666, -21.3671779, 209.0 ], [ 47.8217643, -21.3669906, 211.0 ], [ 47.8219843, -21.3668382, 212.8 ], [ 47.8221023, -21.3667683, 212.9 ], [ 47.8221694, -21.3667433, 213.0 ], [ 47.8222579, -21.3667408, 212.5 ], [ 47.8223437, -21.3667683, 211.8 ], [ 47.8224885, -21.3667933, 211.0 ], [ 47.8226548, -21.3667958, 210.2 ], [ 47.822746, -21.3667558, 210.0 ], [ 47.8228372, -21.3666684, 210.5 ], [ 47.8229955, -21.366521, 212.8 ], [ 47.8231001, -21.3664685, 213.1 ], [ 47.8232047, -21.3664511, 213.5 ], [ 47.8232932, -21.366476, 212.8 ], [ 47.8233925, -21.366501, 212.2 ], [ 47.8237626, -21.3666109, 211.8 ], [ 47.8239825, -21.3666709, 212.2 ], [ 47.8241032, -21.3666983, 212.8 ], [ 47.8242347, -21.3667108, 213.2 ], [ 47.8244653, -21.3666759, 214.0 ], [ 47.8246933, -21.3666384, 214.2 ], [ 47.8248838, -21.3666184, 214.5 ], [ 47.8250045, -21.3665735, 214.8 ], [ 47.8250903, -21.366521, 215.0 ], [ 47.8251976, -21.3664311, 215.8 ], [ 47.8252539, -21.3663536, 216.5 ], [ 47.8253102, -21.3662188, 217.8 ], [ 47.825329, -21.3661138, 219.0 ], [ 47.8253183, -21.3659365, 221.5 ], [ 47.8253371, -21.3658241, 223.5 ], [ 47.825388, -21.3657342, 225.2 ], [ 47.8254631, -21.3656742, 226.2 ], [ 47.8259727, -21.3653895, 229.8 ], [ 47.826131, -21.365342, 230.0 ], [ 47.8264046, -21.3653245, 231.0 ], [ 47.8270859, -21.3654194, 233.0 ], [ 47.8275096, -21.3655094, 234.5 ], [ 47.8277215, -21.3655618, 234.8 ], [ 47.8279039, -21.3656442, 233.5 ], [ 47.8280354, -21.3657392, 231.0 ], [ 47.8281534, -21.3658416, 227.5 ], [ 47.8282285, -21.365959, 224.0 ], [ 47.8282365, -21.3660564, 221.5 ], [ 47.8282392, -21.3662063, 218.0 ], [ 47.8281748, -21.3665085, 212.5 ], [ 47.8281561, -21.3665959, 210.8 ], [ 47.8280434, -21.3667883, 208.5 ], [ 47.8277323, -21.3670131, 209.4 ], [ 47.8275338, -21.3672054, 210.0 ], [ 47.8274721, -21.3672729, 210.1 ], [ 47.8274077, -21.3673803, 210.2 ], [ 47.8273782, -21.3675126, 209.2 ], [ 47.8273728, -21.36767, 208.2 ], [ 47.8273702, -21.3679398, 207.2 ], [ 47.8273809, -21.3681771, 206.5 ], [ 47.8274292, -21.3683169, 205.5 ], [ 47.8275123, -21.3684418, 204.0 ], [ 47.827625, -21.3685517, 202.0 ], [ 47.8277564, -21.3686192, 199.2 ], [ 47.8279388, -21.3686916, 195.2 ], [ 47.828148, -21.3687441, 190.5 ], [ 47.8283948, -21.3687965, 185.0 ], [ 47.8285208, -21.3688015, 182.0 ], [ 47.8286657, -21.368779, 178.5 ], [ 47.8289258, -21.3687441, 172.0 ], [ 47.8290546, -21.3687541, 169.5 ], [ 47.8291351, -21.368789, 168.2 ], [ 47.8291994, -21.3688365, 167.2 ], [ 47.8292799, -21.3689114, 166.2 ], [ 47.8293684, -21.3689739, 165.0 ], [ 47.8294623, -21.3690213, 163.5 ], [ 47.8295723, -21.3690213, 161.8 ], [ 47.8296849, -21.3689864, 160.2 ], [ 47.8298619, -21.3689239, 158.8 ], [ 47.8299531, -21.3689214, 158.5 ], [ 47.8300685, -21.3689239, 158.4 ], [ 47.8301677, -21.3689514, 158.4 ], [ 47.8302616, -21.3689964, 158.3 ], [ 47.8303528, -21.3690538, 158.2 ], [ 47.8304413, -21.3691412, 158.1 ], [ 47.8305271, -21.3692386, 158.0 ], [ 47.8305888, -21.3693485, 157.2 ], [ 47.8308651, -21.3702303, 147.8 ], [ 47.8309053, -21.3702902, 147.0 ], [ 47.8309616, -21.3703327, 146.5 ], [ 47.8310314, -21.3703577, 146.4 ], [ 47.8311038, -21.3703602, 146.2 ], [ 47.8311762, -21.3703427, 146.5 ], [ 47.8312379, -21.3703052, 147.0 ], [ 47.8312835, -21.3702503, 147.8 ], [ 47.8314015, -21.3701129, 149.8 ], [ 47.8314444, -21.3700679, 150.2 ], [ 47.8315008, -21.3700429, 150.5 ], [ 47.8315651, -21.3700354, 150.2 ], [ 47.8316295, -21.3700479, 149.5 ], [ 47.8316832, -21.3700804, 148.5 ], [ 47.8319728, -21.3701728, 144.2 ], [ 47.832064, -21.3702003, 142.8 ], [ 47.8321767, -21.3702103, 141.5 ], [ 47.8324127, -21.3701528, 140.2 ], [ 47.8325361, -21.3701354, 139.2 ], [ 47.8326273, -21.3701653, 138.0 ], [ 47.8327614, -21.3702103, 136.2 ], [ 47.8328928, -21.3702328, 134.8 ], [ 47.8329733, -21.3702228, 134.2 ], [ 47.8330564, -21.3701828, 133.8 ], [ 47.8331879, -21.3701079, 132.8 ], [ 47.8334695, -21.369983, 129.0 ], [ 47.8336278, -21.369918, 126.8 ], [ 47.833845, -21.3698606, 122.8 ], [ 47.8342849, -21.3698006, 116.5 ], [ 47.8344405, -21.3697932, 115.5 ], [ 47.8345799, -21.3698306, 115.4 ], [ 47.8346926, -21.3699056, 115.4 ], [ 47.8347462, -21.369978, 115.3 ], [ 47.8347892, -21.3700879, 115.2 ], [ 47.8348294, -21.3702253, 115.5 ], [ 47.834875, -21.3703751, 116.2 ], [ 47.8349045, -21.3704576, 116.8 ], [ 47.8349876, -21.3705525, 117.0 ], [ 47.8351486, -21.3707048, 117.2 ], [ 47.8352451, -21.3707973, 117.8 ], [ 47.8353658, -21.3708922, 118.8 ], [ 47.835457, -21.3709197, 119.2 ], [ 47.8355563, -21.3709297, 119.5 ], [ 47.8356501, -21.3709047, 119.2 ], [ 47.8357199, -21.3708672, 118.8 ], [ 47.8357843, -21.3707873, 117.5 ], [ 47.8358728, -21.3706499, 115.5 ], [ 47.8362107, -21.369983, 112.2 ], [ 47.8362724, -21.3698956, 112.8 ], [ 47.8363636, -21.3698281, 113.5 ], [ 47.8364682, -21.3697907, 113.7 ], [ 47.8365809, -21.3697857, 114.0 ], [ 47.8366908, -21.3698131, 113.8 ], [ 47.8367874, -21.3698706, 113.2 ], [ 47.8375465, -21.3703901, 109.0 ], [ 47.8376779, -21.370485, 109.1 ], [ 47.8377825, -21.37058, 109.2 ], [ 47.8378576, -21.3706849, 108.8 ], [ 47.8379193, -21.3707948, 108.0 ], [ 47.8380293, -21.371077, 106.2 ], [ 47.8381017, -21.3711769, 106.0 ], [ 47.8381929, -21.3712369, 106.2 ], [ 47.8383109, -21.3713093, 106.8 ], [ 47.8384531, -21.3713393, 107.8 ], [ 47.8385925, -21.3713842, 108.8 ], [ 47.8386945, -21.3714342, 109.0 ], [ 47.838783, -21.3715191, 109.2 ], [ 47.8388581, -21.3716165, 109.1 ], [ 47.8389412, -21.3717664, 109.0 ], [ 47.8390002, -21.3718788, 109.8 ], [ 47.83907, -21.3719587, 110.5 ], [ 47.8391719, -21.3720287, 111.2 ], [ 47.8392684, -21.3720636, 111.8 ], [ 47.8393731, -21.3720836, 112.0 ], [ 47.8394884, -21.3720786, 111.8 ], [ 47.8398076, -21.3720262, 109.0 ], [ 47.8399685, -21.3720187, 107.8 ], [ 47.8400651, -21.3720237, 107.0 ], [ 47.8401455, -21.3720611, 106.0 ], [ 47.8402206, -21.3721136, 105.0 ], [ 47.840293, -21.3722035, 104.7 ], [ 47.8403226, -21.3723034, 104.5 ], [ 47.8403467, -21.3723983, 104.2 ], [ 47.8403869, -21.3724508, 104.0 ], [ 47.8404567, -21.3724883, 103.2 ], [ 47.8405318, -21.3725082, 102.0 ], [ 47.8406256, -21.3725107, 100.2 ], [ 47.8407222, -21.3724758, 98.2 ], [ 47.8408188, -21.3724233, 96.2 ], [ 47.8413177, -21.3721136, 88.8 ], [ 47.8414196, -21.3720586, 87.2 ], [ 47.8415161, -21.3720287, 85.5 ], [ 47.8416958, -21.3720087, 82.5 ], [ 47.8418675, -21.3720237, 80.2 ], [ 47.8419694, -21.3720187, 79.2 ], [ 47.8420606, -21.3720087, 78.5 ], [ 47.842125, -21.3719712, 78.0 ], [ 47.8421867, -21.3719113, 77.5 ], [ 47.8422269, -21.3718214, 77.4 ], [ 47.842243, -21.3717364, 77.2 ], [ 47.8422269, -21.371654, 77.1 ], [ 47.8421867, -21.3715591, 77.0 ], [ 47.8419802, -21.3711145, 78.2 ], [ 47.8419372, -21.3708922, 78.7 ], [ 47.8419399, -21.3708447, 78.8 ], [ 47.8419587, -21.3707998, 78.5 ], [ 47.8419936, -21.3707648, 78.0 ], [ 47.8420365, -21.3707398, 77.5 ], [ 47.8421035, -21.3707298, 77.1 ], [ 47.8423181, -21.3707648, 76.0 ], [ 47.8424576, -21.3707673, 74.2 ], [ 47.8427929, -21.3707123, 73.5 ], [ 47.8429726, -21.3707123, 72.8 ], [ 47.8431308, -21.3707373, 72.5 ], [ 47.8432864, -21.3707748, 72.8 ], [ 47.8434661, -21.3708322, 72.5 ], [ 47.8436083, -21.3709272, 71.8 ], [ 47.8437397, -21.3710171, 71.5 ], [ 47.8438792, -21.3711495, 71.0 ], [ 47.8439999, -21.3713018, 70.5 ], [ 47.8442761, -21.3715941, 70.2 ], [ 47.8444076, -21.3717364, 70.4 ], [ 47.8444773, -21.3718313, 70.5 ], [ 47.8445363, -21.3720087, 72.0 ], [ 47.8445846, -21.3721061, 73.2 ], [ 47.8446919, -21.3722185, 74.2 ], [ 47.8448394, -21.3723459, 74.5 ], [ 47.8451666, -21.3725532, 72.5 ], [ 47.8454268, -21.3728654, 74.2 ], [ 47.8455475, -21.3729803, 74.5 ], [ 47.8456306, -21.3730528, 74.8 ], [ 47.8457889, -21.3731152, 74.2 ], [ 47.8458989, -21.3731427, 73.8 ], [ 47.8460491, -21.3731277, 72.2 ], [ 47.8461617, -21.3730852, 71.0 ], [ 47.8462556, -21.3730378, 70.2 ], [ 47.8463683, -21.3729578, 69.5 ], [ 47.8464729, -21.3726906, 68.0 ], [ 47.8465748, -21.3725157, 68.2 ], [ 47.8466713, -21.3724208, 68.5 ], [ 47.846784, -21.3723734, 69.2 ], [ 47.8468993, -21.3723509, 70.0 ], [ 47.84702, -21.3723609, 70.8 ], [ 47.8471541, -21.3724058, 71.5 ], [ 47.8473499, -21.3725032, 73.5 ], [ 47.8476289, -21.3726306, 76.2 ], [ 47.847814, -21.372743, 77.8 ], [ 47.8480205, -21.3729004, 79.2 ], [ 47.8483772, -21.3731726, 81.5 ], [ 47.8485194, -21.3732925, 83.8 ], [ 47.8486776, -21.3733924, 85.8 ], [ 47.8488466, -21.3734424, 86.2 ], [ 47.8490022, -21.3734499, 85.5 ], [ 47.8492382, -21.3734549, 83.5 ], [ 47.8494018, -21.3734849, 82.0 ], [ 47.8495467, -21.3735298, 80.8 ], [ 47.8496915, -21.3736097, 79.8 ], [ 47.8497693, -21.3736847, 79.2 ], [ 47.8498524, -21.3738196, 79.5 ], [ 47.8499007, -21.3743491, 82.1 ], [ 47.8499544, -21.3745139, 83.0 ], [ 47.8500456, -21.3746463, 82.0 ], [ 47.8502172, -21.3748361, 80.2 ], [ 47.8504694, -21.3751009, 79.2 ], [ 47.8506571, -21.3753082, 80.5 ], [ 47.8508422, -21.3754281, 81.0 ], [ 47.8509709, -21.3754656, 80.8 ], [ 47.8511131, -21.3754606, 79.5 ], [ 47.8513089, -21.3754431, 77.8 ], [ 47.8518024, -21.3752707, 71.5 ], [ 47.8521994, -21.3751508, 67.2 ], [ 47.8523362, -21.3751209, 66.2 ], [ 47.852414, -21.3751184, 66.0 ], [ 47.8524971, -21.3751259, 65.8 ], [ 47.8525481, -21.3751708, 66.2 ], [ 47.8525963, -21.3752458, 67.5 ], [ 47.85265, -21.3753781, 70.2 ], [ 47.8527278, -21.3754805, 72.5 ], [ 47.8528485, -21.3755954, 74.8 ], [ 47.853004, -21.3756878, 75.5 ], [ 47.8537792, -21.3759426, 74.0 ], [ 47.8553832, -21.3764147, 71.8 ], [ 47.8556836, -21.3764946, 70.8 ], [ 47.8562897, -21.3765471, 67.8 ], [ 47.8564158, -21.3765695, 68.0 ], [ 47.8565231, -21.3766295, 69.0 ], [ 47.8565928, -21.3766844, 70.0 ], [ 47.8566894, -21.3767918, 72.2 ], [ 47.8568611, -21.3769167, 73.5 ], [ 47.8570542, -21.3770366, 74.5 ], [ 47.8573304, -21.377164, 74.0 ], [ 47.8576174, -21.3773088, 72.8 ], [ 47.8578776, -21.3773838, 70.2 ], [ 47.8580922, -21.3774437, 67.8 ], [ 47.8583282, -21.3774637, 64.8 ], [ 47.8587493, -21.3775062, 59.8 ], [ 47.8588459, -21.3775486, 59.2 ], [ 47.858921, -21.3776011, 59.5 ], [ 47.8589934, -21.3776935, 60.8 ], [ 47.859031, -21.3778683, 64.8 ], [ 47.8590739, -21.3780032, 68.0 ], [ 47.859157, -21.3781306, 70.8 ], [ 47.8592858, -21.378233, 72.2 ], [ 47.8594923, -21.3783828, 73.2 ], [ 47.8596801, -21.3785277, 73.5 ], [ 47.86001, -21.3787375, 71.0 ], [ 47.8606886, -21.3793844, 61.8 ], [ 47.8608388, -21.3795068, 58.8 ], [ 47.8610641, -21.3796267, 55.8 ], [ 47.8618446, -21.3799514, 50.0 ], [ 47.8622872, -21.3800638, 49.5 ], [ 47.8624186, -21.3801287, 50.5 ], [ 47.8626922, -21.380306, 53.5 ], [ 47.8628692, -21.3804009, 54.8 ], [ 47.8629819, -21.3804359, 54.9 ], [ 47.8630784, -21.3804484, 55.0 ], [ 47.8632206, -21.3804559, 54.8 ], [ 47.8650069, -21.3802711, 50.0 ], [ 47.8660825, -21.3800488, 51.5 ], [ 47.8662005, -21.3800313, 51.8 ], [ 47.8663373, -21.3800463, 51.9 ], [ 47.8664687, -21.3800812, 52.0 ], [ 47.8673351, -21.3803485, 49.8 ], [ 47.8674451, -21.380376, 49.2 ], [ 47.8676167, -21.3804034, 48.5 ], [ 47.8678071, -21.3803909, 48.0 ], [ 47.8678769, -21.3803835, 47.8 ], [ 47.8680405, -21.3803735, 47.0 ], [ 47.8686547, -21.380311, 46.0 ], [ 47.8687459, -21.380306, 45.9 ], [ 47.8689149, -21.380326, 45.8 ], [ 47.869041, -21.380356, 45.8 ], [ 47.869226, -21.3804159, 45.5 ], [ 47.8698537, -21.3806932, 44.1 ], [ 47.8700146, -21.3807306, 43.8 ], [ 47.8701487, -21.3807456, 44.0 ], [ 47.8702962, -21.3807156, 44.5 ], [ 47.8706127, -21.3806082, 46.5 ], [ 47.8707844, -21.3805483, 47.2 ], [ 47.8709158, -21.3805208, 48.0 ], [ 47.8711894, -21.3804983, 49.8 ], [ 47.8713691, -21.3804933, 51.2 ], [ 47.8715247, -21.3805083, 52.8 ], [ 47.871986, -21.3805833, 56.5 ], [ 47.8722623, -21.3806257, 58.2 ], [ 47.8727505, -21.3806982, 61.0 ], [ 47.8729677, -21.3807181, 62.0 ], [ 47.8732172, -21.3807081, 62.5 ], [ 47.8735632, -21.3806382, 60.8 ], [ 47.8736785, -21.3806082, 60.0 ], [ 47.8739011, -21.3805583, 59.0 ], [ 47.8740513, -21.3804958, 57.5 ], [ 47.874223, -21.3803635, 54.8 ], [ 47.8743356, -21.3802561, 53.2 ], [ 47.8746361, -21.3798889, 48.8 ], [ 47.8748104, -21.3796841, 47.8 ], [ 47.8749552, -21.3795717, 48.0 ], [ 47.875084, -21.3795093, 48.8 ], [ 47.8751591, -21.3794868, 49.0 ], [ 47.8752637, -21.3794643, 49.2 ], [ 47.8754058, -21.3794493, 49.5 ], [ 47.8755856, -21.3794418, 50.0 ], [ 47.8768945, -21.3794843, 46.2 ], [ 47.8771761, -21.3794993, 43.8 ], [ 47.87738, -21.3795218, 41.8 ], [ 47.8777099, -21.3795018, 40.0 ], [ 47.877852, -21.3794693, 39.8 ], [ 47.8782892, -21.3793694, 39.0 ], [ 47.8784636, -21.3793394, 39.2 ], [ 47.8787345, -21.3792995, 40.0 ], [ 47.8790697, -21.379302, 40.2 ], [ 47.880038, -21.3793319, 41.1 ], [ 47.8801721, -21.3793569, 41.2 ], [ 47.8803197, -21.3794194, 40.8 ], [ 47.8804377, -21.3794868, 40.2 ], [ 47.8805423, -21.3795842, 39.8 ], [ 47.8809553, -21.3801187, 43.2 ], [ 47.8810975, -21.3802835, 45.5 ], [ 47.8812611, -21.3804584, 48.5 ], [ 47.8815079, -21.3806107, 49.3 ], [ 47.8817385, -21.3807281, 50.0 ], [ 47.8821221, -21.3809379, 48.5 ], [ 47.8823608, -21.3810228, 46.5 ], [ 47.882621, -21.3810878, 44.2 ], [ 47.8834498, -21.3811952, 40.9 ], [ 47.8837314, -21.3812202, 39.8 ], [ 47.8842598, -21.3812726, 39.5 ], [ 47.8866255, -21.3813226, 44.5 ], [ 47.8867918, -21.381335, 45.2 ], [ 47.8869903, -21.3813725, 45.5 ], [ 47.8874758, -21.3814999, 46.0 ], [ 47.8876796, -21.3815773, 45.5 ], [ 47.8877655, -21.3816398, 45.8 ], [ 47.8878915, -21.3817297, 46.2 ], [ 47.8880337, -21.3818995, 47.8 ], [ 47.8881383, -21.3819919, 48.1 ], [ 47.88831, -21.3820843, 48.5 ], [ 47.8885943, -21.3821568, 48.2 ], [ 47.8892648, -21.3823166, 44.8 ], [ 47.8895062, -21.3823516, 43.0 ], [ 47.8897262, -21.382369, 40.8 ], [ 47.8900105, -21.3823466, 37.5 ], [ 47.8902599, -21.3822891, 36.0 ], [ 47.8904289, -21.3822766, 35.5 ], [ 47.8905684, -21.3822691, 35.0 ], [ 47.8906757, -21.3822891, 34.9 ], [ 47.8908473, -21.3823641, 34.8 ], [ 47.8909868, -21.3823965, 34.8 ], [ 47.8911638, -21.3823965, 35.0 ], [ 47.8913113, -21.3823566, 35.2 ], [ 47.8917512, -21.3821992, 36.2 ], [ 47.8924888, -21.381877, 36.0 ], [ 47.8927383, -21.3817771, 35.8 ], [ 47.8929019, -21.3816897, 36.0 ], [ 47.8930172, -21.3815998, 36.5 ], [ 47.8931138, -21.3815174, 36.8 ], [ 47.8936073, -21.3810428, 39.5 ], [ 47.8937414, -21.3809304, 41.0 ], [ 47.8938836, -21.3808655, 42.2 ], [ 47.8940418, -21.3808255, 43.5 ], [ 47.8941813, -21.380813, 44.5 ], [ 47.8968877, -21.3805783, 41.2 ], [ 47.8975743, -21.3805483, 40.5 ], [ 47.8979042, -21.3805433, 39.2 ], [ 47.898277, -21.3805933, 37.8 ], [ 47.8994223, -21.3807531, 35.0 ], [ 47.9009163, -21.3809604, 32.0 ], [ 47.902236, -21.3811327, 31.2 ], [ 47.9028583, -21.3812152, 32.0 ], [ 47.9040277, -21.3813775, 31.5 ], [ 47.9069433, -21.3817896, 31.8 ], [ 47.9077479, -21.3819095, 32.2 ], [ 47.9078981, -21.381922, 32.2 ], [ 47.9080081, -21.3819195, 32.0 ], [ 47.9081449, -21.381857, 31.8 ], [ 47.908971, -21.3813825, 29.0 ], [ 47.9091293, -21.3813176, 28.0 ], [ 47.9092982, -21.3812701, 27.2 ], [ 47.9095745, -21.3812401, 27.1 ], [ 47.9099312, -21.3811677, 27.0 ], [ 47.9102182, -21.3810853, 27.5 ], [ 47.9106957, -21.3809879, 27.8 ], [ 47.9109478, -21.3809404, 27.9 ], [ 47.9111195, -21.3809404, 27.9 ], [ 47.9116237, -21.3810153, 28.0 ], [ 47.9120716, -21.3810828, 30.0 ], [ 47.9122648, -21.3811352, 31.5 ], [ 47.9125947, -21.3812376, 34.8 ], [ 47.9127502, -21.3812826, 37.0 ], [ 47.9129246, -21.3812726, 38.8 ], [ 47.9131982, -21.3812152, 40.0 ], [ 47.9137373, -21.3811552, 40.4 ], [ 47.9140297, -21.3811677, 40.6 ], [ 47.9142657, -21.3812152, 40.8 ], [ 47.9145393, -21.38137, 41.8 ], [ 47.9147297, -21.3814449, 41.5 ], [ 47.9150838, -21.3815274, 40.2 ], [ 47.9154512, -21.3815748, 39.0 ], [ 47.9156873, -21.3815598, 38.2 ], [ 47.9158455, -21.3815224, 38.5 ], [ 47.9162076, -21.3813325, 37.2 ], [ 47.9164812, -21.3811402, 37.0 ], [ 47.9166529, -21.3810178, 37.5 ], [ 47.9171544, -21.3806182, 37.2 ], [ 47.9173583, -21.3804908, 36.8 ], [ 47.9176292, -21.380361, 36.5 ], [ 47.9191232, -21.3798065, 39.6 ], [ 47.9193565, -21.379769, 40.0 ], [ 47.9195389, -21.379764, 39.2 ], [ 47.9196757, -21.3797865, 39.1 ], [ 47.9198474, -21.3798515, 39.0 ], [ 47.920019, -21.3799464, 39.2 ], [ 47.9201719, -21.3800688, 40.2 ], [ 47.9205474, -21.3804259, 43.5 ], [ 47.9208452, -21.3808355, 47.8 ], [ 47.9209578, -21.3809354, 48.8 ], [ 47.9210812, -21.3810253, 49.8 ], [ 47.9211831, -21.3810653, 50.0 ], [ 47.9213387, -21.3811028, 49.2 ], [ 47.9221487, -21.3812251, 45.2 ], [ 47.9222935, -21.3812451, 44.5 ], [ 47.9224491, -21.3812926, 43.8 ], [ 47.9225886, -21.3813725, 43.5 ], [ 47.9227602, -21.3814674, 43.2 ], [ 47.924611, -21.3826538, 46.8 ], [ 47.9248121, -21.3827587, 45.8 ], [ 47.9249892, -21.3828086, 44.8 ], [ 47.9251528, -21.3828361, 43.8 ], [ 47.9253432, -21.3828411, 43.5 ], [ 47.9259869, -21.3828386, 42.5 ], [ 47.9267621, -21.3828061, 45.4 ], [ 47.9268533, -21.3828036, 45.7 ], [ 47.9271349, -21.3828111, 46.8 ], [ 47.9274192, -21.3828711, 47.5 ], [ 47.9275051, -21.382921, 48.2 ], [ 47.9280576, -21.3832382, 51.2 ], [ 47.9283205, -21.383403, 52.0 ], [ 47.9284894, -21.383478, 51.8 ], [ 47.9287255, -21.3835404, 51.0 ], [ 47.9289186, -21.3836128, 50.0 ], [ 47.9290366, -21.3836853, 49.8 ], [ 47.9291198, -21.3837952, 50.2 ], [ 47.9292163, -21.38395, 51.2 ], [ 47.9292619, -21.3840299, 51.8 ], [ 47.9295167, -21.3844795, 52.0 ], [ 47.9296079, -21.3845844, 51.8 ], [ 47.9297259, -21.3846543, 50.8 ], [ 47.9298627, -21.3847367, 49.8 ], [ 47.9300183, -21.3847717, 48.8 ], [ 47.9302087, -21.3847967, 47.5 ], [ 47.9303992, -21.3848117, 46.5 ], [ 47.9308525, -21.3847942, 45.8 ], [ 47.9315338, -21.3847642, 44.2 ], [ 47.9317161, -21.3847143, 43.5 ], [ 47.9318315, -21.3846943, 43.0 ], [ 47.931979, -21.3846768, 42.5 ], [ 47.9321507, -21.3846693, 42.8 ], [ 47.9322875, -21.3846843, 43.2 ], [ 47.9324591, -21.3847218, 44.0 ], [ 47.9328185, -21.3848142, 45.2 ], [ 47.9329097, -21.3848242, 45.8 ], [ 47.9330412, -21.3848117, 47.2 ], [ 47.9331297, -21.3847892, 48.2 ], [ 47.9332075, -21.3847367, 48.8 ], [ 47.9332611, -21.3846718, 49.0 ], [ 47.9333469, -21.3845095, 49.8 ], [ 47.9334301, -21.3844071, 50.8 ], [ 47.9335427, -21.3843072, 52.0 ], [ 47.9337171, -21.3842272, 53.5 ], [ 47.933996, -21.3841723, 54.5 ], [ 47.9342642, -21.3841573, 54.7 ], [ 47.9344305, -21.3841773, 54.8 ], [ 47.9346263, -21.3842247, 54.5 ], [ 47.9348248, -21.3842947, 54.0 ], [ 47.9349911, -21.3844071, 53.5 ], [ 47.9352191, -21.3845494, 53.8 ], [ 47.9355597, -21.3846568, 56.0 ], [ 47.9357287, -21.3847068, 57.8 ], [ 47.9358387, -21.3847617, 58.8 ], [ 47.935946, -21.3848391, 59.5 ], [ 47.9360613, -21.3849241, 60.2 ], [ 47.9361686, -21.3850664, 60.0 ], [ 47.936241, -21.3852063, 59.2 ], [ 47.9363215, -21.3854136, 58.2 ], [ 47.9364476, -21.3856184, 59.0 ], [ 47.9365414, -21.3857108, 59.5 ], [ 47.936646, -21.3857782, 60.2 ], [ 47.9367721, -21.3857982, 61.0 ], [ 47.9368794, -21.3858007, 61.5 ], [ 47.9369974, -21.3857757, 62.0 ], [ 47.9371288, -21.3857133, 62.8 ], [ 47.9372442, -21.3856109, 63.5 ], [ 47.9373059, -21.385476, 63.8 ], [ 47.9373193, -21.3852737, 64.8 ], [ 47.9373568, -21.3851039, 66.8 ], [ 47.9374105, -21.3850015, 67.8 ], [ 47.9375124, -21.3849315, 68.5 ], [ 47.9376251, -21.3849041, 68.5 ], [ 47.9377377, -21.3849241, 68.6 ], [ 47.9378986, -21.3849865, 68.7 ], [ 47.9380542, -21.3851139, 68.8 ], [ 47.9381481, -21.3852462, 69.0 ], [ 47.9381722, -21.3853511, 69.2 ], [ 47.9381454, -21.385466, 69.0 ], [ 47.9380944, -21.3856658, 69.5 ], [ 47.9380918, -21.3857432, 70.0 ], [ 47.9381186, -21.3858681, 71.2 ], [ 47.9382259, -21.3860779, 73.8 ], [ 47.9382661, -21.3862128, 74.8 ], [ 47.9382768, -21.3863701, 75.5 ], [ 47.9383063, -21.386505, 76.0 ], [ 47.9383305, -21.3865749, 76.2 ], [ 47.9384002, -21.3866274, 76.5 ], [ 47.938486, -21.3866748, 76.8 ], [ 47.9387516, -21.3867073, 78.2 ], [ 47.9389796, -21.3866973, 80.0 ], [ 47.9390761, -21.3866773, 81.0 ], [ 47.9391915, -21.3866274, 82.5 ], [ 47.9393068, -21.3865724, 84.5 ], [ 47.9393899, -21.3865125, 86.5 ], [ 47.9394704, -21.3864376, 88.5 ], [ 47.9395589, -21.3863127, 91.0 ], [ 47.9396877, -21.3860879, 95.2 ], [ 47.939744, -21.3859755, 97.5 ], [ 47.9397815, -21.3859381, 98.8 ], [ 47.9398406, -21.3859256, 100.0 ], [ 47.9399049, -21.3859381, 101.0 ], [ 47.9399505, -21.385963, 101.3 ], [ 47.93998, -21.386003, 101.5 ], [ 47.9399934, -21.3860504, 101.2 ], [ 47.9399881, -21.3860954, 100.8 ], [ 47.9399157, -21.3864251, 96.5 ], [ 47.9398674, -21.3866898, 93.2 ], [ 47.9398674, -21.3867847, 92.2 ], [ 47.9398808, -21.3868771, 91.9 ], [ 47.9399237, -21.3869545, 91.5 ], [ 47.9399666, -21.387007, 91.8 ], [ 47.9400793, -21.3870994, 93.0 ], [ 47.9404601, -21.3873092, 98.2 ], [ 47.9405513, -21.3873841, 99.0 ], [ 47.9406318, -21.387504, 99.1 ], [ 47.940664, -21.3876014, 99.2 ], [ 47.9406801, -21.3877463, 99.2 ], [ 47.9407015, -21.387986, 100.2 ], [ 47.9406962, -21.3881309, 101.5 ], [ 47.9406828, -21.3882308, 102.8 ], [ 47.9405862, -21.388538, 107.5 ], [ 47.9405755, -21.3886129, 108.8 ], [ 47.9405889, -21.3886878, 110.0 ], [ 47.9406264, -21.3887677, 111.2 ], [ 47.9406881, -21.3888102, 111.5 ], [ 47.9407632, -21.3888252, 111.2 ], [ 47.9409027, -21.3888651, 110.2 ], [ 47.9410556, -21.3889076, 108.8 ], [ 47.9411414, -21.3889401, 107.8 ], [ 47.9412675, -21.38903, 106.8 ], [ 47.9415089, -21.3893097, 105.5 ], [ 47.9416913, -21.3895669, 104.2 ], [ 47.9417691, -21.3897018, 104.0 ], [ 47.9418093, -21.3898167, 104.5 ], [ 47.9418308, -21.390009, 106.5 ], [ 47.9418522, -21.3901189, 107.5 ], [ 47.9418764, -21.3901863, 108.0 ], [ 47.9419193, -21.3902412, 108.2 ], [ 47.9419729, -21.3902887, 108.5 ], [ 47.9420453, -21.3902987, 108.0 ], [ 47.942099, -21.3902937, 107.5 ], [ 47.9421446, -21.3902612, 106.5 ], [ 47.9421848, -21.3902138, 105.2 ], [ 47.9422706, -21.3900664, 102.0 ], [ 47.9424503, -21.3897867, 95.0 ], [ 47.9425201, -21.3896069, 91.5 ], [ 47.9426086, -21.3893546, 87.5 ], [ 47.9426381, -21.3892997, 86.8 ], [ 47.9426917, -21.3892522, 86.0 ], [ 47.9427642, -21.3892348, 85.5 ], [ 47.9428366, -21.3892373, 85.0 ], [ 47.9429063, -21.3892622, 84.5 ], [ 47.9429626, -21.3893072, 84.0 ], [ 47.9431638, -21.3894645, 83.0 ], [ 47.9432711, -21.3895295, 82.8 ], [ 47.9434267, -21.3895844, 81.8 ], [ 47.9436198, -21.3896194, 80.5 ], [ 47.9441804, -21.3896743, 79.3 ], [ 47.9444593, -21.3896918, 78.8 ], [ 47.9446954, -21.3896868, 78.2 ], [ 47.9455054, -21.3895295, 76.5 ], [ 47.9456529, -21.3894695, 76.2 ], [ 47.9457924, -21.3894046, 75.8 ], [ 47.9459426, -21.3893546, 75.2 ], [ 47.9460713, -21.3893322, 74.8 ], [ 47.9462296, -21.3893322, 74.0 ], [ 47.9463556, -21.3893546, 73.5 ], [ 47.9465809, -21.3893796, 72.5 ], [ 47.9469806, -21.3894745, 70.4 ], [ 47.947053, -21.3894895, 70.0 ], [ 47.9471603, -21.3894845, 70.0 ], [ 47.9472864, -21.389472, 70.2 ], [ 47.9474151, -21.3894296, 71.0 ], [ 47.9475814, -21.3892772, 72.8 ], [ 47.9476672, -21.3890924, 73.2 ], [ 47.9477182, -21.3887403, 73.5 ], [ 47.9477316, -21.3886478, 73.6 ], [ 47.9477745, -21.3885629, 73.7 ], [ 47.9478469, -21.3884955, 73.8 ], [ 47.9479355, -21.388453, 73.5 ], [ 47.9480347, -21.3884381, 73.0 ], [ 47.9481339, -21.3884555, 72.2 ], [ 47.9482225, -21.388498, 72.2 ], [ 47.9486141, -21.3886154, 72.0 ], [ 47.9487267, -21.3886379, 72.0 ], [ 47.9488447, -21.3886254, 71.5 ], [ 47.9489842, -21.3886054, 70.8 ], [ 47.9492015, -21.3885455, 69.0 ], [ 47.9493088, -21.3885205, 68.2 ], [ 47.9494321, -21.3885255, 67.5 ], [ 47.9497862, -21.3885504, 66.8 ], [ 47.9498559, -21.388538, 66.5 ], [ 47.9499149, -21.3885005, 66.0 ], [ 47.9499632, -21.3884655, 65.5 ], [ 47.9500785, -21.3883956, 64.8 ], [ 47.9501617, -21.3883382, 64.5 ], [ 47.9502153, -21.3883282, 64.4 ], [ 47.9503039, -21.3883157, 64.2 ], [ 47.9504272, -21.3883282, 64.5 ], [ 47.9505372, -21.3883432, 65.0 ], [ 47.950674, -21.3883357, 65.2 ], [ 47.9507411, -21.3883157, 65.3 ], [ 47.9508564, -21.3882657, 65.5 ], [ 47.9510173, -21.3881658, 65.2 ], [ 47.9512158, -21.3880285, 65.0 ], [ 47.9513526, -21.3879286, 64.9 ], [ 47.9514652, -21.3878711, 64.8 ], [ 47.9518354, -21.3877088, 65.5 ], [ 47.9520392, -21.3876239, 66.0 ], [ 47.9521975, -21.3875415, 66.5 ], [ 47.9525515, -21.3873591, 67.0 ], [ 47.9526293, -21.3873192, 67.2 ], [ 47.9527876, -21.3872068, 68.0 ], [ 47.9528788, -21.3871244, 68.5 ], [ 47.9529646, -21.386997, 68.2 ], [ 47.9530558, -21.3867897, 68.0 ], [ 47.9531443, -21.3865749, 68.2 ], [ 47.9532167, -21.3863901, 68.0 ], [ 47.9532543, -21.3862303, 67.0 ], [ 47.9532543, -21.3860479, 66.2 ], [ 47.9532221, -21.3858506, 65.2 ], [ 47.9532006, -21.3857208, 64.0 ], [ 47.9532194, -21.3856708, 63.9 ], [ 47.953257, -21.3856309, 63.8 ], [ 47.9533052, -21.3856034, 64.0 ], [ 47.9533589, -21.3855934, 64.5 ], [ 47.9534152, -21.3855984, 65.0 ], [ 47.9534662, -21.3856234, 65.5 ], [ 47.9535708, -21.3856908, 66.5 ], [ 47.9537103, -21.3857757, 67.5 ], [ 47.9538095, -21.3858407, 68.2 ], [ 47.9539597, -21.3858931, 68.5 ], [ 47.9541287, -21.3859356, 68.8 ], [ 47.9544693, -21.3860205, 67.5 ], [ 47.9546437, -21.3860704, 66.8 ], [ 47.9548207, -21.3861703, 66.5 ], [ 47.9553571, -21.38649, 62.8 ], [ 47.955628, -21.3866948, 60.8 ], [ 47.9557326, -21.3868172, 60.2 ], [ 47.9558104, -21.3869271, 60.0 ], [ 47.9558453, -21.3870619, 59.8 ], [ 47.9559365, -21.387544, 61.2 ], [ 47.9558963, -21.387986, 65.0 ], [ 47.9558802, -21.3881084, 66.0 ], [ 47.9558963, -21.3881908, 66.5 ], [ 47.9559097, -21.3882408, 66.8 ], [ 47.9559499, -21.3882857, 66.5 ], [ 47.9562181, -21.3885929, 64.2 ], [ 47.9562637, -21.3886853, 63.8 ], [ 47.9563066, -21.3888676, 63.5 ], [ 47.9562852, -21.3891174, 64.8 ], [ 47.9562798, -21.3892772, 65.2 ], [ 47.9563013, -21.3893646, 65.5 ], [ 47.9563415, -21.3894395, 65.0 ], [ 47.9564112, -21.3895045, 64.0 ], [ 47.9565936, -21.3896343, 61.5 ], [ 47.9568833, -21.3898267, 58.2 ], [ 47.956996, -21.3898941, 57.2 ], [ 47.9571167, -21.389999, 56.5 ], [ 47.9574627, -21.390421, 58.0 ], [ 47.9575968, -21.3905209, 59.5 ], [ 47.9577228, -21.3905609, 59.8 ], [ 47.9578677, -21.3905909, 59.5 ], [ 47.9581144, -21.3906233, 59.6 ], [ 47.9587904, -21.3906658, 60.0 ], [ 47.9590183, -21.3906658, 60.8 ], [ 47.9591981, -21.3906508, 60.5 ], [ 47.959308, -21.3906109, 59.5 ], [ 47.9594716, -21.390516, 57.5 ], [ 47.959713, -21.3903336, 54.8 ], [ 47.9598203, -21.3902587, 54.0 ], [ 47.9599223, -21.3902038, 53.5 ], [ 47.9600537, -21.3901588, 53.2 ], [ 47.9601556, -21.3901463, 53.0 ], [ 47.9603085, -21.3901638, 52.5 ], [ 47.9614431, -21.3903661, 51.4 ], [ 47.9615584, -21.3903911, 51.2 ], [ 47.9616737, -21.390426, 51.5 ], [ 47.9617998, -21.390491, 51.8 ], [ 47.96206, -21.3906508, 53.2 ], [ 47.9622182, -21.3907282, 54.2 ], [ 47.9623738, -21.3907807, 54.5 ], [ 47.962516, -21.3908082, 54.2 ], [ 47.9626286, -21.3908032, 53.8 ], [ 47.9627278, -21.3907932, 53.2 ], [ 47.9628807, -21.3907457, 52.2 ], [ 47.963393, -21.3905409, 49.2 ], [ 47.9635245, -21.3905135, 48.8 ], [ 47.9636103, -21.3905309, 48.6 ], [ 47.9636881, -21.3905809, 48.5 ], [ 47.9637712, -21.3906458, 48.8 ], [ 47.9644176, -21.3913126, 49.8 ], [ 47.9645759, -21.391445, 49.5 ], [ 47.9646671, -21.3915324, 49.0 ], [ 47.9647583, -21.3915749, 48.5 ], [ 47.9648575, -21.3915874, 48.0 ], [ 47.9649809, -21.3915998, 47.8 ], [ 47.965166, -21.3916048, 47.5 ], [ 47.965461, -21.3915849, 47.1 ], [ 47.9656166, -21.3915799, 46.9 ], [ 47.9657024, -21.3915923, 46.7 ], [ 47.9657695, -21.3916298, 46.6 ], [ 47.9658473, -21.3916798, 46.5 ], [ 47.9658848, -21.3917322, 46.8 ], [ 47.965917, -21.3918021, 47.0 ], [ 47.9659465, -21.3918845, 47.5 ], [ 47.9659653, -21.3919869, 48.2 ], [ 47.9659921, -21.3920569, 48.8 ], [ 47.9665661, -21.3930633, 50.2 ], [ 47.9666278, -21.3931457, 50.0 ], [ 47.966778, -21.3932531, 48.8 ], [ 47.966888, -21.3933081, 48.0 ], [ 47.9677141, -21.3936577, 44.5 ], [ 47.9678455, -21.3936952, 44.8 ], [ 47.9679447, -21.3936852, 45.0 ], [ 47.9680574, -21.3936552, 45.2 ], [ 47.968162, -21.3935953, 45.5 ], [ 47.9684946, -21.3933855, 45.8 ], [ 47.9686421, -21.3933355, 45.5 ], [ 47.9687333, -21.3933231, 45.4 ], [ 47.9688379, -21.3933305, 45.2 ], [ 47.9689425, -21.393368, 45.5 ], [ 47.9690471, -21.3934279, 46.0 ], [ 47.9691249, -21.3934929, 46.2 ], [ 47.9691705, -21.3935428, 46.5 ], [ 47.9693073, -21.3938026, 49.2 ], [ 47.9693931, -21.3939124, 50.2 ], [ 47.9694575, -21.3939774, 50.8 ], [ 47.9695728, -21.3940573, 51.0 ], [ 47.9700315, -21.3942995, 49.8 ], [ 47.9701415, -21.3943745, 49.2 ], [ 47.9702219, -21.3944793, 49.5 ], [ 47.9702783, -21.3945618, 49.8 ], [ 47.9703078, -21.3946567, 50.2 ], [ 47.9704177, -21.3949963, 50.6 ], [ 47.9704472, -21.3951287, 50.8 ], [ 47.9705116, -21.3955257, 50.2 ], [ 47.9705384, -21.3957006, 49.2 ], [ 47.9706109, -21.3958854, 47.0 ], [ 47.9707262, -21.3961251, 44.0 ], [ 47.9709837, -21.3965147, 42.8 ], [ 47.9710561, -21.3965896, 42.5 ], [ 47.9711902, -21.396692, 42.2 ], [ 47.9716006, -21.3969617, 43.2 ], [ 47.9717642, -21.3970566, 43.2 ], [ 47.9718527, -21.3971465, 43.1 ], [ 47.972019, -21.3973438, 43.0 ], [ 47.9720995, -21.3974637, 42.8 ], [ 47.9725394, -21.3979706, 40.5 ], [ 47.9726788, -21.3980805, 39.8 ], [ 47.9728076, -21.3981879, 39.2 ], [ 47.972931, -21.3982404, 38.5 ], [ 47.973395, -21.3983377, 38.0 ], [ 47.9735371, -21.3983552, 38.8 ], [ 47.9737195, -21.3983353, 40.0 ], [ 47.9739448, -21.3982978, 41.2 ], [ 47.9741862, -21.3982429, 42.2 ], [ 47.975978, -21.3976385, 45.2 ], [ 47.976442, -21.3975186, 43.2 ], [ 47.9765654, -21.3975036, 42.8 ], [ 47.9766914, -21.3975111, 42.2 ], [ 47.9768229, -21.3975461, 42.1 ], [ 47.977016, -21.397596, 42.0 ], [ 47.9775658, -21.3978208, 41.5 ], [ 47.977877, -21.3979482, 40.5 ], [ 47.9782417, -21.3980955, 39.0 ], [ 47.9783329, -21.398143, 38.8 ], [ 47.9784134, -21.3982004, 38.6 ], [ 47.9784751, -21.3982653, 38.5 ], [ 47.9785421, -21.3983852, 38.8 ], [ 47.9785904, -21.3985076, 39.0 ], [ 47.9786253, -21.3986399, 39.1 ], [ 47.9786655, -21.3987948, 39.2 ], [ 47.9787996, -21.3995489, 38.2 ], [ 47.9788157, -21.399936, 38.1 ], [ 47.9789177, -21.4010398, 37.5 ], [ 47.9790384, -21.4013395, 38.5 ], [ 47.979143, -21.4014918, 38.6 ], [ 47.9792342, -21.4015667, 38.7 ], [ 47.9793441, -21.4016392, 38.8 ], [ 47.9795104, -21.4017216, 38.2 ], [ 47.9797196, -21.401779, 37.0 ], [ 47.9799557, -21.401819, 35.8 ], [ 47.980299, -21.4018764, 35.5 ], [ 47.980924, -21.4019788, 35.1 ], [ 47.9810661, -21.4020038, 35.0 ], [ 47.9815087, -21.4020362, 35.0 ], [ 47.9821095, -21.4021611, 37.8 ], [ 47.9822651, -21.4021985, 38.5 ], [ 47.9824072, -21.402251, 39.0 ], [ 47.9825494, -21.4023284, 39.2 ], [ 47.9826379, -21.4023833, 39.5 ], [ 47.9830295, -21.4026306, 40.5 ], [ 47.9831395, -21.4027704, 41.0 ], [ 47.9830912, -21.4029028, 41.8 ], [ 47.9825118, -21.4037069, 43.8 ], [ 47.9821309, -21.4042912, 44.5 ], [ 47.9820478, -21.4044136, 44.0 ], [ 47.981852, -21.4047482, 43.9 ], [ 47.9816374, -21.4052102, 43.8 ], [ 47.9814121, -21.4057696, 44.7 ], [ 47.9812619, -21.4063964, 45.8 ], [ 47.9811573, -21.4070606, 46.8 ], [ 47.981101, -21.4077448, 48.5 ], [ 47.981101, -21.4080969, 49.8 ], [ 47.9811358, -21.4084066, 50.5 ], [ 47.9812056, -21.4088061, 52.2 ], [ 47.98127, -21.4089884, 53.0 ], [ 47.9813451, -21.4092181, 53.8 ], [ 47.9816079, -21.4098974, 56.5 ], [ 47.9818815, -21.4105816, 58.2 ], [ 47.9819164, -21.4107339, 58.2 ], [ 47.9819351, -21.4108662, 58.1 ], [ 47.9819298, -21.411056, 58.1 ], [ 47.9819003, -21.4112533, 58.0 ], [ 47.9818225, -21.4115305, 57.0 ], [ 47.9815167, -21.4123345, 56.0 ], [ 47.9813933, -21.4126766, 56.2 ], [ 47.9810473, -21.413598, 58.2 ], [ 47.9809883, -21.4138228, 57.5 ], [ 47.9809535, -21.4141149, 57.0 ], [ 47.9809508, -21.4143372, 57.1 ], [ 47.9810098, -21.4145394, 57.2 ], [ 47.9811117, -21.4148615, 59.2 ], [ 47.981286, -21.4153759, 63.2 ], [ 47.9813585, -21.4156082, 65.0 ], [ 47.9813719, -21.4158803, 66.2 ], [ 47.9813585, -21.4160826, 66.5 ], [ 47.9813316, -21.4163248, 66.2 ], [ 47.98127, -21.4165271, 66.0 ], [ 47.9811814, -21.4167643, 64.5 ], [ 47.9810393, -21.4170315, 64.0 ], [ 47.9809964, -21.4171363, 63.8 ], [ 47.9809722, -21.4172712, 63.2 ], [ 47.9809186, -21.4175733, 63.0 ], [ 47.980924, -21.4177056, 62.8 ], [ 47.9809508, -21.417808, 62.5 ], [ 47.9810339, -21.4179628, 62.0 ], [ 47.9811063, -21.4180802, 61.8 ], [ 47.9814282, -21.4184822, 61.2 ], [ 47.9814899, -21.418637, 61.8 ], [ 47.9815274, -21.4187968, 63.2 ], [ 47.9815409, -21.4189666, 65.0 ], [ 47.9815167, -21.4191464, 66.5 ], [ 47.9812887, -21.4196333, 69.8 ], [ 47.9812539, -21.4197756, 70.2 ], [ 47.9812512, -21.4199179, 70.8 ], [ 47.9812592, -21.4200053, 71.0 ], [ 47.9812646, -21.4200703, 71.2 ], [ 47.98127, -21.4201427, 71.5 ], [ 47.9814202, -21.4211664, 75.0 ], [ 47.9814497, -21.4213812, 75.2 ], [ 47.9814738, -21.4216533, 75.5 ], [ 47.9814711, -21.4218431, 76.0 ], [ 47.9814255, -21.4220378, 76.2 ], [ 47.9813451, -21.4222476, 76.0 ], [ 47.9811627, -21.4225422, 75.8 ], [ 47.9809695, -21.4227669, 76.8 ], [ 47.9807469, -21.423154, 79.8 ], [ 47.9804009, -21.4235909, 80.5 ], [ 47.9802883, -21.4237307, 81.0 ], [ 47.9802212, -21.4238805, 80.8 ], [ 47.9800415, -21.4240478, 80.5 ], [ 47.9797491, -21.42431, 80.2 ], [ 47.9794219, -21.4245872, 77.5 ], [ 47.9787755, -21.425114, 68.5 ], [ 47.9785904, -21.4253412, 65.5 ], [ 47.9785931, -21.4254561, 64.8 ], [ 47.9786119, -21.4255609, 64.2 ], [ 47.9786897, -21.4256858, 64.0 ], [ 47.9787943, -21.4257882, 63.8 ], [ 47.9789579, -21.425913, 63.5 ], [ 47.9792234, -21.4261302, 62.8 ], [ 47.9793495, -21.4262551, 62.2 ], [ 47.979438, -21.4263949, 61.8 ], [ 47.9794943, -21.4265747, 62.1 ], [ 47.9794917, -21.4267769, 62.5 ], [ 47.9794541, -21.4269067, 62.8 ], [ 47.9793951, -21.4270191, 63.0 ], [ 47.9792127, -21.4272088, 63.5 ], [ 47.979033, -21.4273337, 64.0 ], [ 47.9786468, -21.427491, 62.2 ], [ 47.9780915, -21.4277282, 58.5 ], [ 47.9771286, -21.4280952, 51.0 ], [ 47.9769945, -21.4281751, 50.5 ], [ 47.9769596, -21.4281951, 50.2 ], [ 47.9768389, -21.4283149, 49.8 ], [ 47.9767343, -21.4284947, 50.0 ], [ 47.9766592, -21.4286745, 50.8 ], [ 47.9766512, -21.4288592, 51.8 ], [ 47.9766914, -21.4290041, 52.8 ], [ 47.9767263, -21.4291239, 53.8 ], [ 47.9768229, -21.4293112, 55.2 ], [ 47.9770213, -21.4295508, 57.0 ], [ 47.9771447, -21.4297756, 58.2 ], [ 47.9771581, -21.4298754, 59.0 ], [ 47.9771796, -21.4299803, 59.5 ], [ 47.9771394, -21.4301151, 60.5 ], [ 47.9770187, -21.4302924, 61.8 ], [ 47.9768443, -21.4304522, 63.2 ], [ 47.9767504, -21.4305246, 64.0 ], [ 47.9766619, -21.4306369, 65.0 ], [ 47.9765493, -21.4307843, 66.0 ], [ 47.9764581, -21.4309515, 66.8 ], [ 47.9764205, -21.4311113, 67.8 ], [ 47.9763347, -21.4316981, 73.8 ], [ 47.9762891, -21.4318079, 74.5 ], [ 47.9762086, -21.4319902, 76.2 ], [ 47.9760557, -21.43215, 77.8 ], [ 47.9757848, -21.4322898, 79.2 ], [ 47.9756212, -21.4323223, 80.0 ], [ 47.9754549, -21.4324221, 80.8 ], [ 47.9752082, -21.4325544, 81.0 ], [ 47.9749721, -21.4327367, 83.2 ], [ 47.9747576, -21.432914, 85.2 ], [ 47.9744759, -21.4335606, 86.0 ], [ 47.9744035, -21.4337529, 85.5 ], [ 47.9742721, -21.4339152, 85.8 ], [ 47.974095, -21.4340325, 86.0 ], [ 47.9738858, -21.4340924, 86.2 ], [ 47.9736739, -21.4340774, 86.0 ], [ 47.9734164, -21.43402, 85.2 ], [ 47.9725501, -21.4337828, 76.5 ], [ 47.9721075, -21.433683, 74.2 ], [ 47.9711929, -21.4334832, 73.5 ], [ 47.9709569, -21.4334558, 74.5 ], [ 47.9707316, -21.4334807, 75.2 ], [ 47.9705223, -21.4335656, 75.8 ], [ 47.970348, -21.4337029, 75.5 ], [ 47.9701871, -21.4338727, 75.0 ], [ 47.9701629, -21.4340874, 74.5 ], [ 47.9700127, -21.4353682, 79.0 ], [ 47.9699376, -21.4357178, 81.2 ], [ 47.9696855, -21.4365666, 89.8 ], [ 47.9696077, -21.4367963, 92.0 ], [ 47.9695246, -21.4369287, 93.0 ], [ 47.9694253, -21.4370385, 93.5 ], [ 47.9692751, -21.4371633, 93.0 ], [ 47.9689828, -21.4373631, 91.2 ], [ 47.9680762, -21.4378125, 86.0 ], [ 47.9677811, -21.4380097, 86.5 ], [ 47.9675558, -21.4382693, 87.0 ], [ 47.9674298, -21.4385615, 88.5 ], [ 47.9674056, -21.4387113, 89.2 ], [ 47.9673332, -21.4394752, 90.8 ], [ 47.9672474, -21.4397823, 90.0 ], [ 47.9672205, -21.4398747, 89.5 ], [ 47.9671428, -21.4400245, 88.5 ], [ 47.967006, -21.4401892, 87.2 ], [ 47.9669094, -21.4402816, 86.5 ], [ 47.9668021, -21.440384, 85.8 ], [ 47.966271, -21.4406886, 84.8 ], [ 47.9659894, -21.4408259, 85.8 ], [ 47.9656756, -21.4410506, 87.2 ], [ 47.9655227, -21.4412228, 87.8 ], [ 47.9654449, -21.4413252, 88.5 ], [ 47.9653752, -21.441465, 89.5 ], [ 47.9653296, -21.4416622, 90.2 ], [ 47.9653215, -21.4422464, 91.8 ], [ 47.9652679, -21.4424187, 92.0 ], [ 47.965174, -21.4425735, 92.3 ], [ 47.9649836, -21.4428306, 92.8 ], [ 47.9649004, -21.4429854, 93.8 ], [ 47.9648361, -21.4432051, 95.2 ], [ 47.9648361, -21.4434223, 97.0 ], [ 47.964946, -21.4439016, 97.8 ], [ 47.9649514, -21.4440165, 98.0 ], [ 47.9649138, -21.4442212, 99.5 ], [ 47.9647583, -21.4446231, 102.8 ], [ 47.9646349, -21.4449227, 103.5 ], [ 47.9645088, -21.4451599, 103.0 ], [ 47.964415, -21.4452847, 102.8 ], [ 47.9642513, -21.4454395, 102.0 ], [ 47.9639536, -21.4457016, 98.5 ], [ 47.9638705, -21.4458265, 96.8 ], [ 47.9638329, -21.4459188, 95.2 ], [ 47.9638195, -21.4460312, 93.2 ], [ 47.9638276, -21.4461335, 91.5 ], [ 47.9638892, -21.4462608, 89.2 ], [ 47.9639965, -21.4464007, 87.0 ], [ 47.9641441, -21.4465205, 85.8 ], [ 47.9644418, -21.4466778, 84.5 ], [ 47.9646805, -21.44685, 83.2 ], [ 47.9647502, -21.4469, 82.8 ], [ 47.9648092, -21.4469798, 82.2 ], [ 47.9648441, -21.4471521, 82.0 ], [ 47.964828, -21.447242, 82.1 ], [ 47.9647905, -21.4473568, 82.2 ], [ 47.9647046, -21.4474866, 82.5 ], [ 47.9645571, -21.4476439, 83.0 ], [ 47.9643828, -21.4478162, 83.5 ], [ 47.9642701, -21.447931, 84.2 ], [ 47.9642084, -21.4480508, 84.8 ], [ 47.9640985, -21.4482605, 85.2 ], [ 47.9639027, -21.44866, 87.5 ], [ 47.9637954, -21.4487873, 88.8 ], [ 47.9637042, -21.4488672, 89.8 ], [ 47.9635137, -21.4490244, 92.2 ], [ 47.9631811, -21.4492441, 95.8 ], [ 47.963047, -21.4493764, 96.5 ], [ 47.9629666, -21.4495162, 96.4 ], [ 47.9629236, -21.4496436, 96.2 ], [ 47.9628673, -21.4498608, 96.0 ], [ 47.9628271, -21.4500705, 95.6 ], [ 47.962752, -21.45038, 95.0 ], [ 47.9626742, -21.4505323, 94.5 ], [ 47.9625267, -21.450717, 93.8 ], [ 47.9623953, -21.4508144, 93.0 ], [ 47.9622316, -21.4509117, 92.2 ], [ 47.9619795, -21.4510116, 91.8 ], [ 47.9617918, -21.451109, 91.5 ], [ 47.9616684, -21.4512463, 90.8 ], [ 47.9615664, -21.451431, 89.2 ], [ 47.9614726, -21.4518629, 88.8 ], [ 47.9614431, -21.452105, 88.0 ], [ 47.9614297, -21.4523247, 86.8 ], [ 47.9615611, -21.4528514, 82.0 ], [ 47.9617757, -21.4535529, 75.0 ], [ 47.9618588, -21.4537926, 72.2 ], [ 47.9619554, -21.4539598, 70.5 ], [ 47.9620895, -21.4540971, 69.0 ], [ 47.9621994, -21.4541645, 68.2 ], [ 47.9627439, -21.4544491, 65.0 ], [ 47.9628378, -21.454534, 64.2 ], [ 47.9629049, -21.4547287, 62.8 ], [ 47.9629317, -21.4549134, 62.0 ], [ 47.9629451, -21.455203, 63.0 ], [ 47.9629371, -21.4552505, 63.2 ], [ 47.9629156, -21.4553653, 64.0 ], [ 47.962862, -21.4555275, 64.2 ], [ 47.9627252, -21.4557123, 64.0 ], [ 47.9625481, -21.455867, 63.8 ], [ 47.9622182, -21.4560742, 63.0 ], [ 47.9620358, -21.4561666, 62.9 ], [ 47.9618508, -21.4562889, 62.8 ], [ 47.9615557, -21.4565036, 62.0 ], [ 47.9608691, -21.4571601, 58.0 ], [ 47.9607001, -21.4573598, 56.8 ], [ 47.9605955, -21.4575046, 56.0 ], [ 47.9605794, -21.4576569, 55.2 ], [ 47.9606143, -21.4577867, 55.0 ], [ 47.960676, -21.4579864, 54.8 ], [ 47.9609469, -21.4585181, 56.2 ], [ 47.9612714, -21.4590024, 59.8 ], [ 47.9627788, -21.4616734, 71.2 ], [ 47.9629397, -21.4619105, 70.2 ], [ 47.9630738, -21.4620603, 69.5 ], [ 47.9632697, -21.4622201, 69.0 ], [ 47.963334, -21.4622575, 68.9 ], [ 47.9637122, -21.4624797, 68.2 ], [ 47.9638892, -21.462597, 69.0 ], [ 47.9640529, -21.4627343, 70.5 ], [ 47.9641655, -21.4628766, 72.0 ], [ 47.9647315, -21.4639474, 81.8 ], [ 47.9652169, -21.464916, 76.2 ], [ 47.9653484, -21.4651806, 75.8 ], [ 47.9654583, -21.4654252, 74.5 ], [ 47.965571, -21.4657297, 73.2 ], [ 47.9655844, -21.4659644, 72.2 ], [ 47.9655683, -21.4661665, 71.0 ], [ 47.9655468, -21.4663238, 70.0 ], [ 47.9654315, -21.4666857, 68.2 ], [ 47.9653484, -21.4669254, 67.8 ], [ 47.9652679, -21.4672024, 67.5 ], [ 47.9652464, -21.4673397, 67.2 ], [ 47.9652679, -21.4674895, 67.5 ], [ 47.9653484, -21.4677766, 67.8 ], [ 47.9654396, -21.4681659, 69.5 ], [ 47.9654798, -21.4683482, 69.8 ], [ 47.9654852, -21.4685004, 69.4 ], [ 47.9654825, -21.4689023, 68.5 ], [ 47.9654771, -21.4699557, 60.8 ], [ 47.9654235, -21.4702377, 60.0 ], [ 47.9653108, -21.4705223, 59.0 ], [ 47.9650533, -21.4710115, 57.2 ], [ 47.9645383, -21.4719176, 54.2 ], [ 47.9644847, -21.4721222, 53.5 ], [ 47.9644901, -21.4722495, 53.4 ], [ 47.9645061, -21.4724018, 53.2 ], [ 47.9645571, -21.4725665, 53.0 ], [ 47.9646751, -21.4727413, 53.2 ], [ 47.9648548, -21.4729534, 53.5 ], [ 47.965107, -21.4732005, 53.4 ], [ 47.9653054, -21.4734127, 53.2 ], [ 47.9654396, -21.4735675, 53.1 ], [ 47.9654825, -21.4736373, 53.0 ], [ 47.965571, -21.4737971, 52.8 ], [ 47.9660028, -21.4744935, 53.5 ], [ 47.966491, -21.4752747, 56.5 ], [ 47.9675129, -21.4769795, 63.2 ], [ 47.967698, -21.4772865, 66.0 ], [ 47.9678214, -21.4775536, 68.2 ], [ 47.9678777, -21.4778456, 71.5 ], [ 47.9680011, -21.4789238, 77.8 ], [ 47.9680091, -21.4790012, 77.5 ], [ 47.9680198, -21.4791959, 77.0 ], [ 47.967985, -21.4793431, 76.0 ], [ 47.9678428, -21.4795154, 74.8 ], [ 47.967706, -21.4796751, 73.8 ], [ 47.9676068, -21.4798274, 72.5 ], [ 47.9675692, -21.4800345, 70.8 ], [ 47.9676068, -21.4801618, 70.2 ], [ 47.9677302, -21.4803465, 69.8 ], [ 47.9679984, -21.480661, 67.5 ], [ 47.9680225, -21.4807359, 66.8 ], [ 47.9680654, -21.4809231, 65.5 ], [ 47.9680547, -21.4810329, 64.8 ], [ 47.9679957, -21.4811402, 64.0 ], [ 47.9678321, -21.4813174, 63.2 ], [ 47.9676095, -21.4814522, 64.0 ], [ 47.9671857, -21.4817442, 64.5 ], [ 47.9671052, -21.481854, 64.8 ], [ 47.967014, -21.4820287, 64.2 ], [ 47.9669872, -21.4822134, 63.5 ], [ 47.9669577, -21.4832667, 54.2 ], [ 47.9669255, -21.4836685, 51.0 ], [ 47.9668987, -21.4837758, 50.2 ], [ 47.9668263, -21.4839356, 49.5 ], [ 47.9666385, -21.4842526, 48.5 ], [ 47.9665473, -21.4845396, 47.0 ], [ 47.96655, -21.4856727, 41.0 ], [ 47.9665849, -21.4858699, 40.2 ], [ 47.9666358, -21.4860396, 40.0 ], [ 47.9667109, -21.4862542, 40.6 ], [ 47.9669014, -21.4864264, 41.2 ], [ 47.9670677, -21.4864963, 42.8 ], [ 47.967183, -21.4865587, 43.8 ], [ 47.9674029, -21.4865936, 45.0 ], [ 47.9678938, -21.4866261, 47.0 ], [ 47.9681271, -21.486681, 47.8 ], [ 47.9683417, -21.4868307, 48.8 ], [ 47.9684356, -21.4869805, 49.5 ], [ 47.9684651, -21.4871203, 50.5 ], [ 47.9684651, -21.4871976, 51.2 ], [ 47.9684249, -21.4873324, 53.0 ], [ 47.9683766, -21.4874921, 54.5 ], [ 47.9681942, -21.4878116, 55.8 ], [ 47.9680386, -21.4880911, 56.5 ], [ 47.9679152, -21.4884031, 57.2 ], [ 47.9678321, -21.4886701, 60.8 ], [ 47.9677784, -21.4888224, 63.5 ], [ 47.9676282, -21.4891468, 69.8 ], [ 47.9675129, -21.4892192, 69.5 ], [ 47.9674324, -21.4892741, 69.2 ], [ 47.9673198, -21.489314, 68.0 ], [ 47.9671508, -21.4893515, 65.5 ], [ 47.9667485, -21.4893365, 57.8 ], [ 47.9666251, -21.489334, 55.5 ], [ 47.966491, -21.4893565, 53.5 ], [ 47.9663703, -21.4894862, 53.2 ], [ 47.9663515, -21.489616, 54.2 ], [ 47.9666492, -21.4900129, 61.2 ], [ 47.9667753, -21.4902599, 63.8 ], [ 47.9669014, -21.4905919, 66.5 ], [ 47.9669335, -21.4907017, 67.5 ], [ 47.9669416, -21.4908539, 67.1 ], [ 47.9669148, -21.4909587, 66.8 ], [ 47.9668611, -21.4910885, 66.2 ], [ 47.9666841, -21.4912383, 62.8 ], [ 47.9665795, -21.4913281, 60.8 ], [ 47.9664615, -21.491403, 58.2 ], [ 47.9663166, -21.4915427, 55.5 ], [ 47.9661638, -21.4918747, 54.0 ], [ 47.9660296, -21.4921592, 51.8 ], [ 47.9659706, -21.4924237, 50.8 ], [ 47.965917, -21.4927282, 51.0 ], [ 47.9658982, -21.4931649, 52.8 ], [ 47.9658741, -21.4938912, 52.4 ], [ 47.9658929, -21.4941757, 52.2 ], [ 47.9659384, -21.4943329, 52.8 ], [ 47.9660216, -21.4945401, 53.0 ], [ 47.9662389, -21.4947422, 55.8 ], [ 47.9663247, -21.4948595, 56.2 ], [ 47.9663944, -21.4950841, 54.8 ], [ 47.966381, -21.4952513, 52.5 ], [ 47.9663247, -21.4953761, 50.0 ], [ 47.9660189, -21.4958203, 42.8 ], [ 47.9656971, -21.4963544, 39.2 ], [ 47.9656273, -21.4965965, 39.0 ], [ 47.9656219, -21.4967437, 39.1 ], [ 47.9656354, -21.496851, 39.2 ], [ 47.9657078, -21.4969833, 39.2 ], [ 47.9657748, -21.4970756, 39.5 ], [ 47.9658902, -21.4972079, 40.0 ], [ 47.9660726, -21.4973377, 40.8 ], [ 47.9664186, -21.4975024, 42.0 ], [ 47.9671267, -21.4977869, 47.0 ], [ 47.9672822, -21.4978817, 49.5 ], [ 47.9674163, -21.4980015, 52.0 ], [ 47.9674995, -21.4981338, 54.5 ], [ 47.9675344, -21.498276, 56.5 ], [ 47.9675505, -21.4984682, 58.5 ], [ 47.9675692, -21.4992618, 68.2 ], [ 47.9675505, -21.4993666, 69.5 ], [ 47.9674566, -21.4995962, 71.5 ], [ 47.9673842, -21.4996261, 71.0 ], [ 47.9671937, -21.4996586, 69.2 ], [ 47.9670435, -21.4996761, 67.5 ], [ 47.9668745, -21.499701, 65.2 ], [ 47.966786, -21.4997584, 64.5 ], [ 47.9667485, -21.4998458, 65.0 ], [ 47.9667699, -21.4999481, 66.5 ], [ 47.9667646, -21.5001652, 68.8 ], [ 47.9667324, -21.5004048, 70.8 ], [ 47.9665875, -21.5006369, 69.2 ], [ 47.9665098, -21.5007841, 68.2 ], [ 47.9665232, -21.5008939, 69.0 ], [ 47.9665634, -21.5009538, 69.8 ], [ 47.9666224, -21.5010012, 70.5 ], [ 47.9667163, -21.5010511, 71.5 ], [ 47.9668826, -21.5010586, 74.0 ], [ 47.9670677, -21.5010761, 77.0 ], [ 47.96758, -21.5011884, 84.5 ], [ 47.9680306, -21.5013181, 88.5 ], [ 47.9686716, -21.501378, 98.0 ], [ 47.9687601, -21.5014304, 98.5 ], [ 47.9688299, -21.5015053, 98.2 ], [ 47.9688594, -21.5016201, 96.8 ], [ 47.9688513, -21.501695, 95.2 ], [ 47.9688352, -21.5017998, 93.2 ], [ 47.9688084, -21.5019221, 90.8 ], [ 47.9688406, -21.5020943, 89.2 ], [ 47.9689533, -21.502249, 90.0 ], [ 47.9693288, -21.5024536, 95.0 ], [ 47.9694065, -21.5025135, 95.8 ], [ 47.9694736, -21.5026208, 96.0 ], [ 47.969487, -21.5027805, 95.0 ], [ 47.9694441, -21.5031399, 93.2 ], [ 47.9695272, -21.5034044, 94.0 ], [ 47.9695702, -21.503604, 93.8 ], [ 47.9695836, -21.5038386, 93.0 ], [ 47.969538, -21.5041655, 91.2 ], [ 47.9694977, -21.5045523, 88.0 ], [ 47.969487, -21.5046771, 86.8 ], [ 47.969487, -21.5049042, 84.0 ], [ 47.9695836, -21.5051937, 80.5 ], [ 47.9701012, -21.5062118, 75.0 ], [ 47.9702997, -21.5067059, 77.5 ], [ 47.9703453, -21.5068532, 78.5 ], [ 47.9703641, -21.5070104, 79.8 ], [ 47.9703426, -21.5071002, 80.5 ], [ 47.9700154, -21.5077415, 85.5 ], [ 47.9699135, -21.5078588, 85.3 ], [ 47.9698572, -21.5079038, 85.2 ], [ 47.9697123, -21.5079512, 84.2 ], [ 47.9695541, -21.5079562, 82.5 ], [ 47.969436, -21.5079112, 80.2 ], [ 47.9692295, -21.5078638, 76.8 ], [ 47.9690069, -21.5078289, 73.5 ], [ 47.9688379, -21.5079013, 73.0 ], [ 47.9687226, -21.5080235, 73.2 ], [ 47.9685992, -21.5081857, 74.0 ], [ 47.9684597, -21.5084103, 74.8 ], [ 47.9684088, -21.5085426, 75.2 ], [ 47.9683551, -21.5087497, 76.5 ], [ 47.968331, -21.5089493, 76.8 ], [ 47.9683068, -21.509159, 77.0 ], [ 47.9683256, -21.5098402, 78.8 ], [ 47.9683819, -21.510484, 79.5 ], [ 47.9684195, -21.5106163, 78.8 ], [ 47.9684892, -21.5107336, 77.5 ], [ 47.9686984, -21.5108808, 73.8 ], [ 47.9689103, -21.5109631, 70.0 ], [ 47.9691061, -21.5110679, 66.2 ], [ 47.9692778, -21.5111827, 63.2 ], [ 47.9694387, -21.511325, 60.8 ], [ 47.9697257, -21.5116568, 57.2 ], [ 47.9703748, -21.5124079, 49.2 ], [ 47.9708362, -21.5128322, 46.2 ], [ 47.9714075, -21.5133562, 46.0 ], [ 47.9718393, -21.5136806, 47.0 ], [ 47.9719439, -21.5137305, 47.8 ], [ 47.9721907, -21.5137954, 50.5 ], [ 47.9724213, -21.5138278, 53.0 ], [ 47.9725581, -21.5138852, 53.8 ], [ 47.9726896, -21.513975, 54.0 ], [ 47.9728398, -21.5141547, 53.0 ], [ 47.9729605, -21.5143119, 52.0 ], [ 47.9730704, -21.514529, 50.8 ], [ 47.9731831, -21.5151129, 48.5 ], [ 47.973218, -21.5152975, 48.2 ], [ 47.9732582, -21.5154148, 48.4 ], [ 47.973277, -21.5154747, 48.5 ], [ 47.9733709, -21.515592, 48.8 ], [ 47.9736042, -21.515829, 50.8 ], [ 47.9738456, -21.5160886, 52.2 ], [ 47.9740494, -21.5163032, 53.5 ], [ 47.9741514, -21.5164604, 53.2 ], [ 47.974197, -21.5165277, 53.0 ], [ 47.9742667, -21.51663, 52.6 ], [ 47.974425, -21.5169794, 51.5 ], [ 47.9745698, -21.5176506, 49.8 ], [ 47.9747441, -21.5184291, 47.8 ], [ 47.9749641, -21.5191053, 46.0 ], [ 47.9750392, -21.5193823, 50.8 ], [ 47.9751465, -21.5197616, 56.0 ], [ 47.9753342, -21.5200236, 56.2 ], [ 47.9754657, -21.5201883, 55.2 ], [ 47.9755783, -21.5204079, 54.5 ], [ 47.9756185, -21.5205476, 53.8 ], [ 47.975589, -21.5207098, 53.2 ], [ 47.9755461, -21.520857, 52.5 ], [ 47.9754576, -21.5209867, 52.2 ], [ 47.9752859, -21.521124, 52.5 ], [ 47.9750875, -21.5212013, 53.2 ], [ 47.9748192, -21.5212787, 53.8 ], [ 47.9746798, -21.5213685, 52.2 ], [ 47.9745671, -21.5214733, 50.8 ], [ 47.9744679, -21.521613, 48.8 ], [ 47.9743606, -21.5217877, 46.2 ], [ 47.9742694, -21.5222094, 43.2 ], [ 47.9740521, -21.5230677, 42.8 ], [ 47.9739904, -21.5235518, 43.1 ], [ 47.9740441, -21.5241781, 43.5 ], [ 47.9740682, -21.5243178, 43.5 ], [ 47.9741433, -21.5246297, 43.8 ], [ 47.9742587, -21.5249391, 45.0 ], [ 47.9743955, -21.525241, 46.8 ], [ 47.9747334, -21.5259571, 50.0 ], [ 47.9748514, -21.5264836, 52.2 ], [ 47.9750526, -21.5283849, 48.8 ], [ 47.9750124, -21.5286743, 49.0 ], [ 47.9749507, -21.5288764, 49.4 ], [ 47.9748192, -21.529081, 49.8 ], [ 47.9744196, -21.5294453, 51.2 ], [ 47.9741997, -21.5296374, 51.0 ], [ 47.9739985, -21.5298595, 50.8 ], [ 47.973623, -21.5303635, 51.5 ], [ 47.9732636, -21.5309273, 52.2 ], [ 47.9730356, -21.5312891, 54.0 ], [ 47.9729497, -21.5315311, 54.5 ], [ 47.9728022, -21.5318405, 55.5 ], [ 47.9727003, -21.5320152, 56.2 ], [ 47.9725903, -21.53212, 57.0 ], [ 47.9722014, -21.5325466, 62.0 ], [ 47.9720297, -21.5328685, 63.2 ], [ 47.9718688, -21.5332727, 62.8 ], [ 47.9716757, -21.5338839, 62.2 ], [ 47.971606, -21.5340885, 62.8 ], [ 47.9715899, -21.5342881, 64.0 ], [ 47.9716006, -21.5345127, 65.2 ], [ 47.9717401, -21.5348495, 67.5 ], [ 47.9719546, -21.5351863, 69.0 ], [ 47.9721531, -21.5355431, 70.0 ], [ 47.9722336, -21.535835, 70.5 ], [ 47.9722658, -21.5361469, 69.0 ], [ 47.9722792, -21.5364787, 66.5 ], [ 47.9723141, -21.5366633, 65.2 ], [ 47.9723597, -21.536848, 64.5 ], [ 47.9727513, -21.5380006, 59.5 ], [ 47.9728398, -21.5382302, 60.5 ], [ 47.9729149, -21.5384697, 62.5 ], [ 47.9729229, -21.5386767, 64.0 ], [ 47.9729256, -21.5390734, 66.8 ], [ 47.9729229, -21.5394427, 67.8 ], [ 47.9729712, -21.5396772, 68.5 ], [ 47.973159, -21.5400514, 71.2 ], [ 47.9732502, -21.5402186, 72.8 ], [ 47.9733601, -21.5404781, 74.2 ], [ 47.9734701, -21.540765, 74.8 ], [ 47.9735023, -21.5410269, 74.2 ], [ 47.9736122, -21.541456, 74.5 ], [ 47.9738402, -21.5418877, 75.8 ], [ 47.9741809, -21.542439, 80.8 ], [ 47.9742721, -21.5427633, 82.5 ], [ 47.9742935, -21.5429255, 82.8 ], [ 47.9743043, -21.5431026, 83.3 ], [ 47.9743204, -21.5434993, 84.7 ], [ 47.9742613, -21.545106, 90.0 ], [ 47.9741567, -21.5457347, 91.8 ], [ 47.9741272, -21.5461588, 92.5 ], [ 47.9741675, -21.5467925, 91.8 ], [ 47.9741648, -21.5470145, 91.5 ], [ 47.9741675, -21.5472041, 91.2 ], [ 47.9741246, -21.5474885, 91.7 ], [ 47.9740682, -21.5476831, 92.0 ], [ 47.974028, -21.5478253, 93.5 ], [ 47.9738671, -21.5481222, 97.5 ], [ 47.9737571, -21.5482319, 99.8 ], [ 47.9735747, -21.5484165, 104.2 ], [ 47.9734138, -21.5485463, 108.0 ], [ 47.9733226, -21.5485912, 109.8 ], [ 47.9732046, -21.5485962, 111.2 ], [ 47.9730222, -21.5485862, 113.2 ], [ 47.9728532, -21.5485338, 114.2 ], [ 47.9726896, -21.5484315, 114.0 ], [ 47.972526, -21.5483342, 113.8 ], [ 47.9723892, -21.5482818, 113.2 ], [ 47.9722872, -21.5482669, 113.0 ], [ 47.9720861, -21.5482768, 112.0 ], [ 47.9719171, -21.5483916, 110.0 ], [ 47.9717454, -21.5485862, 108.2 ], [ 47.9716542, -21.5487633, 107.5 ], [ 47.9715094, -21.5491824, 107.2 ], [ 47.9715121, -21.5495616, 110.8 ], [ 47.9715469, -21.5497986, 114.2 ], [ 47.9716113, -21.5500481, 117.8 ], [ 47.9716006, -21.5502876, 121.5 ], [ 47.9715765, -21.5507092, 130.5 ], [ 47.9716167, -21.5509013, 134.0 ], [ 47.9717106, -21.5511059, 137.5 ], [ 47.9718286, -21.551268, 139.5 ], [ 47.9720914, -21.5516123, 140.8 ], [ 47.9721773, -21.5518268, 142.5 ], [ 47.9723731, -21.5523357, 143.2 ], [ 47.9726306, -21.5530617, 145.8 ], [ 47.9727218, -21.5533411, 146.0 ], [ 47.9727674, -21.5535431, 146.2 ], [ 47.9727915, -21.5537552, 146.5 ], [ 47.972762, -21.5539448, 147.0 ], [ 47.9727459, -21.5540446, 146.8 ], [ 47.9726306, -21.554334, 146.2 ], [ 47.9725179, -21.554526, 146.0 ], [ 47.9722443, -21.5548054, 147.5 ], [ 47.9720271, -21.5549526, 150.5 ], [ 47.9714021, -21.5552121, 153.5 ], [ 47.9709139, -21.5553443, 154.8 ], [ 47.9706296, -21.5554441, 156.5 ], [ 47.9703534, -21.5556237, 156.8 ], [ 47.9701468, -21.5557983, 155.8 ], [ 47.9700127, -21.5559729, 153.8 ], [ 47.9697257, -21.5564294, 150.8 ], [ 47.9695755, -21.5566939, 149.8 ], [ 47.9693154, -21.5569832, 148.5 ], [ 47.9689988, -21.5572651, 148.2 ], [ 47.968787, -21.5574797, 148.5 ], [ 47.9686904, -21.5576194, 148.6 ], [ 47.9686287, -21.5577765, 148.8 ], [ 47.9685885, -21.558026, 148.4 ], [ 47.9685992, -21.5581881, 148.2 ], [ 47.9686582, -21.5583777, 147.5 ], [ 47.968913, -21.5586895, 147.2 ], [ 47.9693449, -21.5590837, 146.5 ], [ 47.9697821, -21.5594603, 144.5 ], [ 47.9702112, -21.560069, 137.2 ], [ 47.970407, -21.5603808, 135.8 ], [ 47.9707369, -21.5607251, 137.8 ], [ 47.9708737, -21.5608723, 138.8 ], [ 47.9711205, -21.5609945, 140.0 ], [ 47.9716113, -21.5611766, 139.5 ], [ 47.9718018, -21.5613337, 139.2 ], [ 47.9719359, -21.5615433, 138.8 ], [ 47.9720351, -21.5617877, 137.5 ], [ 47.972137, -21.5619349, 135.8 ], [ 47.9723758, -21.562147, 132.8 ], [ 47.9724804, -21.5622093, 132.0 ], [ 47.9726118, -21.5622517, 131.8 ], [ 47.97277, -21.5622767, 132.5 ], [ 47.9730383, -21.5623515, 133.2 ], [ 47.9732019, -21.5624588, 133.0 ], [ 47.9733306, -21.562591, 132.8 ], [ 47.9734862, -21.5628379, 132.5 ], [ 47.9736096, -21.563035, 132.0 ], [ 47.9740173, -21.5634291, 136.0 ], [ 47.974197, -21.5635588, 138.5 ], [ 47.9744947, -21.5637559, 142.0 ], [ 47.9746208, -21.5638357, 143.0 ], [ 47.9748112, -21.5639704, 143.8 ], [ 47.9749158, -21.5641276, 144.2 ], [ 47.9750016, -21.5642972, 144.5 ], [ 47.9750445, -21.5644344, 144.4 ], [ 47.9750419, -21.5646015, 144.3 ], [ 47.9750016, -21.5647038, 144.2 ], [ 47.9749346, -21.564851, 144.1 ], [ 47.9747736, -21.5650256, 143.9 ], [ 47.974602, -21.5651902, 143.8 ], [ 47.9744625, -21.5653249, 142.5 ], [ 47.9740897, -21.5656093, 138.2 ], [ 47.9738107, -21.5658513, 134.0 ], [ 47.9736471, -21.5660683, 131.5 ], [ 47.9735291, -21.5662703, 130.0 ], [ 47.973446, -21.5665347, 129.5 ], [ 47.973395, -21.566849, 130.8 ], [ 47.9734567, -21.5672132, 133.0 ], [ 47.9735103, -21.5684704, 130.8 ], [ 47.9736659, -21.5696303, 130.0 ], [ 47.9737437, -21.5698298, 130.8 ], [ 47.9738054, -21.5699745, 132.0 ], [ 47.9739261, -21.5701242, 134.5 ], [ 47.9740334, -21.5702439, 136.5 ], [ 47.9742426, -21.5705008, 138.5 ], [ 47.9743579, -21.5706455, 139.2 ], [ 47.9744115, -21.5708151, 139.8 ], [ 47.9744196, -21.5709723, 140.0 ], [ 47.9743981, -21.5710795, 139.8 ], [ 47.9743391, -21.5712342, 139.2 ], [ 47.9742345, -21.5713788, 139.0 ], [ 47.9738054, -21.5717729, 135.5 ], [ 47.9736257, -21.5720024, 132.0 ], [ 47.9735264, -21.572197, 130.0 ], [ 47.9734942, -21.5723716, 129.5 ], [ 47.9734835, -21.5725811, 129.2 ], [ 47.9735425, -21.5728031, 130.8 ], [ 47.973623, -21.5730076, 133.5 ], [ 47.9737598, -21.5731623, 136.2 ], [ 47.9739153, -21.573302, 138.8 ], [ 47.9740065, -21.5733918, 140.2 ], [ 47.9741326, -21.5734791, 141.8 ], [ 47.9742023, -21.5735738, 143.0 ], [ 47.9742721, -21.573721, 145.0 ], [ 47.9743204, -21.5738632, 146.8 ], [ 47.9743847, -21.5739954, 148.2 ], [ 47.9744598, -21.5740527, 148.8 ], [ 47.9746047, -21.5741949, 149.5 ], [ 47.9747576, -21.5742598, 149.0 ], [ 47.974897, -21.5743471, 148.0 ], [ 47.9750097, -21.5744094, 147.0 ], [ 47.975066, -21.5744618, 146.2 ], [ 47.9751143, -21.5745242, 145.5 ], [ 47.9751545, -21.5746264, 145.0 ], [ 47.9751867, -21.5747611, 144.5 ], [ 47.9751813, -21.5750056, 143.8 ], [ 47.9750848, -21.5754595, 142.5 ], [ 47.9750633, -21.5756217, 141.8 ], [ 47.9751062, -21.5757987, 139.8 ], [ 47.9751948, -21.5759958, 136.5 ], [ 47.9753476, -21.5762502, 132.0 ], [ 47.9758734, -21.5774325, 121.8 ], [ 47.9760638, -21.5778839, 119.5 ], [ 47.9762247, -21.5783204, 115.8 ], [ 47.9764393, -21.5787819, 111.8 ], [ 47.9765761, -21.5790213, 108.8 ], [ 47.9767263, -21.5792358, 106.2 ], [ 47.977024, -21.57958, 101.8 ], [ 47.9772171, -21.5798269, 99.0 ], [ 47.9773432, -21.5799841, 98.0 ], [ 47.9774773, -21.580211, 96.8 ], [ 47.9776114, -21.5805428, 93.5 ], [ 47.9776436, -21.5808421, 90.0 ], [ 47.9776248, -21.5811389, 87.0 ], [ 47.9775497, -21.5820567, 75.2 ], [ 47.9775792, -21.5822787, 72.0 ], [ 47.9776651, -21.5824583, 70.0 ], [ 47.9777536, -21.5826229, 68.8 ], [ 47.9779521, -21.5828274, 66.5 ], [ 47.9780835, -21.5829147, 65.8 ], [ 47.9783088, -21.5830494, 64.8 ], [ 47.9786146, -21.583244, 62.5 ], [ 47.9787889, -21.5834585, 61.0 ], [ 47.9788747, -21.5835956, 60.8 ], [ 47.9789633, -21.58385, 60.5 ], [ 47.9790866, -21.584284, 60.0 ], [ 47.9791859, -21.5845484, 61.0 ], [ 47.9792663, -21.584723, 62.0 ], [ 47.9794165, -21.5849125, 63.0 ], [ 47.9795507, -21.5850572, 64.2 ], [ 47.9800576, -21.5855635, 67.5 ], [ 47.9808059, -21.5862668, 65.0 ], [ 47.9816589, -21.5871098, 55.8 ], [ 47.9817957, -21.587247, 54.8 ], [ 47.9819593, -21.5873667, 53.5 ], [ 47.9821685, -21.5874889, 52.2 ], [ 47.9823884, -21.5875638, 51.0 ], [ 47.9825842, -21.5876186, 50.5 ], [ 47.9827505, -21.5877059, 49.8 ], [ 47.9828846, -21.5878107, 49.2 ], [ 47.9830188, -21.5879653, 48.8 ], [ 47.9831234, -21.5882696, 48.0 ], [ 47.9831931, -21.5886187, 46.2 ], [ 47.9833031, -21.5889804, 44.5 ], [ 47.9833353, -21.5896937, 44.9 ], [ 47.9833406, -21.5897984, 45.0 ], [ 47.9833728, -21.5903446, 48.8 ], [ 47.9832736, -21.5906788, 49.8 ], [ 47.9828525, -21.5916789, 47.8 ], [ 47.9822999, -21.5927089, 43.5 ], [ 47.9821149, -21.5930631, 42.0 ], [ 47.9820263, -21.59328, 42.8 ], [ 47.9815677, -21.5942751, 48.8 ], [ 47.9811653, -21.595158, 58.0 ], [ 47.9810768, -21.5954323, 61.0 ], [ 47.9810902, -21.5956194, 60.1 ], [ 47.9811493, -21.5958064, 59.2 ], [ 47.9812619, -21.595976, 55.5 ], [ 47.9814819, -21.5961556, 50.8 ], [ 47.9816589, -21.5963501, 47.2 ], [ 47.981742, -21.5965197, 46.0 ], [ 47.981793, -21.5967167, 45.5 ], [ 47.981793, -21.5968938, 45.6 ], [ 47.9817286, -21.5971157, 45.8 ], [ 47.9814845, -21.597597, 47.2 ], [ 47.9814309, -21.5979961, 49.0 ], [ 47.9813504, -21.5985223, 52.0 ], [ 47.9813156, -21.5995223, 58.8 ], [ 47.9813048, -21.6000884, 64.5 ], [ 47.9811761, -21.6008441, 77.0 ], [ 47.9811037, -21.6010535, 80.8 ], [ 47.9810902, -21.6013304, 83.0 ], [ 47.9811144, -21.6015024, 83.8 ], [ 47.9811814, -21.6017369, 83.2 ], [ 47.9812941, -21.6019164, 81.8 ], [ 47.9819459, -21.6029239, 78.5 ], [ 47.9820156, -21.6030212, 78.0 ], [ 47.9821551, -21.6032331, 76.8 ], [ 47.9823777, -21.6037494, 72.8 ], [ 47.9824582, -21.6040436, 71.2 ], [ 47.9824367, -21.6043578, 70.5 ], [ 47.9822838, -21.6047718, 70.4 ], [ 47.9821309, -21.6052706, 70.2 ], [ 47.9820746, -21.6053703, 69.8 ], [ 47.9817125, -21.6061932, 73.5 ], [ 47.9814738, -21.6066396, 76.8 ], [ 47.9811466, -21.6070361, 80.0 ], [ 47.9805189, -21.6075224, 84.5 ], [ 47.9803151, -21.6076247, 85.2 ], [ 47.9800549, -21.6078017, 85.5 ], [ 47.9796687, -21.6081059, 86.8 ], [ 47.9795936, -21.6081658, 87.0 ], [ 47.9792637, -21.6084825, 85.0 ], [ 47.9789793, -21.608874, 79.0 ], [ 47.978687, -21.6092057, 73.5 ], [ 47.9786333, -21.6095049, 70.0 ], [ 47.9786146, -21.6096022, 69.0 ], [ 47.9785931, -21.6099238, 66.5 ], [ 47.9786843, -21.6109562, 64.8 ], [ 47.9787192, -21.6114699, 64.2 ], [ 47.9787782, -21.6118016, 63.5 ], [ 47.9788774, -21.6120135, 63.0 ], [ 47.979092, -21.6125222, 61.8 ], [ 47.9791403, -21.6128863, 60.5 ], [ 47.9791886, -21.6131357, 59.8 ], [ 47.9792342, -21.6136843, 57.8 ], [ 47.9794917, -21.6146792, 55.8 ], [ 47.9798725, -21.6156891, 57.0 ], [ 47.9799584, -21.6162726, 56.5 ], [ 47.9799449, -21.6168387, 54.8 ], [ 47.9799262, -21.6175419, 53.0 ], [ 47.9798886, -21.6179907, 54.5 ], [ 47.9798484, -21.6183523, 54.8 ], [ 47.9797867, -21.6189058, 53.0 ], [ 47.9798055, -21.6190978, 52.2 ], [ 47.9798189, -21.6192375, 51.8 ], [ 47.9799208, -21.619604, 50.5 ], [ 47.980012, -21.6199955, 48.8 ], [ 47.9800415, -21.6200902, 48.5 ], [ 47.9802802, -21.6208483, 44.5 ], [ 47.9803097, -21.6210752, 43.0 ], [ 47.9802668, -21.6215215, 42.4 ], [ 47.9802534, -21.6218756, 42.0 ], [ 47.9802105, -21.6220551, 42.8 ], [ 47.9802051, -21.6221274, 43.0 ], [ 47.9800844, -21.6226062, 44.5 ], [ 47.9799289, -21.622848, 45.0 ], [ 47.9796553, -21.6230999, 46.2 ], [ 47.9795346, -21.6231822, 47.2 ], [ 47.979371, -21.6232619, 48.0 ], [ 47.9775336, -21.6240873, 58.8 ], [ 47.9769945, -21.6243815, 62.5 ], [ 47.9766673, -21.6246059, 64.8 ], [ 47.9764447, -21.6248303, 65.5 ], [ 47.9752269, -21.626274, 70.5 ], [ 47.9749024, -21.6266106, 69.5 ], [ 47.9745188, -21.626855, 67.0 ], [ 47.9739207, -21.6271542, 66.2 ], [ 47.9727781, -21.6276728, 69.5 ], [ 47.9723597, -21.6278648, 72.2 ], [ 47.9720646, -21.6280643, 75.0 ], [ 47.9718393, -21.6282488, 78.0 ], [ 47.9712653, -21.6290242, 80.0 ], [ 47.9710588, -21.629291, 77.5 ], [ 47.9708362, -21.6294655, 75.8 ], [ 47.9704875, -21.6295802, 74.5 ], [ 47.9699001, -21.6297747, 73.8 ], [ 47.9695514, -21.6299343, 73.5 ], [ 47.9692027, -21.6301736, 71.8 ], [ 47.9680815, -21.6311435, 67.2 ], [ 47.9678589, -21.6313829, 67.5 ], [ 47.9671803, -21.6323578, 71.2 ], [ 47.9666197, -21.63338, 77.2 ], [ 47.9663032, -21.6337814, 77.8 ], [ 47.9661128, -21.6339809, 77.5 ], [ 47.9659465, -21.6340707, 77.8 ], [ 47.9657722, -21.6341305, 78.0 ], [ 47.9655495, -21.6341255, 79.5 ], [ 47.9649755, -21.6340856, 82.2 ], [ 47.9647771, -21.634128, 83.0 ], [ 47.9646698, -21.6341878, 83.2 ], [ 47.9645222, -21.6342801, 83.5 ], [ 47.9643747, -21.6344397, 84.2 ], [ 47.9642299, -21.6348286, 85.0 ], [ 47.9640099, -21.6362672, 80.0 ], [ 47.9638812, -21.6366013, 80.8 ], [ 47.9637632, -21.6368107, 81.2 ], [ 47.9635084, -21.637085, 84.0 ], [ 47.9632482, -21.6373194, 86.8 ], [ 47.963106, -21.6375263, 88.5 ], [ 47.9630175, -21.6377357, 89.5 ], [ 47.9630283, -21.6380025, 91.0 ], [ 47.9631007, -21.638192, 92.2 ], [ 47.9633018, -21.6384637, 92.0 ], [ 47.9634681, -21.6387056, 91.5 ], [ 47.9636478, -21.6389723, 90.5 ], [ 47.9636881, -21.6391967, 89.5 ], [ 47.9636773, -21.6397203, 89.0 ], [ 47.96368, -21.6399148, 88.7 ], [ 47.9636961, -21.6400743, 88.5 ], [ 47.9637578, -21.6403012, 87.8 ], [ 47.9638383, -21.6405755, 86.8 ], [ 47.9638678, -21.6410442, 85.2 ], [ 47.9638007, -21.6412411, 85.0 ], [ 47.9636425, -21.6415129, 84.5 ], [ 47.9632857, -21.6419367, 86.0 ], [ 47.9631731, -21.6421736, 87.2 ], [ 47.9631087, -21.6423855, 88.0 ], [ 47.9631382, -21.6425949, 88.2 ], [ 47.9635003, -21.6436919, 88.8 ], [ 47.9635164, -21.6439686, 89.2 ], [ 47.9634225, -21.6444398, 88.5 ], [ 47.9631248, -21.6455991, 86.8 ], [ 47.9629478, -21.645973, 86.0 ], [ 47.962693, -21.6463844, 88.0 ], [ 47.962355, -21.6469329, 86.4 ], [ 47.9622638, -21.6471797, 85.8 ], [ 47.9622343, -21.6474589, 83.8 ], [ 47.962237, -21.6477256, 82.5 ], [ 47.9623094, -21.6479251, 82.2 ], [ 47.9624543, -21.6481071, 82.0 ], [ 47.9626554, -21.6483339, 82.1 ], [ 47.962929, -21.6485907, 82.2 ], [ 47.9631302, -21.6487453, 83.2 ], [ 47.9632267, -21.6489298, 83.1 ], [ 47.963275, -21.6490818, 83.0 ], [ 47.9633474, -21.649932, 86.5 ], [ 47.9633796, -21.6501838, 86.8 ], [ 47.963554, -21.650458, 84.8 ], [ 47.9637283, -21.65064, 83.2 ], [ 47.9640716, -21.6508294, 81.2 ], [ 47.9644659, -21.6508992, 82.0 ], [ 47.9647851, -21.6508992, 83.2 ], [ 47.9652035, -21.650797, 85.5 ], [ 47.9656354, -21.6508569, 85.0 ], [ 47.9656971, -21.6509192, 84.2 ], [ 47.965807, -21.6510588, 82.5 ], [ 47.9658794, -21.6511959, 81.0 ], [ 47.9658902, -21.6512906, 80.2 ], [ 47.9659036, -21.6514178, 79.2 ], [ 47.9658553, -21.6518092, 77.0 ], [ 47.9657185, -21.6521607, 75.2 ], [ 47.96563, -21.6523925, 73.0 ], [ 47.9656032, -21.6526692, 71.8 ], [ 47.96563, -21.6527939, 71.5 ], [ 47.9656219, -21.6531728, 69.5 ], [ 47.9656139, -21.6533423, 68.8 ], [ 47.9655522, -21.6535318, 68.2 ], [ 47.9654557, -21.6536839, 67.8 ], [ 47.9652357, -21.6540453, 67.3 ], [ 47.9651928, -21.6542572, 67.0 ], [ 47.9651955, -21.654509, 66.0 ], [ 47.9652464, -21.654686, 65.8 ], [ 47.9654127, -21.6554189, 66.2 ], [ 47.9654503, -21.655571, 66.2 ], [ 47.9654583, -21.6556956, 66.8 ], [ 47.9654101, -21.6558826, 67.0 ], [ 47.9653457, -21.6560098, 66.9 ], [ 47.9651955, -21.6561319, 66.8 ], [ 47.9649675, -21.6562167, 66.7 ], [ 47.9646885, -21.6563862, 66.5 ], [ 47.9645544, -21.6565058, 65.8 ], [ 47.964474, -21.6566629, 65.5 ], [ 47.9644579, -21.6568324, 65.8 ], [ 47.9644927, -21.6570044, 66.8 ], [ 47.9645947, -21.6571664, 68.2 ], [ 47.9647449, -21.6572836, 68.8 ], [ 47.9657856, -21.6579991, 61.8 ], [ 47.9659492, -21.6581312, 61.2 ], [ 47.9660806, -21.6582882, 61.8 ], [ 47.9661959, -21.6585201, 62.0 ], [ 47.9663408, -21.6588067, 61.8 ], [ 47.9666063, -21.659582, 57.8 ], [ 47.9666626, -21.6597391, 56.8 ], [ 47.9668075, -21.6605916, 53.8 ], [ 47.9669443, -21.6611874, 53.0 ], [ 47.9670489, -21.6616087, 52.8 ], [ 47.9671025, -21.661823, 53.8 ], [ 47.9671159, -21.6620873, 54.8 ], [ 47.9671025, -21.6623042, 55.8 ], [ 47.9670274, -21.6625011, 56.8 ], [ 47.9668611, -21.6628875, 57.0 ], [ 47.9667941, -21.6631941, 55.2 ], [ 47.9667726, -21.6634882, 52.5 ], [ 47.9668048, -21.6645227, 47.8 ], [ 47.966888, -21.6657815, 47.2 ], [ 47.9670838, -21.6666989, 42.2 ], [ 47.9671159, -21.6669382, 42.0 ], [ 47.9670221, -21.6675239, 44.0 ], [ 47.9670811, -21.668197, 42.8 ], [ 47.9671293, -21.668516, 41.0 ], [ 47.9672071, -21.6688027, 39.5 ], [ 47.9673252, -21.6689522, 38.5 ], [ 47.9674298, -21.6690769, 37.8 ], [ 47.9675987, -21.6692015, 37.0 ], [ 47.9678267, -21.6693137, 35.5 ], [ 47.9687709, -21.6696153, 30.5 ], [ 47.968913, -21.6696726, 30.2 ], [ 47.969023, -21.6697673, 30.5 ], [ 47.9691356, -21.6698646, 30.8 ], [ 47.9692617, -21.670059, 32.5 ], [ 47.9693663, -21.6702858, 34.0 ], [ 47.9693556, -21.6705625, 34.5 ], [ 47.9692858, -21.6707694, 35.2 ], [ 47.9691786, -21.6709588, 35.0 ], [ 47.9689881, -21.6711582, 33.2 ], [ 47.9682559, -21.6716792, 30.2 ], [ 47.9680467, -21.6718661, 29.0 ], [ 47.9678428, -21.672093, 27.8 ], [ 47.9677141, -21.6722924, 27.0 ], [ 47.9674941, -21.6727735, 25.5 ], [ 47.9672286, -21.6736334, 25.8 ], [ 47.9672018, -21.6739126, 25.4 ], [ 47.967183, -21.674087, 25.2 ], [ 47.9672232, -21.6743413, 25.5 ], [ 47.9673278, -21.6745681, 25.0 ], [ 47.9674673, -21.6747451, 24.5 ], [ 47.967757, -21.6749993, 24.8 ], [ 47.9680198, -21.6752959, 26.8 ], [ 47.9681888, -21.6755128, 27.8 ], [ 47.9682693, -21.6756923, 28.8 ], [ 47.9683015, -21.6759041, 29.5 ], [ 47.9682344, -21.6762132, 28.0 ], [ 47.9680976, -21.6766469, 25.5 ], [ 47.9680467, -21.6773149, 23.2 ], [ 47.9679742, -21.6775018, 22.5 ], [ 47.9678482, -21.677771, 22.1 ], [ 47.9678079, -21.6778757, 22.1 ], [ 47.9676765, -21.6781, 22.0 ], [ 47.9676175, -21.6781848, 22.5 ], [ 47.9671562, -21.6790173, 25.5 ], [ 47.9669979, -21.6791394, 26.2 ], [ 47.9668424, -21.6792117, 27.0 ], [ 47.9666975, -21.6792964, 27.8 ], [ 47.9664186, -21.6794659, 29.2 ], [ 47.9661262, -21.6795955, 30.5 ], [ 47.9655495, -21.6802959, 31.5 ], [ 47.9648736, -21.6811683, 34.8 ], [ 47.9647207, -21.6813403, 35.0 ], [ 47.9645625, -21.6814798, 35.8 ], [ 47.9643345, -21.6816493, 37.0 ], [ 47.9624784, -21.6823846, 41.8 ], [ 47.960566, -21.683085, 43.2 ], [ 47.9602629, -21.6832445, 43.0 ], [ 47.960043, -21.6833591, 42.9 ], [ 47.9599223, -21.6834588, 42.8 ], [ 47.9598176, -21.683551, 42.5 ], [ 47.9597345, -21.6837205, 42.2 ], [ 47.959713, -21.683905, 41.0 ], [ 47.9597211, -21.6840221, 40.2 ], [ 47.959756, -21.6841168, 39.2 ], [ 47.9598203, -21.6842439, 37.0 ], [ 47.9599303, -21.6844234, 34.0 ], [ 47.9601476, -21.6846876, 31.5 ], [ 47.9606035, -21.6851786, 29.8 ], [ 47.9609013, -21.6855101, 29.2 ], [ 47.9609951, -21.6857344, 29.8 ], [ 47.9610488, -21.6859537, 31.2 ], [ 47.9610917, -21.6861282, 32.0 ], [ 47.9609951, -21.6877333, 33.5 ], [ 47.9609415, -21.6893034, 31.0 ], [ 47.9609683, -21.6896673, 29.8 ], [ 47.9610193, -21.6898418, 28.5 ], [ 47.9611292, -21.6900386, 26.5 ], [ 47.9613975, -21.6904648, 22.8 ], [ 47.9614645, -21.6906617, 22.0 ], [ 47.9614833, -21.6908113, 22.3 ], [ 47.9614753, -21.6909334, 22.5 ], [ 47.9614431, -21.6910555, 23.2 ], [ 47.9610381, -21.6923664, 22.0 ], [ 47.9608852, -21.6929446, 19.5 ], [ 47.9607296, -21.69362, 22.0 ], [ 47.9607028, -21.6940512, 24.5 ], [ 47.9607269, -21.6942132, 25.5 ], [ 47.9607645, -21.6943677, 26.5 ], [ 47.9608691, -21.6946169, 28.2 ], [ 47.9610381, -21.6948911, 28.5 ], [ 47.9611829, -21.6951403, 26.8 ], [ 47.9612473, -21.6953721, 25.8 ], [ 47.9612634, -21.6955415, 25.2 ], [ 47.9612231, -21.6957534, 25.4 ], [ 47.9611775, -21.6958531, 25.5 ], [ 47.9608718, -21.6962045, 26.2 ], [ 47.9605204, -21.6966954, 23.5 ], [ 47.9604721, -21.6968948, 22.5 ], [ 47.9604936, -21.6971091, 21.8 ], [ 47.9605231, -21.6973434, 22.0 ], [ 47.9605848, -21.6975353, 22.2 ], [ 47.9606545, -21.6976848, 22.0 ], [ 47.9608932, -21.6979465, 19.5 ], [ 47.9610166, -21.6980562, 18.5 ], [ 47.9612634, -21.6983278, 18.0 ], [ 47.9614565, -21.6985122, 19.2 ], [ 47.9615611, -21.6986294, 20.2 ], [ 47.9616335, -21.698739, 21.0 ], [ 47.9616952, -21.6988686, 21.8 ], [ 47.9617167, -21.6989857, 22.5 ], [ 47.9617301, -21.6995764, 23.5 ], [ 47.9616603, -21.6999826, 22.8 ], [ 47.9615664, -21.700177, 22.0 ], [ 47.9614028, -21.7003016, 22.2 ], [ 47.961207, -21.7004162, 22.0 ], [ 47.9607403, -21.700496, 21.6 ], [ 47.9606304, -21.7005508, 21.5 ], [ 47.9604909, -21.7006405, 20.0 ], [ 47.9603541, -21.7007801, 18.2 ], [ 47.96022, -21.7009994, 15.8 ], [ 47.9601127, -21.7018243, 13.0 ], [ 47.9599866, -21.7022205, 11.8 ], [ 47.9599169, -21.7024572, 11.5 ], [ 47.9597265, -21.7027289, 11.2 ], [ 47.9595038, -21.7031476, 10.8 ], [ 47.9594448, -21.7032198, 10.8 ], [ 47.9593456, -21.7034242, 11.0 ], [ 47.9592007, -21.7035837, 11.2 ], [ 47.9590908, -21.7036634, 11.2 ], [ 47.9589137, -21.703783, 11.8 ], [ 47.9586267, -21.7038628, 12.2 ], [ 47.9581225, -21.7039824, 13.5 ], [ 47.957814, -21.7041294, 15.2 ], [ 47.9575861, -21.704254, 17.2 ], [ 47.957283, -21.7045581, 20.8 ], [ 47.956996, -21.7049842, 22.8 ], [ 47.9568914, -21.7050864, 23.5 ], [ 47.9568189, -21.705191, 23.2 ], [ 47.9568377, -21.7055798, 19.0 ], [ 47.9569691, -21.7058365, 17.1 ], [ 47.9572695, -21.7065442, 12.0 ], [ 47.9573286, -21.706766, 12.3 ], [ 47.9573956, -21.706933, 12.5 ], [ 47.9574358, -21.7071697, 12.8 ], [ 47.9574385, -21.7073716, 14.5 ], [ 47.9572803, -21.7075834, 16.5 ], [ 47.9571488, -21.7077154, 17.5 ], [ 47.9565802, -21.7081615, 18.0 ], [ 47.956422, -21.7083384, 17.2 ], [ 47.9562744, -21.708645, 17.0 ], [ 47.9562262, -21.7088767, 16.8 ], [ 47.9561993, -21.7092455, 16.2 ], [ 47.956253, -21.7095446, 15.2 ], [ 47.9563576, -21.7097315, 15.0 ], [ 47.9564917, -21.7099906, 15.5 ], [ 47.9566526, -21.7102473, 15.8 ], [ 47.9568216, -21.7104292, 16.0 ], [ 47.9570147, -21.7105488, 15.8 ], [ 47.9571649, -21.710641, 15.7 ], [ 47.9576907, -21.7109176, 15.6 ], [ 47.9580581, -21.7111668, 15.5 ], [ 47.9581949, -21.7115157, 16.2 ], [ 47.9581708, -21.7119119, 17.8 ], [ 47.9573983, -21.7143963, 12.8 ], [ 47.9570362, -21.7155351, 11.8 ], [ 47.9567921, -21.7161905, 11.5 ], [ 47.9566231, -21.7165094, 10.8 ], [ 47.956084, -21.7174588, 11.8 ], [ 47.955789, -21.7179223, 12.2 ], [ 47.9554617, -21.7184256, 12.8 ], [ 47.9552794, -21.7186948, 12.9 ], [ 47.9550835, -21.7187919, 13.0 ], [ 47.9548368, -21.7188567, 13.2 ], [ 47.9537344, -21.7188991, 14.2 ], [ 47.9511809, -21.7190187, 16.5 ], [ 47.9509047, -21.7190311, 16.4 ], [ 47.9505587, -21.7190984, 16.2 ], [ 47.9498827, -21.7192679, 15.5 ], [ 47.9486623, -21.7195868, 12.2 ], [ 47.9473105, -21.7199531, 15.5 ], [ 47.9467097, -21.7201176, 16.8 ], [ 47.9461893, -21.7202746, 18.5 ], [ 47.9460284, -21.7204589, 19.0 ], [ 47.9459023, -21.7206159, 19.8 ], [ 47.9456905, -21.7208352, 20.5 ], [ 47.9455966, -21.7210345, 21.2 ], [ 47.9455081, -21.7212962, 22.8 ], [ 47.9454732, -21.7215055, 24.5 ], [ 47.9454437, -21.7217023, 26.0 ], [ 47.9455698, -21.7225321, 32.5 ], [ 47.9455885, -21.7227613, 33.5 ], [ 47.9455698, -21.7230703, 32.5 ], [ 47.9454759, -21.7233992, 30.8 ], [ 47.9452935, -21.7243485, 20.5 ], [ 47.9450977, -21.72541, 15.2 ], [ 47.9450253, -21.7256093, 14.1 ], [ 47.944985, -21.7258386, 13.0 ], [ 47.9449019, -21.7262098, 13.8 ], [ 47.9447544, -21.7264839, 15.5 ], [ 47.9445317, -21.7266982, 17.5 ], [ 47.9443306, -21.7268377, 19.5 ], [ 47.9441321, -21.7269798, 21.8 ], [ 47.9439229, -21.7270695, 23.0 ], [ 47.9436734, -21.7271492, 23.5 ], [ 47.9430538, -21.727219, 22.5 ], [ 47.9422867, -21.727351, 21.0 ], [ 47.9418978, -21.7274582, 20.2 ], [ 47.9416752, -21.7275553, 20.0 ], [ 47.9415116, -21.7276974, 20.2 ], [ 47.9412943, -21.727959, 20.0 ], [ 47.9410851, -21.7283053, 19.8 ], [ 47.9408088, -21.728836, 20.1 ], [ 47.9407257, -21.7291176, 20.3 ], [ 47.9406881, -21.7294166, 20.5 ], [ 47.9407069, -21.7295486, 21.2 ], [ 47.9406694, -21.7296433, 21.2 ], [ 47.9406452, -21.7299224, 21.1 ], [ 47.9406345, -21.730189, 21.0 ], [ 47.9407042, -21.7307596, 22.0 ], [ 47.9407713, -21.7312031, 21.8 ], [ 47.9408008, -21.7316466, 23.5 ], [ 47.9407257, -21.7320452, 23.8 ], [ 47.9406023, -21.7324613, 23.5 ], [ 47.939795, -21.734315, 20.5 ], [ 47.9389581, -21.736226, 21.0 ], [ 47.9387328, -21.7370457, 21.5 ], [ 47.9382715, -21.7387175, 22.8 ], [ 47.93814, -21.7396169, 23.8 ], [ 47.9379496, -21.7406982, 28.8 ], [ 47.9378718, -21.7413285, 31.0 ], [ 47.9378182, -21.7418343, 33.5 ], [ 47.9378155, -21.7422703, 35.5 ], [ 47.9378209, -21.7438448, 36.0 ], [ 47.9378182, -21.7447019, 37.2 ], [ 47.9378155, -21.7449634, 39.8 ], [ 47.9377645, -21.7451329, 42.0 ], [ 47.9377887, -21.7453247, 44.0 ], [ 47.9379576, -21.7456087, 45.8 ], [ 47.9382929, -21.746092, 48.0 ], [ 47.9384539, -21.7463337, 49.2 ], [ 47.9385531, -21.7465828, 49.8 ], [ 47.9386389, -21.7468643, 50.0 ], [ 47.9386631, -21.7471807, 49.2 ], [ 47.9386604, -21.7475843, 48.0 ], [ 47.9386041, -21.7481399, 49.5 ], [ 47.9387328, -21.7486755, 51.0 ], [ 47.9391888, -21.7496371, 48.5 ], [ 47.9392666, -21.7500233, 46.5 ], [ 47.9392317, -21.7504094, 44.8 ], [ 47.9391539, -21.7508753, 45.0 ], [ 47.9391432, -21.7511718, 44.0 ], [ 47.939162, -21.7513935, 42.2 ], [ 47.9392344, -21.7515554, 40.5 ], [ 47.9394758, -21.7519017, 35.0 ], [ 47.9396635, -21.7522006, 31.2 ], [ 47.9398003, -21.7524772, 29.0 ], [ 47.9398566, -21.7527512, 27.0 ], [ 47.9399586, -21.7530551, 24.2 ], [ 47.9399881, -21.7533715, 22.8 ], [ 47.9399773, -21.7535833, 23.0 ], [ 47.9399049, -21.7539818, 23.5 ], [ 47.9397386, -21.7548214, 26.2 ], [ 47.9396474, -21.7554242, 25.0 ], [ 47.9395884, -21.7560719, 22.5 ], [ 47.9396367, -21.7572179, 20.0 ], [ 47.9395992, -21.757888, 21.0 ], [ 47.9395187, -21.7587773, 24.0 ], [ 47.9393765, -21.7592581, 22.5 ], [ 47.9392183, -21.7595794, 20.8 ], [ 47.939119, -21.7597738, 20.2 ], [ 47.9390225, -21.7600727, 20.0 ], [ 47.9389501, -21.7604463, 19.8 ], [ 47.9389447, -21.7606357, 20.0 ], [ 47.9390278, -21.7613107, 20.2 ], [ 47.93906, -21.7616794, 21.0 ], [ 47.9390386, -21.7620855, 21.8 ], [ 47.9389608, -21.7624118, 23.5 ], [ 47.9388267, -21.762773, 24.0 ], [ 47.9386631, -21.7631267, 24.5 ], [ 47.9385558, -21.7633509, 24.8 ], [ 47.9385075, -21.7635303, 24.5 ], [ 47.938486, -21.7637345, 24.0 ], [ 47.9385182, -21.7641605, 21.2 ], [ 47.9385182, -21.7642327, 20.5 ], [ 47.9386336, -21.7645964, 16.2 ], [ 47.9386604, -21.7647509, 15.0 ], [ 47.9387248, -21.7650025, 13.0 ], [ 47.9388455, -21.7654533, 10.8 ], [ 47.9389769, -21.7658245, 11.0 ], [ 47.9390574, -21.7659416, 11.8 ], [ 47.9392719, -21.7661184, 12.2 ], [ 47.9395294, -21.7662679, 12.8 ], [ 47.9397976, -21.7663426, 12.2 ], [ 47.9400739, -21.766365, 12.8 ], [ 47.9403368, -21.7663924, 13.2 ], [ 47.9410315, -21.76638, 13.5 ], [ 47.9414526, -21.7663775, 13.4 ], [ 47.9417798, -21.7664049, 13.4 ], [ 47.9420614, -21.766517, 13.4 ], [ 47.9423136, -21.7666465, 13.3 ], [ 47.9426917, -21.7670725, 13.2 ], [ 47.9429707, -21.7674312, 12.8 ], [ 47.9431799, -21.7676155, 12.5 ], [ 47.9437271, -21.7680639, 11.8 ], [ 47.9439873, -21.7682731, 11.8 ], [ 47.9441804, -21.768582, 11.9 ], [ 47.9443038, -21.7690079, 12.0 ], [ 47.9444432, -21.7694488, 13.8 ], [ 47.9444754, -21.7698698, 15.4 ], [ 47.9445586, -21.7702733, 17.0 ], [ 47.9445961, -21.7705174, 18.2 ], [ 47.9446471, -21.7711078, 20.5 ], [ 47.9447114, -21.7716059, 20.8 ], [ 47.9448161, -21.77187, 20.2 ], [ 47.9449877, -21.7721589, 19.8 ], [ 47.9457441, -21.7727244, 21.0 ], [ 47.9460767, -21.7729884, 23.5 ], [ 47.9462859, -21.7732026, 24.2 ], [ 47.9464549, -21.7734716, 25.5 ], [ 47.9465809, -21.7737232, 26.2 ], [ 47.9466721, -21.7740844, 27.8 ], [ 47.9469323, -21.7749238, 30.0 ], [ 47.9470289, -21.7754668, 31.2 ], [ 47.9469886, -21.7758952, 31.8 ], [ 47.9469538, -21.7770634, 26.0 ], [ 47.9469296, -21.777564, 22.8 ], [ 47.9467902, -21.7779576, 21.2 ], [ 47.9467392, -21.7780124, 21.3 ], [ 47.9466292, -21.7781743, 21.5 ], [ 47.9464871, -21.7783411, 21.8 ], [ 47.9462591, -21.7785006, 23.8 ], [ 47.9461116, -21.7785578, 25.2 ], [ 47.9458004, -21.7787048, 28.2 ], [ 47.9454678, -21.7788219, 30.0 ], [ 47.9443333, -21.7790784, 26.6 ], [ 47.9421338, -21.779594, 20.0 ], [ 47.9420641, -21.7796164, 20.5 ], [ 47.9418442, -21.7797285, 21.2 ], [ 47.9416537, -21.7798256, 21.0 ], [ 47.9414928, -21.7799576, 20.8 ], [ 47.9413828, -21.7800548, 20.0 ], [ 47.9412729, -21.7802341, 19.0 ], [ 47.9412353, -21.7805529, 17.8 ], [ 47.9411843, -21.7811358, 16.8 ], [ 47.9411119, -21.7813649, 17.5 ], [ 47.9410744, -21.7816264, 19.0 ], [ 47.9409215, -21.7819353, 20.8 ], [ 47.9407418, -21.7821868, 21.5 ], [ 47.9405808, -21.7823363, 22.8 ], [ 47.940377, -21.7824558, 24.0 ], [ 47.9400498, -21.7825206, 25.0 ], [ 47.9398513, -21.7825331, 25.3 ], [ 47.9396689, -21.7824608, 25.5 ], [ 47.9392692, -21.7822641, 28.0 ], [ 47.9389849, -21.7821644, 29.2 ], [ 47.938773, -21.7821943, 29.4 ], [ 47.9384458, -21.782284, 29.7 ], [ 47.9381642, -21.7824558, 30.0 ], [ 47.9379737, -21.7825978, 30.5 ], [ 47.9375982, -21.7829689, 34.8 ], [ 47.9370806, -21.7833799, 38.5 ], [ 47.9369169, -21.783609, 40.2 ], [ 47.9367346, -21.7839503, 42.2 ], [ 47.9364744, -21.7844708, 44.0 ], [ 47.9363322, -21.7846725, 42.9 ], [ 47.9360855, -21.7849116, 41.5 ], [ 47.9351494, -21.785609, 37.0 ], [ 47.93479, -21.7858556, 34.4 ], [ 47.9341355, -21.7863039, 29.8 ], [ 47.933827, -21.7866103, 24.5 ], [ 47.9337868, -21.7866551, 24.2 ], [ 47.9336607, -21.7868942, 22.8 ], [ 47.933532, -21.7871358, 23.0 ], [ 47.933473, -21.7873027, 23.2 ], [ 47.9334408, -21.7875941, 22.1 ], [ 47.9334623, -21.7878556, 21.0 ], [ 47.9336017, -21.788142, 16.8 ], [ 47.9338083, -21.7884882, 14.0 ], [ 47.9339504, -21.7887074, 14.2 ], [ 47.9340228, -21.788807, 14.2 ], [ 47.9341087, -21.7888518, 14.0 ], [ 47.9343957, -21.789061, 14.2 ], [ 47.9348838, -21.789325, 16.0 ], [ 47.9350609, -21.7894396, 17.2 ], [ 47.9353344, -21.7896911, 19.0 ], [ 47.9354605, -21.7898829, 21.0 ], [ 47.9362705, -21.7912801, 17.8 ], [ 47.9369169, -21.7921568, 10.8 ], [ 47.937161, -21.7925079, 8.0 ], [ 47.9374453, -21.792899, 9.5 ], [ 47.9377216, -21.7933697, 11.8 ], [ 47.9377887, -21.7936237, 12.8 ], [ 47.9377618, -21.7938927, 14.5 ], [ 47.9376465, -21.7947643, 16.0 ], [ 47.9375634, -21.7953322, 16.6 ], [ 47.9374266, -21.7956161, 17.0 ], [ 47.9369545, -21.7966596, 16.0 ], [ 47.9367936, -21.7970207, 15.8 ], [ 47.9365924, -21.7973021, 16.0 ], [ 47.9361847, -21.7974715, 17.8 ], [ 47.9356697, -21.7976134, 18.5 ], [ 47.935482, -21.7977155, 18.0 ], [ 47.9352728, -21.7979422, 18.7 ], [ 47.93479, -21.7988487, 21.0 ], [ 47.9342508, -21.7996879, 19.5 ], [ 47.9337171, -21.8002757, 17.8 ], [ 47.9330277, -21.8010178, 18.8 ], [ 47.9326791, -21.8014138, 20.2 ], [ 47.9324913, -21.8018272, 19.7 ], [ 47.9324833, -21.8022505, 19.2 ], [ 47.9325584, -21.8031346, 16.8 ], [ 47.9328668, -21.8039689, 19.0 ], [ 47.9329231, -21.8042378, 18.8 ], [ 47.9328614, -21.8044595, 19.0 ], [ 47.9327568, -21.8045715, 19.2 ], [ 47.9325798, -21.8046288, 20.2 ], [ 47.9310563, -21.8048928, 27.2 ], [ 47.9307988, -21.8049999, 25.2 ], [ 47.9306191, -21.8052564, 23.0 ], [ 47.9304528, -21.8056922, 23.2 ], [ 47.9302382, -21.806118, 26.2 ], [ 47.930021, -21.8063222, 28.8 ], [ 47.9298091, -21.8064193, 30.0 ], [ 47.9290152, -21.8067207, 29.0 ], [ 47.928763, -21.8068925, 28.2 ], [ 47.9286236, -21.8070469, 27.5 ], [ 47.9285002, -21.8074304, 26.2 ], [ 47.92835, -21.8079434, 27.2 ], [ 47.928004, -21.8088498, 29.0 ], [ 47.927894, -21.8090391, 29.5 ], [ 47.9277599, -21.809176, 29.0 ], [ 47.9275748, -21.8092831, 28.2 ], [ 47.9261291, -21.8097513, 26.5 ], [ 47.9258019, -21.8097712, 26.0 ], [ 47.9255605, -21.8096915, 25.8 ], [ 47.9251796, -21.8094101, 27.5 ], [ 47.9248229, -21.8092981, 29.8 ], [ 47.9243723, -21.8092682, 31.0 ], [ 47.9240075, -21.8094276, 30.8 ], [ 47.9231519, -21.8100651, 27.0 ], [ 47.9222989, -21.8106104, 26.0 ], [ 47.922079, -21.8109167, 27.2 ], [ 47.9219583, -21.8110885, 28.8 ], [ 47.9219154, -21.8113127, 29.5 ], [ 47.9216981, -21.8122813, 32.0 ], [ 47.9215962, -21.8125528, 30.5 ], [ 47.9213816, -21.8127893, 29.8 ], [ 47.921049, -21.8129711, 28.2 ], [ 47.920534, -21.8132077, 26.8 ], [ 47.920365, -21.8133446, 26.0 ], [ 47.9203114, -21.8134517, 26.2 ], [ 47.9202738, -21.8135887, 26.5 ], [ 47.9202765, -21.8138526, 26.8 ], [ 47.920365, -21.8140792, 27.0 ], [ 47.9204455, -21.8142212, 27.5 ], [ 47.9206225, -21.8144303, 28.0 ], [ 47.9207593, -21.8145698, 29.0 ], [ 47.9209015, -21.8146669, 29.8 ], [ 47.921159, -21.8147815, 31.2 ], [ 47.9217678, -21.8148985, 32.8 ], [ 47.9219502, -21.8149782, 33.2 ], [ 47.922138, -21.8151077, 33.0 ], [ 47.9223204, -21.8153044, 32.2 ], [ 47.922838, -21.8159145, 30.5 ], [ 47.9233423, -21.8165768, 33.2 ], [ 47.92375, -21.8168956, 34.5 ], [ 47.9242516, -21.8169379, 32.0 ], [ 47.9246458, -21.8168931, 31.2 ], [ 47.9248872, -21.8168981, 30.8 ], [ 47.9251555, -21.8170275, 31.2 ], [ 47.9253405, -21.8171894, 31.1 ], [ 47.9254881, -21.817421, 31.0 ], [ 47.9258019, -21.8179613, 30.5 ], [ 47.9260433, -21.8185042, 30.0 ], [ 47.9262739, -21.8192562, 31.2 ], [ 47.9262418, -21.820297, 29.0 ], [ 47.9262096, -21.820536, 28.9 ], [ 47.9261532, -21.8207427, 28.8 ], [ 47.9260916, -21.8209818, 28.4 ], [ 47.9259789, -21.8213353, 27.8 ], [ 47.92559, -21.8221994, 21.8 ], [ 47.9253057, -21.8228767, 18.8 ], [ 47.9252037, -21.8231779, 17.5 ], [ 47.9251662, -21.8233, 17.0 ], [ 47.9250562, -21.8235241, 17.2 ], [ 47.9248095, -21.8237905, 17.5 ], [ 47.9243883, -21.8241017, 18.0 ], [ 47.9238546, -21.8244055, 22.2 ], [ 47.9237822, -21.8244852, 23.0 ], [ 47.9237232, -21.8245723, 23.8 ], [ 47.9236829, -21.824657, 24.2 ], [ 47.9236534, -21.8247441, 24.5 ], [ 47.9232162, -21.8265319, 19.8 ], [ 47.9230499, -21.8272515, 17.8 ], [ 47.9229453, -21.8276499, 19.5 ], [ 47.9228675, -21.8280284, 23.0 ], [ 47.9227307, -21.828245, 25.0 ], [ 47.9225779, -21.8283894, 27.0 ], [ 47.9223579, -21.8284741, 27.5 ], [ 47.9220146, -21.828723, 28.5 ], [ 47.921572, -21.8289845, 26.8 ], [ 47.9207379, -21.8295223, 25.2 ], [ 47.9201961, -21.8298709, 27.8 ], [ 47.9198661, -21.8301697, 29.2 ], [ 47.9191312, -21.8307996, 28.5 ], [ 47.9185224, -21.8313947, 28.0 ], [ 47.917892, -21.8320146, 31.5 ], [ 47.9172564, -21.8327218, 37.0 ], [ 47.9171196, -21.8328487, 37.2 ], [ 47.9169747, -21.8329732, 36.8 ], [ 47.9168245, -21.8330878, 36.2 ], [ 47.9166636, -21.8331874, 36.0 ], [ 47.9159662, -21.8335011, 37.5 ], [ 47.9150757, -21.8339692, 41.2 ], [ 47.9149497, -21.8340214, 41.2 ], [ 47.9148209, -21.8340588, 41.1 ], [ 47.9146761, -21.8340912, 41.1 ], [ 47.9145178, -21.8341161, 41.0 ], [ 47.9143676, -21.834126, 40.5 ], [ 47.914212, -21.834131, 40.0 ], [ 47.9140699, -21.834131, 40.1 ], [ 47.9139304, -21.834126, 40.1 ], [ 47.9136515, -21.8341036, 40.2 ], [ 47.9124954, -21.8339716, 51.8 ], [ 47.912356, -21.8339542, 54.0 ], [ 47.9121655, -21.833877, 56.2 ], [ 47.9118383, -21.8337027, 58.2 ], [ 47.9117739, -21.8336803, 58.8 ], [ 47.9117122, -21.8336579, 59.2 ], [ 47.9116559, -21.833648, 59.8 ], [ 47.9115996, -21.833638, 60.2 ], [ 47.9114896, -21.833633, 61.2 ], [ 47.9112536, -21.833643, 62.5 ], [ 47.9111758, -21.833633, 62.4 ], [ 47.9111114, -21.8336206, 62.2 ], [ 47.910921, -21.8335658, 61.2 ], [ 47.9103979, -21.8334314, 59.2 ], [ 47.9102263, -21.8334114, 58.5 ], [ 47.90984, -21.8333766, 56.0 ], [ 47.909545, -21.8333318, 54.0 ], [ 47.9087913, -21.8331151, 50.0 ], [ 47.9087189, -21.8330878, 49.5 ], [ 47.9086465, -21.8330803, 49.2 ], [ 47.9085606, -21.8330803, 49.3 ], [ 47.9085016, -21.8330853, 49.4 ], [ 47.9084319, -21.8330952, 49.4 ], [ 47.9083541, -21.8331176, 49.5 ], [ 47.90822, -21.8331724, 50.0 ], [ 47.9077184, -21.8334986, 54.5 ], [ 47.9076272, -21.8335683, 55.2 ], [ 47.9075119, -21.8336206, 56.0 ], [ 47.9073724, -21.8336654, 57.0 ], [ 47.907241, -21.8336878, 57.8 ], [ 47.90557, -21.8337177, 55.5 ], [ 47.905283, -21.8337874, 53.2 ], [ 47.9050255, -21.8339567, 52.5 ], [ 47.9048163, -21.8342331, 53.2 ], [ 47.9046527, -21.8345543, 54.5 ], [ 47.904489, -21.8348829, 55.8 ], [ 47.9042208, -21.8353062, 56.8 ], [ 47.904076, -21.8354879, 56.5 ], [ 47.9039446, -21.8356523, 56.2 ], [ 47.903848, -21.8357444, 56.8 ], [ 47.9037032, -21.8358564, 57.2 ], [ 47.9035369, -21.8359685, 57.5 ], [ 47.9033625, -21.8360556, 56.3 ], [ 47.9024801, -21.8364291, 50.5 ], [ 47.9015467, -21.8367751, 43.2 ], [ 47.9013669, -21.8368299, 43.8 ], [ 47.9012811, -21.8368498, 44.2 ], [ 47.9012007, -21.8368598, 44.8 ], [ 47.9009083, -21.8368722, 47.2 ], [ 47.9007849, -21.8368872, 48.0 ], [ 47.9006749, -21.8369121, 48.5 ], [ 47.9005837, -21.8369444, 48.4 ], [ 47.9004979, -21.8369868, 48.2 ], [ 47.9003987, -21.8370465, 47.8 ], [ 47.90016, -21.8374026, 43.5 ], [ 47.8989691, -21.8392225, 32.2 ], [ 47.8988296, -21.8394367, 32.6 ], [ 47.8987008, -21.8396383, 33.0 ], [ 47.8985775, -21.8397952, 33.8 ], [ 47.8984836, -21.8399794, 34.1 ], [ 47.8983682, -21.8401935, 34.5 ], [ 47.898261, -21.8405471, 34.2 ], [ 47.8981671, -21.8408209, 33.3 ], [ 47.8981671, -21.8409006, 33.0 ], [ 47.8982073, -21.8411321, 32.9 ], [ 47.8982824, -21.8413786, 32.8 ], [ 47.8983924, -21.8416002, 33.0 ], [ 47.8984514, -21.8417197, 33.0 ], [ 47.8992561, -21.8426658, 34.2 ], [ 47.8994867, -21.8429795, 33.8 ], [ 47.8995672, -21.8431338, 33.5 ], [ 47.8996316, -21.8432956, 33.0 ], [ 47.8999481, -21.8443513, 29.5 ], [ 47.9001465, -21.845011, 28.5 ], [ 47.9001948, -21.8451156, 29.0 ], [ 47.9002485, -21.8452127, 29.2 ], [ 47.9002941, -21.8452724, 29.5 ], [ 47.9006562, -21.8457529, 31.2 ], [ 47.9007339, -21.8458923, 31.5 ], [ 47.9007983, -21.8460417, 32.0 ], [ 47.9008225, -21.8461487, 32.2 ], [ 47.9008359, -21.8462633, 32.3 ], [ 47.9008359, -21.8463828, 32.4 ], [ 47.9008225, -21.8465023, 32.5 ], [ 47.9007661, -21.8466492, 33.0 ], [ 47.9006964, -21.8467911, 33.5 ], [ 47.9005864, -21.8469554, 34.2 ], [ 47.8996503, -21.8480757, 31.0 ], [ 47.8995243, -21.848362, 30.5 ], [ 47.8994867, -21.8485562, 30.0 ], [ 47.8994733, -21.8486533, 29.8 ], [ 47.8994679, -21.8487553, 29.7 ], [ 47.8994706, -21.8489545, 29.5 ], [ 47.8995833, -21.8498208, 27.8 ], [ 47.8996047, -21.8500499, 27.0 ], [ 47.8996074, -21.8501495, 27.1 ], [ 47.8995752, -21.8502789, 27.2 ], [ 47.8994974, -21.8504806, 27.1 ], [ 47.8993848, -21.8506449, 27.0 ], [ 47.8992051, -21.8508415, 27.1 ], [ 47.8989047, -21.851093, 27.2 ], [ 47.8979981, -21.8518398, 26.5 ], [ 47.8973383, -21.8523975, 25.8 ], [ 47.8968984, -21.8528207, 25.1 ], [ 47.8968742, -21.852878, 25.0 ], [ 47.8967348, -21.8530995, 25.2 ], [ 47.8967187, -21.8532016, 25.2 ], [ 47.8966624, -21.8535053, 26.5 ], [ 47.8966704, -21.853921, 27.0 ], [ 47.8967535, -21.8542098, 27.8 ], [ 47.8968179, -21.8543592, 28.0 ], [ 47.8969279, -21.8545733, 28.5 ], [ 47.8970781, -21.85475, 29.5 ], [ 47.8972498, -21.8549019, 29.8 ], [ 47.8973463, -21.8549691, 30.0 ], [ 47.8974563, -21.8550288, 30.5 ], [ 47.8989583, -21.8555666, 26.5 ], [ 47.9000393, -21.8559176, 24.8 ], [ 47.9001331, -21.8559922, 24.8 ], [ 47.9001921, -21.8560445, 24.8 ], [ 47.9002538, -21.8561317, 24.9 ], [ 47.9003102, -21.8562213, 24.9 ], [ 47.9003638, -21.856398, 25.0 ], [ 47.9003745, -21.8566171, 25.0 ], [ 47.9004148, -21.8569283, 25.0 ], [ 47.9004255, -21.8569656, 25.0 ], [ 47.9004389, -21.8570029, 25.0 ], [ 47.9004818, -21.8570677, 25.0 ], [ 47.9009056, -21.8575705, 25.2 ], [ 47.9009727, -21.8576278, 25.4 ], [ 47.9012007, -21.8578394, 26.1 ], [ 47.9016647, -21.8583173, 27.5 ], [ 47.9020241, -21.8586161, 30.5 ], [ 47.9022816, -21.858753, 31.8 ], [ 47.9025605, -21.8588625, 31.1 ], [ 47.9028019, -21.8589969, 30.5 ], [ 47.9028958, -21.859099, 30.6 ], [ 47.9030219, -21.8592932, 30.8 ], [ 47.9031587, -21.8595521, 30.5 ], [ 47.9034376, -21.8600425, 29.5 ], [ 47.9036066, -21.8604383, 28.2 ], [ 47.9037997, -21.8610656, 25.0 ], [ 47.9038346, -21.8611925, 24.6 ], [ 47.903848, -21.8613568, 24.0 ], [ 47.9038587, -21.8614465, 24.0 ], [ 47.9039794, -21.8619269, 24.8 ], [ 47.9040089, -21.8620663, 25.5 ], [ 47.9039875, -21.8624696, 26.8 ], [ 47.9039124, -21.8628853, 29.0 ], [ 47.903797, -21.8636047, 32.0 ], [ 47.9038024, -21.8637267, 32.1 ], [ 47.9038024, -21.8637939, 32.2 ], [ 47.9038265, -21.8639109, 32.2 ], [ 47.903848, -21.8640055, 32.2 ], [ 47.9038909, -21.8641075, 32.0 ], [ 47.9039794, -21.8643739, 31.8 ], [ 47.9042181, -21.8648867, 31.0 ], [ 47.9042798, -21.8650584, 31.2 ], [ 47.9042986, -21.8651406, 31.3 ], [ 47.904304, -21.8651879, 31.3 ], [ 47.9043067, -21.8652451, 31.4 ], [ 47.9043067, -21.8653049, 31.4 ], [ 47.9042932, -21.8653596, 31.4 ], [ 47.9042611, -21.8654741, 31.5 ], [ 47.9041055, -21.8657878, 31.8 ], [ 47.9038748, -21.8661861, 32.0 ], [ 47.9036012, -21.8666615, 31.8 ], [ 47.9033357, -21.867132, 32.2 ], [ 47.9033142, -21.8671718, 32.5 ], [ 47.9032552, -21.8672813, 33.0 ], [ 47.9032204, -21.8674008, 33.2 ], [ 47.9031882, -21.8675203, 33.5 ], [ 47.9031399, -21.8679086, 35.5 ], [ 47.9030943, -21.8680754, 36.0 ], [ 47.9030594, -21.8681575, 36.1 ], [ 47.9030246, -21.8682173, 36.1 ], [ 47.902995, -21.868282, 36.1 ], [ 47.9029307, -21.8683467, 36.2 ], [ 47.902869, -21.8684015, 36.2 ], [ 47.9022118, -21.8689541, 43.0 ], [ 47.9021206, -21.8690511, 44.2 ], [ 47.902067, -21.8691059, 45.0 ], [ 47.9020321, -21.8691706, 45.8 ], [ 47.9020187, -21.8692204, 46.2 ], [ 47.9020134, -21.8692976, 47.0 ], [ 47.9020268, -21.8694195, 48.2 ], [ 47.9020992, -21.869778, 50.2 ], [ 47.9021233, -21.8699348, 50.5 ], [ 47.9021206, -21.8701663, 50.2 ], [ 47.902067, -21.8703953, 50.0 ], [ 47.9019007, -21.870811, 49.5 ], [ 47.901839, -21.8709429, 48.8 ], [ 47.9017505, -21.8710574, 47.8 ], [ 47.9016539, -21.8711644, 46.5 ], [ 47.9015359, -21.8712441, 46.0 ], [ 47.901316, -21.8714009, 45.0 ], [ 47.9007179, -21.8716797, 49.0 ], [ 47.9005677, -21.8717768, 51.0 ], [ 47.9004309, -21.8718813, 52.8 ], [ 47.9003799, -21.8719834, 53.8 ], [ 47.9003075, -21.8721103, 55.0 ], [ 47.9002753, -21.8722273, 55.8 ], [ 47.9002672, -21.8724936, 55.2 ], [ 47.9002512, -21.8728172, 54.2 ], [ 47.9002297, -21.8729965, 53.2 ], [ 47.9001948, -21.8731334, 52.5 ], [ 47.9001224, -21.8733648, 51.2 ], [ 47.899991, -21.8736362, 49.2 ], [ 47.8998381, -21.8738552, 47.2 ], [ 47.8997228, -21.8739722, 46.2 ], [ 47.8996289, -21.8740668, 45.2 ], [ 47.8993097, -21.8743007, 41.8 ], [ 47.8990039, -21.8745297, 39.2 ], [ 47.8987679, -21.8747289, 39.4 ], [ 47.8986338, -21.8748857, 39.5 ], [ 47.8984568, -21.8751495, 39.6 ], [ 47.8983602, -21.8753561, 39.8 ], [ 47.8982905, -21.8755876, 39.5 ], [ 47.898261, -21.875844, 39.2 ], [ 47.8982154, -21.8765783, 37.0 ], [ 47.8981671, -21.8772329, 35.2 ], [ 47.8980786, -21.8776386, 35.8 ], [ 47.8979203, -21.8780443, 35.2 ], [ 47.8973436, -21.8794531, 35.0 ], [ 47.8968555, -21.8805682, 36.8 ], [ 47.8965577, -21.881275, 39.0 ], [ 47.8963727, -21.8816583, 40.0 ], [ 47.8962573, -21.8819794, 39.8 ], [ 47.896142, -21.8822507, 39.5 ], [ 47.8961018, -21.8824672, 39.4 ], [ 47.8960428, -21.8827485, 39.2 ], [ 47.8960186, -21.8830422, 39.0 ], [ 47.896032, -21.8838735, 37.2 ], [ 47.896024, -21.8839382, 37.0 ], [ 47.8960133, -21.8842369, 36.0 ], [ 47.8960535, -21.8844335, 35.5 ], [ 47.8960964, -21.8846028, 35.6 ], [ 47.8961259, -21.8847396, 35.8 ], [ 47.8961635, -21.8848666, 36.0 ], [ 47.8962064, -21.8849537, 36.1 ], [ 47.8962466, -21.8850209, 36.2 ], [ 47.8962734, -21.8850682, 36.2 ], [ 47.8963378, -21.8851752, 36.4 ], [ 47.8963995, -21.8852897, 36.5 ], [ 47.8965256, -21.8854415, 37.5 ], [ 47.896708, -21.8856282, 38.8 ], [ 47.8973356, -21.8861708, 40.0 ], [ 47.8979659, -21.8867333, 40.8 ], [ 47.8986311, -21.8872634, 42.5 ], [ 47.8987303, -21.8873978, 42.4 ], [ 47.8988484, -21.8875471, 42.3 ], [ 47.8989261, -21.8876765, 42.2 ], [ 47.8989932, -21.8878458, 41.2 ], [ 47.8990629, -21.8880598, 40.2 ], [ 47.8990468, -21.8884307, 38.2 ], [ 47.899012, -21.8886547, 37.2 ], [ 47.8988913, -21.8891549, 36.8 ], [ 47.8988484, -21.8894138, 37.0 ], [ 47.8988618, -21.889588, 37.2 ], [ 47.8988618, -21.8898344, 37.4 ], [ 47.8988966, -21.8904889, 38.0 ], [ 47.8989261, -21.8911211, 39.0 ], [ 47.8989717, -21.892587, 39.4 ], [ 47.8989932, -21.8927512, 39.5 ], [ 47.8990307, -21.8928657, 39.8 ], [ 47.8990763, -21.8930424, 39.9 ], [ 47.8991193, -21.8931893, 40.0 ], [ 47.899197, -21.8933336, 40.5 ], [ 47.8995109, -21.8937443, 41.0 ], [ 47.8999588, -21.8941002, 41.8 ], [ 47.9002753, -21.8944859, 42.0 ], [ 47.900632, -21.8949662, 42.2 ], [ 47.9008788, -21.8952923, 42.0 ], [ 47.9018095, -21.8962728, 47.5 ], [ 47.9022279, -21.8966884, 52.2 ], [ 47.9027027, -21.8970418, 56.0 ], [ 47.9030246, -21.8972857, 56.2 ], [ 47.903215, -21.8974251, 55.5 ], [ 47.9033893, -21.8975819, 54.0 ], [ 47.9035369, -21.8977511, 52.0 ], [ 47.9036576, -21.8979378, 49.5 ], [ 47.9037648, -21.8981841, 47.0 ], [ 47.9039016, -21.8984629, 46.5 ], [ 47.9040331, -21.8987615, 47.2 ], [ 47.9041082, -21.8989133, 49.0 ], [ 47.9041484, -21.8990104, 50.2 ], [ 47.9042101, -21.8990975, 51.5 ], [ 47.9042852, -21.8991796, 52.8 ], [ 47.9044569, -21.8993538, 56.8 ], [ 47.9053769, -21.8999536, 64.8 ], [ 47.9058596, -21.9002622, 65.8 ], [ 47.9063666, -21.9005135, 65.2 ], [ 47.9068092, -21.9009391, 66.5 ], [ 47.9068923, -21.9009988, 66.0 ], [ 47.9069781, -21.9010461, 65.5 ], [ 47.907072, -21.9010884, 65.2 ], [ 47.9071766, -21.9011183, 65.4 ], [ 47.9072732, -21.9011382, 65.5 ], [ 47.9073751, -21.9011456, 66.0 ], [ 47.9075789, -21.9011481, 67.5 ], [ 47.9083997, -21.9010909, 82.5 ], [ 47.9085526, -21.9010959, 86.8 ], [ 47.9086331, -21.9011058, 89.0 ], [ 47.9086974, -21.9011357, 90.8 ], [ 47.9087591, -21.901173, 92.8 ], [ 47.9087859, -21.9012253, 93.2 ], [ 47.9088181, -21.9012975, 93.8 ], [ 47.9088342, -21.9013696, 93.5 ], [ 47.9088181, -21.9014941, 91.2 ], [ 47.9088101, -21.9016185, 89.2 ], [ 47.9086384, -21.902711, 76.0 ], [ 47.9085821, -21.9030768, 71.5 ], [ 47.908574, -21.9031788, 70.5 ], [ 47.9085794, -21.9032834, 70.2 ], [ 47.9086384, -21.9035695, 71.2 ], [ 47.9086787, -21.903679, 72.2 ], [ 47.908684, -21.9037438, 72.0 ], [ 47.9086867, -21.9037711, 71.9 ], [ 47.9086867, -21.9038483, 71.5 ], [ 47.908676, -21.9039329, 70.5 ], [ 47.9085714, -21.9041992, 65.8 ], [ 47.9084077, -21.9044978, 60.8 ], [ 47.9083541, -21.9046073, 59.2 ], [ 47.9083487, -21.9047541, 59.1 ], [ 47.9083407, -21.9049781, 58.8 ], [ 47.9083541, -21.9052842, 57.5 ], [ 47.9083809, -21.9054584, 56.5 ], [ 47.9084051, -21.9056201, 55.2 ], [ 47.9085231, -21.9060083, 54.8 ], [ 47.9085526, -21.9060905, 55.0 ], [ 47.908574, -21.9061726, 54.9 ], [ 47.9085821, -21.9062522, 54.8 ], [ 47.9085821, -21.9063343, 54.5 ], [ 47.9085714, -21.906414, 54.0 ], [ 47.9085499, -21.9064837, 53.5 ], [ 47.9084828, -21.9066131, 52.5 ], [ 47.9080322, -21.9070585, 48.8 ], [ 47.9079437, -21.9071506, 48.0 ], [ 47.9078794, -21.9072526, 47.5 ], [ 47.9077533, -21.907708, 46.2 ], [ 47.9076728, -21.9079419, 44.5 ], [ 47.9076594, -21.9081236, 44.2 ], [ 47.9076836, -21.9082779, 44.0 ], [ 47.9077506, -21.9084147, 44.1 ], [ 47.9080161, -21.908798, 44.2 ], [ 47.9082307, -21.9091016, 42.5 ], [ 47.9084185, -21.9093579, 41.8 ], [ 47.9085204, -21.9094574, 41.5 ], [ 47.9086465, -21.9095495, 41.6 ], [ 47.9089737, -21.9097312, 42.0 ], [ 47.9093572, -21.9098879, 41.5 ], [ 47.9094645, -21.9099452, 41.6 ], [ 47.9095691, -21.9100148, 41.8 ], [ 47.9097515, -21.9101691, 42.2 ], [ 47.9098374, -21.9102488, 42.0 ], [ 47.9099125, -21.9103383, 41.8 ], [ 47.9100439, -21.9105325, 41.5 ], [ 47.9104221, -21.9114183, 40.2 ], [ 47.9106313, -21.9119807, 39.5 ], [ 47.9107547, -21.9123042, 40.2 ], [ 47.9108217, -21.9125232, 40.5 ], [ 47.9108781, -21.9127422, 39.9 ], [ 47.9109854, -21.913312, 38.5 ], [ 47.9113501, -21.9147727, 38.8 ], [ 47.9114038, -21.914937, 38.8 ], [ 47.911436, -21.9150141, 38.9 ], [ 47.9114762, -21.9150838, 38.9 ], [ 47.9116318, -21.9152853, 39.0 ], [ 47.9120475, -21.9156909, 39.2 ], [ 47.9125866, -21.9161687, 39.0 ], [ 47.9137158, -21.91697, 34.0 ], [ 47.9138339, -21.9170471, 33.4 ], [ 47.9139036, -21.9170944, 33.0 ], [ 47.914086, -21.9171889, 32.5 ], [ 47.914263, -21.9173532, 32.0 ], [ 47.9143354, -21.9174378, 31.9 ], [ 47.9143891, -21.9175323, 31.8 ], [ 47.9144588, -21.9176543, 31.8 ], [ 47.9145554, -21.9177936, 31.5 ], [ 47.9145446, -21.9181022, 30.2 ], [ 47.9145125, -21.9185302, 28.5 ], [ 47.9144427, -21.9189507, 28.0 ], [ 47.9144239, -21.9191, 28.2 ], [ 47.9144427, -21.9192368, 28.8 ], [ 47.914499, -21.9193787, 29.0 ], [ 47.9145393, -21.9194956, 29.2 ], [ 47.9148504, -21.9199808, 31.5 ], [ 47.9149845, -21.9201799, 33.2 ], [ 47.9150543, -21.9203466, 34.8 ], [ 47.9153198, -21.9211528, 38.0 ], [ 47.9153708, -21.9212822, 38.2 ], [ 47.9154459, -21.9214017, 38.5 ], [ 47.9155263, -21.9215062, 38.6 ], [ 47.9156497, -21.9215982, 38.8 ], [ 47.9162022, -21.9219192, 39.2 ], [ 47.9163793, -21.9220436, 38.0 ], [ 47.9166207, -21.9222676, 35.0 ], [ 47.9168889, -21.9226309, 31.0 ], [ 47.9169559, -21.9227528, 30.5 ], [ 47.9170069, -21.9228797, 30.2 ], [ 47.9171491, -21.9236311, 26.5 ], [ 47.9172081, -21.9238302, 26.2 ], [ 47.9172939, -21.9240293, 26.0 ], [ 47.918694, -21.9262015, 27.1 ], [ 47.9188979, -21.9264254, 27.2 ], [ 47.9190856, -21.9265448, 28.5 ], [ 47.9192841, -21.9266195, 29.2 ], [ 47.9197294, -21.9266991, 31.8 ], [ 47.9199359, -21.9267514, 32.8 ], [ 47.9201022, -21.9268409, 32.8 ], [ 47.9202202, -21.9269454, 32.9 ], [ 47.9203221, -21.9270549, 33.0 ], [ 47.920357, -21.9271196, 32.8 ], [ 47.9204053, -21.9272216, 32.5 ], [ 47.920424, -21.9273112, 32.2 ], [ 47.9205179, -21.9275302, 32.5 ], [ 47.9205796, -21.9277765, 32.2 ], [ 47.9206762, -21.9280502, 31.2 ], [ 47.9207459, -21.9281945, 30.8 ], [ 47.9207674, -21.9282492, 30.7 ], [ 47.921218, -21.9285727, 29.8 ], [ 47.9219314, -21.929145, 28.8 ], [ 47.9222399, -21.9294162, 30.0 ], [ 47.9225457, -21.9297695, 32.0 ], [ 47.9228756, -21.9302298, 30.8 ], [ 47.9230687, -21.9305085, 28.2 ], [ 47.9231653, -21.9306777, 27.0 ], [ 47.9232565, -21.9308742, 25.8 ], [ 47.9234442, -21.9311827, 25.2 ], [ 47.9235703, -21.931327, 24.8 ], [ 47.9239538, -21.9317426, 25.0 ], [ 47.9250294, -21.9330463, 22.5 ], [ 47.9255229, -21.9336534, 26.2 ], [ 47.9258394, -21.9339445, 27.5 ], [ 47.9260674, -21.934054, 28.2 ], [ 47.9263356, -21.9341112, 29.5 ], [ 47.9265878, -21.934151, 30.0 ], [ 47.9274917, -21.9342306, 27.5 ], [ 47.9276553, -21.934253, 26.2 ], [ 47.9278162, -21.9342978, 25.2 ], [ 47.9279852, -21.934365, 24.2 ], [ 47.9281515, -21.9344521, 23.2 ], [ 47.9293236, -21.9353776, 19.5 ], [ 47.9307318, -21.9364325, 26.8 ], [ 47.9310456, -21.9366341, 28.2 ], [ 47.9315552, -21.9369202, 28.8 ], [ 47.9317886, -21.9370769, 28.2 ], [ 47.9320273, -21.9372063, 27.2 ], [ 47.9323196, -21.9375173, 24.5 ], [ 47.9326496, -21.9378631, 24.0 ], [ 47.9334542, -21.9387016, 20.8 ], [ 47.9347175, -21.9397117, 20.1 ], [ 47.9349026, -21.9399232, 20.0 ], [ 47.9349884, -21.9400526, 20.2 ], [ 47.9353371, -21.9407044, 19.5 ], [ 47.9354846, -21.9409283, 19.0 ], [ 47.9356, -21.9410253, 18.8 ], [ 47.9357368, -21.9411099, 18.2 ], [ 47.9359192, -21.9411871, 17.8 ], [ 47.9361525, -21.9412617, 18.0 ], [ 47.9364288, -21.9413463, 18.5 ], [ 47.9369143, -21.941513, 19.0 ], [ 47.9374078, -21.9415603, 20.8 ], [ 47.9376653, -21.9415329, 21.8 ], [ 47.9380837, -21.9414483, 23.5 ], [ 47.9384351, -21.9413687, 23.8 ], [ 47.9387274, -21.9413413, 23.0 ], [ 47.9396421, -21.9413413, 25.0 ], [ 47.9397869, -21.9413662, 25.8 ], [ 47.9399076, -21.9414135, 27.0 ], [ 47.9400632, -21.9414856, 29.0 ], [ 47.9402241, -21.9415926, 31.5 ], [ 47.9403099, -21.9416722, 33.0 ], [ 47.9403904, -21.9417618, 34.5 ], [ 47.9404548, -21.9418638, 36.0 ], [ 47.9405004, -21.9419782, 37.5 ], [ 47.9406452, -21.9427967, 42.2 ], [ 47.9407176, -21.9431202, 43.0 ], [ 47.9409966, -21.9438143, 46.0 ], [ 47.9411012, -21.9440382, 46.2 ], [ 47.9411736, -21.9441825, 45.8 ], [ 47.9413372, -21.9443666, 44.8 ], [ 47.9418093, -21.9447, 40.2 ], [ 47.9419675, -21.9448119, 39.0 ], [ 47.9421312, -21.9449562, 37.2 ], [ 47.9421955, -21.9450806, 36.8 ], [ 47.9422438, -21.9451901, 36.5 ], [ 47.9422706, -21.9453443, 36.4 ], [ 47.9422626, -21.9455384, 36.2 ], [ 47.9421741, -21.9457474, 36.0 ], [ 47.9420373, -21.9461603, 34.5 ], [ 47.9419407, -21.9464962, 34.4 ], [ 47.9419166, -21.9466206, 34.4 ], [ 47.9419005, -21.9467873, 34.4 ], [ 47.9419434, -21.9469938, 34.3 ], [ 47.9420587, -21.9472973, 34.2 ], [ 47.9421151, -21.9475038, 34.0 ], [ 47.9421526, -21.9477252, 33.5 ], [ 47.9421875, -21.9481705, 31.5 ], [ 47.9422009, -21.9482725, 31.2 ], [ 47.9423001, -21.9487452, 30.0 ], [ 47.9423484, -21.9488845, 29.7 ], [ 47.9424074, -21.9490014, 29.5 ], [ 47.942571, -21.9492378, 29.0 ], [ 47.9426783, -21.9493771, 28.2 ], [ 47.9429787, -21.949795, 26.5 ], [ 47.9433945, -21.9503249, 26.1 ], [ 47.9438639, -21.9508921, 25.8 ], [ 47.9439604, -21.951034, 25.0 ], [ 47.9440302, -21.9511832, 24.5 ], [ 47.9440704, -21.9513499, 23.8 ], [ 47.9440919, -21.9515166, 23.0 ], [ 47.9441079, -21.9518549, 21.5 ], [ 47.9441428, -21.9528848, 17.8 ], [ 47.9441804, -21.9530988, 17.0 ], [ 47.9442313, -21.9532729, 16.5 ], [ 47.9442984, -21.9533948, 16.2 ], [ 47.9443467, -21.9534645, 16.3 ], [ 47.9443949, -21.9535117, 16.3 ], [ 47.9444647, -21.9535839, 16.4 ], [ 47.94458, -21.953671, 16.4 ], [ 47.9447678, -21.9537729, 16.5 ], [ 47.9453525, -21.9539993, 15.8 ], [ 47.9467204, -21.9545292, 14.5 ], [ 47.9468626, -21.9545914, 14.8 ], [ 47.9470852, -21.9547133, 15.8 ], [ 47.9473695, -21.9549894, 17.0 ], [ 47.9478925, -21.9556437, 16.5 ], [ 47.9489359, -21.956987, 12.8 ], [ 47.9490218, -21.957186, 12.8 ], [ 47.9490861, -21.9573875, 12.8 ], [ 47.9491398, -21.9575866, 12.8 ], [ 47.9491559, -21.957803, 12.9 ], [ 47.9491425, -21.957992, 12.9 ], [ 47.9491237, -21.9582408, 12.9 ], [ 47.9490647, -21.9585916, 13.0 ], [ 47.9490513, -21.9589796, 14.5 ], [ 47.9490352, -21.9594025, 14.8 ], [ 47.9490513, -21.9595568, 14.5 ], [ 47.9490888, -21.959711, 14.2 ], [ 47.9491532, -21.9598976, 13.2 ], [ 47.9492766, -21.9601339, 12.0 ], [ 47.9494268, -21.9603229, 10.8 ], [ 47.9495797, -21.9604797, 10.0 ], [ 47.9497889, -21.9606264, 9.2 ], [ 47.9500517, -21.9607533, 8.8 ], [ 47.9501992, -21.9607981, 9.2 ], [ 47.9503548, -21.9608329, 10.0 ], [ 47.950902, -21.9608851, 10.8 ], [ 47.951543, -21.9609647, 11.0 ], [ 47.9518381, -21.9610717, 11.2 ], [ 47.9521573, -21.9612483, 11.0 ], [ 47.9523155, -21.9613777, 10.8 ], [ 47.952463, -21.961517, 10.7 ], [ 47.9526669, -21.9617707, 10.4 ], [ 47.9527983, -21.9620269, 10.2 ], [ 47.9529056, -21.9623006, 10.0 ], [ 47.9531497, -21.9629697, 9.8 ], [ 47.9533052, -21.9633951, 9.0 ], [ 47.9535466, -21.9640543, 9.3 ], [ 47.9540294, -21.965298, 9.8 ], [ 47.9541689, -21.9656886, 10.0 ], [ 47.9542279, -21.9658677, 9.9 ], [ 47.9543325, -21.9661712, 9.6 ], [ 47.9543594, -21.9663254, 9.5 ], [ 47.9543701, -21.9664746, 9.0 ], [ 47.9543647, -21.9666189, 8.8 ], [ 47.9542977, -21.9669696, 8.9 ], [ 47.954236, -21.9671363, 8.9 ], [ 47.9541448, -21.9673328, 9.0 ], [ 47.9540294, -21.9675169, 9.1 ], [ 47.9538819, -21.967701, 9.1 ], [ 47.9537317, -21.9678602, 9.2 ], [ 47.9535922, -21.967997, 9.2 ], [ 47.9532865, -21.9682109, 10.0 ], [ 47.9528224, -21.9685318, 8.8 ], [ 47.9525596, -21.9688004, 8.9 ], [ 47.9524335, -21.9689969, 9.0 ], [ 47.952337, -21.969171, 9.2 ], [ 47.9523075, -21.9692382, 9.2 ], [ 47.9522377, -21.9695068, 9.5 ], [ 47.9522136, -21.9697805, 9.8 ], [ 47.9522163, -21.9699173, 10.2 ], [ 47.952227, -21.9700491, 10.8 ], [ 47.9522485, -21.9701785, 11.2 ], [ 47.9522833, -21.9703053, 11.8 ], [ 47.9524389, -21.9706933, 13.0 ], [ 47.9528171, -21.9712157, 12.6 ], [ 47.9529029, -21.971355, 12.5 ], [ 47.952978, -21.9715018, 12.0 ], [ 47.9530317, -21.9716435, 11.8 ], [ 47.9530665, -21.9717828, 11.6 ], [ 47.9534528, -21.9736484, 10.0 ], [ 47.9536352, -21.9745165, 11.2 ], [ 47.9537827, -21.9753547, 11.0 ], [ 47.9539114, -21.9757651, 10.0 ], [ 47.9539168, -21.9758546, 10.0 ], [ 47.9539114, -21.9759417, 9.9 ], [ 47.9539034, -21.9760238, 9.9 ], [ 47.9538819, -21.9761009, 9.8 ], [ 47.9531524, -21.9776331, 9.0 ], [ 47.9520553, -21.9790981, 9.4 ], [ 47.9518971, -21.9792423, 9.5 ], [ 47.9517254, -21.9793617, 10.2 ], [ 47.9512426, -21.9796403, 10.8 ], [ 47.9509315, -21.9798965, 11.0 ], [ 47.9508188, -21.9800656, 10.2 ], [ 47.950792, -21.9801054, 10.0 ], [ 47.9507223, -21.9803342, 9.8 ], [ 47.9507411, -21.9806601, 9.0 ], [ 47.9510173, -21.9815679, 10.0 ], [ 47.9510924, -21.9818117, 10.2 ], [ 47.9511622, -21.9820455, 10.4 ], [ 47.9512104, -21.982237, 10.6 ], [ 47.9512319, -21.9824981, 10.8 ], [ 47.9512212, -21.9826474, 10.9 ], [ 47.9512024, -21.9827916, 10.9 ], [ 47.9511836, -21.9829906, 11.0 ], [ 47.9511648, -21.9831746, 11.0 ], [ 47.9510871, -21.9847664, 10.2 ], [ 47.9510844, -21.9849505, 10.2 ], [ 47.9511139, -21.9851271, 10.1 ], [ 47.9511166, -21.9851594, 10.0 ], [ 47.9511219, -21.9852116, 10.0 ], [ 47.9511273, -21.9853062, 10.0 ], [ 47.9512185, -21.985632, 9.8 ], [ 47.9516959, -21.9870372, 9.1 ], [ 47.9517764, -21.9872486, 9.0 ], [ 47.9519588, -21.9877361, 9.8 ], [ 47.9524362, -21.9890269, 11.8 ], [ 47.953214, -21.9911136, 15.5 ], [ 47.953257, -21.9912901, 14.8 ], [ 47.9533294, -21.9914866, 14.2 ], [ 47.9533911, -21.9916856, 13.8 ], [ 47.953485, -21.991994, 12.5 ], [ 47.9536244, -21.9926033, 11.8 ], [ 47.9538095, -21.9934464, 13.8 ], [ 47.9541662, -21.9950828, 16.5 ], [ 47.954244, -21.995431, 17.0 ], [ 47.954362, -21.995722, 16.8 ], [ 47.9546598, -21.9961821, 16.2 ], [ 47.9548609, -21.9964258, 16.8 ], [ 47.9555637, -21.9972813, 16.5 ], [ 47.9566339, -21.9986516, 14.0 ], [ 47.9570174, -21.999144, 14.5 ], [ 47.9571918, -21.9993281, 14.2 ], [ 47.9573178, -21.9994897, 14.0 ], [ 47.9577577, -21.9997434, 13.5 ], [ 47.9584765, -22.0002184, 11.5 ], [ 47.9592758, -22.0010167, 10.2 ], [ 47.9605472, -22.0028943, 12.8 ], [ 47.9606384, -22.0030285, 12.7 ], [ 47.9608691, -22.0033668, 12.5 ], [ 47.9610461, -22.0037373, 12.2 ], [ 47.9611722, -22.0040904, 11.8 ], [ 47.9611588, -22.0041874, 11.5 ], [ 47.9611507, -22.0042645, 11.2 ], [ 47.9611453, -22.0043441, 10.8 ], [ 47.9611614, -22.0044137, 10.2 ], [ 47.9612365, -22.0045803, 9.2 ], [ 47.9612929, -22.0047146, 9.1 ], [ 47.9613894, -22.0049136, 8.9 ], [ 47.9615396, -22.0052045, 8.6 ], [ 47.9616871, -22.0054781, 8.2 ], [ 47.9619902, -22.0061843, 7.2 ], [ 47.9620224, -22.0063285, 6.8 ], [ 47.9621109, -22.0065524, 6.0 ], [ 47.9623872, -22.0072387, 4.0 ], [ 47.9626393, -22.0078654, 4.9 ], [ 47.9627252, -22.0081439, 5.2 ], [ 47.9627842, -22.0084199, 5.8 ], [ 47.9627949, -22.0085865, 6.0 ], [ 47.9627922, -22.0088228, 6.2 ], [ 47.9628083, -22.0090267, 6.2 ], [ 47.9626957, -22.009539, 6.2 ], [ 47.9625133, -22.0110733, 6.0 ], [ 47.9624999, -22.0111827, 6.0 ], [ 47.9624784, -22.0117173, 6.8 ], [ 47.9624704, -22.0118765, 7.2 ], [ 47.9624596, -22.0122395, 8.0 ], [ 47.9626018, -22.0128115, 7.8 ], [ 47.9628432, -22.0133013, 8.2 ], [ 47.9639053, -22.0147287, 8.0 ], [ 47.9639697, -22.0148132, 7.6 ], [ 47.9640743, -22.014955, 7.0 ], [ 47.9642084, -22.0151265, 6.7 ], [ 47.9642835, -22.0152335, 6.5 ], [ 47.9645652, -22.0156015, 5.8 ], [ 47.9651016, -22.0163276, 6.2 ], [ 47.966212, -22.0178046, 6.9 ], [ 47.9664347, -22.0181005, 7.0 ], [ 47.9664883, -22.0181627, 6.9 ], [ 47.966601, -22.0182995, 6.8 ], [ 47.9674056, -22.0191698, 6.1 ], [ 47.967521, -22.019304, 6.0 ], [ 47.968677, -22.0206642, 6.0 ], [ 47.9687521, -22.0207537, 6.0 ], [ 47.9689586, -22.0209874, 6.0 ], [ 47.9691732, -22.0212435, 6.1 ], [ 47.9693207, -22.0214524, 6.1 ], [ 47.9693958, -22.0216066, 6.2 ], [ 47.9694548, -22.0217135, 6.2 ], [ 47.9695004, -22.0218005, 6.2 ], [ 47.9695326, -22.0218776, 6.2 ], [ 47.9695648, -22.0220367, 6.2 ], [ 47.9695702, -22.0221611, 6.2 ], [ 47.9695192, -22.0229866, 7.2 ], [ 47.9694253, -22.0238817, 7.7 ], [ 47.9694039, -22.0241503, 7.9 ], [ 47.9694441, -22.0245605, 8.1 ], [ 47.969479, -22.0246799, 8.2 ], [ 47.9695138, -22.0247793, 8.2 ], [ 47.9695809, -22.0249683, 7.8 ], [ 47.9697606, -22.0252766, 7.5 ], [ 47.9699001, -22.0254905, 7.3 ], [ 47.9700074, -22.0256496, 7.2 ], [ 47.9701683, -22.0258883, 7.0 ], [ 47.970643, -22.0268083, 6.5 ], [ 47.9712009, -22.02787, 6.1 ], [ 47.97126, -22.0279843, 6.0 ], [ 47.9712975, -22.028049, 5.8 ], [ 47.9713377, -22.0281236, 5.5 ], [ 47.9728559, -22.0309009, 5.2 ], [ 47.9735371, -22.0321416, 5.0 ], [ 47.9736096, -22.0322883, 5.0 ], [ 47.9736391, -22.0323405, 5.0 ], [ 47.9736578, -22.0323728, 5.0 ], [ 47.9748166, -22.0343842, 4.0 ], [ 47.9751062, -22.0349188, 3.7 ], [ 47.9759163, -22.0363931, 3.0 ], [ 47.9766136, -22.0376984, 4.2 ], [ 47.9775015, -22.0393567, 5.2 ], [ 47.9780674, -22.0403736, 5.0 ], [ 47.9780915, -22.0404208, 5.0 ], [ 47.9781801, -22.0405824, 5.0 ], [ 47.9782283, -22.0406694, 5.0 ], [ 47.9809615, -22.0457412, 6.0 ], [ 47.9820397, -22.0477151, 6.3 ], [ 47.9830322, -22.0495299, 6.5 ], [ 47.9850519, -22.0532241, 4.2 ], [ 47.9852101, -22.0535075, 4.0 ], [ 47.9852772, -22.0536169, 4.2 ], [ 47.9867926, -22.0563887, 6.0 ], [ 47.9868704, -22.0565205, 6.2 ], [ 47.9868999, -22.0565777, 6.3 ], [ 47.987203, -22.0571345, 7.2 ], [ 47.9875115, -22.0577808, 9.5 ], [ 47.9876885, -22.0580394, 10.5 ], [ 47.9881847, -22.0589492, 13.8 ], [ 47.9884824, -22.0594986, 15.8 ], [ 47.9886273, -22.0597298, 17.0 ], [ 47.9888284, -22.0599609, 18.8 ], [ 47.9896089, -22.0605675, 22.2 ], [ 47.9899067, -22.0610249, 23.2 ], [ 47.9901561, -22.0614077, 24.2 ], [ 47.9902446, -22.0617259, 24.0 ], [ 47.9903278, -22.0620217, 23.8 ], [ 47.9902983, -22.0625462, 22.5 ], [ 47.9901481, -22.0631502, 21.2 ], [ 47.9898101, -22.0640203, 18.5 ], [ 47.9895312, -22.064679, 16.0 ], [ 47.9894158, -22.0649176, 15.0 ], [ 47.9892039, -22.0656112, 14.0 ], [ 47.9886514, -22.0670927, 14.6 ], [ 47.9885253, -22.0674755, 14.8 ], [ 47.9884771, -22.0680024, 15.0 ], [ 47.9884529, -22.068169, 15.1 ], [ 47.9886192, -22.0703564, 16.0 ], [ 47.9887828, -22.0723946, 18.8 ], [ 47.9889786, -22.0741793, 19.0 ], [ 47.9891101, -22.0748653, 18.8 ], [ 47.9891986, -22.0751213, 18.8 ], [ 47.9892415, -22.0752456, 18.5 ], [ 47.9893246, -22.0755339, 17.8 ], [ 47.9895338, -22.0757427, 17.6 ], [ 47.9899201, -22.0764163, 17.2 ], [ 47.9900649, -22.0766897, 16.2 ], [ 47.9901239, -22.0769979, 15.0 ], [ 47.9901427, -22.0772987, 14.0 ], [ 47.9900032, -22.0780319, 11.5 ], [ 47.9899871, -22.0781388, 11.0 ], [ 47.9899523, -22.0783724, 10.5 ], [ 47.9899657, -22.0787254, 10.6 ], [ 47.9900166, -22.0789863, 10.7 ], [ 47.9902124, -22.0793169, 10.8 ], [ 47.990309, -22.0795133, 10.9 ], [ 47.9905772, -22.0798985, 11.0 ], [ 47.9907972, -22.0802117, 11.5 ], [ 47.9911298, -22.0804727, 12.5 ], [ 47.9915696, -22.0807187, 12.8 ], [ 47.9924601, -22.0810394, 13.5 ], [ 47.9929349, -22.0811761, 14.8 ], [ 47.9934928, -22.0814122, 14.2 ], [ 47.99393, -22.0818273, 12.5 ], [ 47.9941124, -22.082123, 12.4 ], [ 47.9942411, -22.0825505, 12.2 ], [ 47.994563, -22.0840741, 23.2 ], [ 47.9947025, -22.0848272, 30.5 ], [ 47.9949841, -22.0853466, 35.8 ], [ 47.9952469, -22.0856573, 39.5 ], [ 47.9960087, -22.0866962, 38.2 ], [ 47.996234, -22.0870889, 35.5 ], [ 47.9963091, -22.0871659, 35.0 ], [ 47.9965076, -22.0874244, 34.0 ], [ 47.996572, -22.0876034, 33.8 ], [ 47.9966149, -22.0877674, 33.7 ], [ 47.9966256, -22.0879687, 33.5 ], [ 47.9966256, -22.0880731, 33.0 ], [ 47.9966202, -22.0899147, 31.8 ], [ 47.9966095, -22.0908666, 33.5 ], [ 47.9966176, -22.0910778, 33.7 ], [ 47.9966578, -22.0913984, 34.0 ], [ 47.9968375, -22.0922608, 39.2 ], [ 47.9970682, -22.0931158, 43.8 ], [ 47.997095, -22.0932947, 44.5 ], [ 47.997103, -22.0935432, 45.2 ], [ 47.9969823, -22.0946691, 39.8 ], [ 47.9969743, -22.0948778, 38.5 ], [ 47.9970896, -22.0953475, 36.8 ], [ 47.9972398, -22.0956408, 34.8 ], [ 47.9974812, -22.0959614, 30.0 ], [ 47.9975697, -22.0960981, 27.2 ], [ 47.9976985, -22.0963466, 22.8 ], [ 47.9977924, -22.0965802, 19.8 ], [ 47.9980284, -22.0976115, 13.2 ], [ 47.9981357, -22.0977656, 13.0 ], [ 47.9982188, -22.0978824, 12.5 ], [ 47.9986158, -22.0983198, 13.5 ], [ 47.9987901, -22.0984267, 14.0 ], [ 47.9992086, -22.0986603, 14.2 ], [ 47.9998121, -22.0990032, 12.5 ], [ 48.0008715, -22.0998805, 10.2 ], [ 48.0016038, -22.1003974, 10.5 ], [ 48.002159, -22.1008348, 12.5 ], [ 48.0026069, -22.1011802, 14.5 ], [ 48.0029851, -22.1015505, 14.2 ], [ 48.003189, -22.1018512, 13.2 ], [ 48.0033258, -22.1022314, 12.8 ], [ 48.0033714, -22.1024228, 12.5 ], [ 48.0033901, -22.1025793, 12.6 ], [ 48.0033982, -22.1028825, 12.7 ], [ 48.0033714, -22.1031907, 12.9 ], [ 48.003248, -22.1034963, 13.0 ], [ 48.0031139, -22.1038418, 12.5 ], [ 48.0028081, -22.1045003, 12.8 ], [ 48.002741, -22.104632, 13.0 ], [ 48.0026713, -22.1048134, 12.8 ], [ 48.0025989, -22.1050719, 12.5 ], [ 48.0025721, -22.1052781, 12.8 ], [ 48.0025855, -22.105882, 13.5 ], [ 48.0026928, -22.1061404, 13.2 ], [ 48.002792, -22.106379, 13.0 ], [ 48.0030066, -22.1067269, 13.2 ], [ 48.0031595, -22.1069058, 13.5 ], [ 48.0033767, -22.1070599, 14.2 ], [ 48.0036208, -22.1072016, 14.0 ], [ 48.0040392, -22.1074451, 13.2 ], [ 48.0046722, -22.1078004, 12.2 ], [ 48.0050504, -22.1080539, 11.8 ], [ 48.0053052, -22.108377, 11.5 ], [ 48.0054823, -22.1086776, 11.2 ], [ 48.0055574, -22.1091299, 11.4 ], [ 48.0055279, -22.1099549, 11.8 ], [ 48.0055547, -22.1102258, 11.2 ], [ 48.0055708, -22.1109191, 10.2 ], [ 48.0056217, -22.111185, 10.2 ], [ 48.0060026, -22.112174, 9.9 ], [ 48.0060589, -22.1124573, 9.9 ], [ 48.0061045, -22.113568, 9.6 ], [ 48.0061984, -22.1139358, 9.5 ], [ 48.0063808, -22.1141545, 9.0 ], [ 48.0065954, -22.1143334, 8.2 ], [ 48.0068341, -22.1144899, 7.5 ], [ 48.0072311, -22.1146241, 6.5 ], [ 48.0074161, -22.1146738, 6.7 ], [ 48.0076495, -22.1147359, 7.0 ], [ 48.0081859, -22.1149596, 9.0 ], [ 48.0084085, -22.1149819, 9.8 ], [ 48.008607, -22.1149844, 10.5 ], [ 48.008709, -22.1149869, 10.8 ], [ 48.0088109, -22.1149745, 11.0 ], [ 48.0094975, -22.1147185, 10.7 ], [ 48.0100018, -22.1144874, 10.5 ], [ 48.0103102, -22.1144377, 10.8 ], [ 48.0106616, -22.114393, 11.0 ], [ 48.0110076, -22.1144104, 10.9 ], [ 48.0113107, -22.1144477, 10.8 ], [ 48.0117586, -22.1146316, 11.3 ], [ 48.0120805, -22.1149074, 11.8 ], [ 48.0123299, -22.1150987, 12.2 ], [ 48.0124775, -22.1154491, 12.8 ], [ 48.0126223, -22.1157696, 13.5 ], [ 48.0127591, -22.1162119, 14.5 ], [ 48.0128101, -22.1163461, 14.8 ], [ 48.0129549, -22.116863, 13.7 ], [ 48.0133224, -22.1176432, 12.0 ], [ 48.013427, -22.1177774, 11.5 ], [ 48.0134699, -22.1178768, 11.2 ], [ 48.0134967, -22.1179961, 10.8 ], [ 48.0138293, -22.1187365, 8.8 ], [ 48.0142719, -22.119805, 7.8 ], [ 48.0146876, -22.1206424, 7.6 ], [ 48.0148566, -22.120866, 7.6 ], [ 48.0150148, -22.1210573, 7.5 ], [ 48.0151221, -22.1211468, 7.5 ], [ 48.0151677, -22.1212164, 7.5 ], [ 48.015267, -22.1212462, 7.5 ], [ 48.0159026, -22.1217705, 6.2 ], [ 48.0168387, -22.1224289, 4.8 ], [ 48.0173403, -22.1227594, 4.5 ], [ 48.0176917, -22.1229979, 3.8 ], [ 48.0178741, -22.1231644, 4.4 ], [ 48.0180618, -22.1233234, 5.0 ], [ 48.018145, -22.123465, 5.1 ], [ 48.0181745, -22.1235793, 5.2 ], [ 48.0181664, -22.1236837, 5.5 ], [ 48.0181503, -22.1237607, 5.8 ], [ 48.0181074, -22.1238725, 5.7 ], [ 48.0178767, -22.1243521, 5.5 ], [ 48.0176488, -22.1247347, 5.2 ], [ 48.0174637, -22.1251074, 4.8 ], [ 48.0169326, -22.126238, 3.2 ], [ 48.0166939, -22.1266976, 3.0 ], [ 48.0164954, -22.1271722, 3.8 ], [ 48.0164579, -22.1276443, 3.6 ], [ 48.0165812, -22.1286978, 3.3 ], [ 48.0165866, -22.1289189, 3.3 ], [ 48.0165437, -22.1291773, 3.2 ], [ 48.0164096, -22.1293736, 3.1 ], [ 48.0160233, -22.1297239, 3.0 ], [ 48.0159241, -22.129801, 3.0 ], [ 48.0147949, -22.1305464, 3.2 ], [ 48.0145749, -22.1306905, 4.0 ], [ 48.0140465, -22.1310333, 5.0 ], [ 48.0135557, -22.1338608, 5.8 ], [ 48.013545, -22.1339328, 5.8 ], [ 48.0133063, -22.1351155, 5.8 ], [ 48.0131212, -22.1362211, 5.9 ], [ 48.0129254, -22.137436, 6.0 ], [ 48.0128181, -22.1380248, 4.2 ], [ 48.0127618, -22.1383329, 4.5 ], [ 48.0125016, -22.1398111, 3.5 ], [ 48.0124614, -22.1400646, 3.3 ], [ 48.012405, -22.140385, 3.0 ], [ 48.0122226, -22.1414012, 3.2 ], [ 48.0121422, -22.141913, 3.5 ], [ 48.0119517, -22.1429663, 3.2 ], [ 48.0119061, -22.1432471, 2.8 ], [ 48.0117372, -22.1441216, 3.0 ], [ 48.0116272, -22.144852, 3.8 ], [ 48.0115843, -22.1451153, 4.1 ], [ 48.0114287, -22.1453861, 4.5 ], [ 48.0116916, -22.1457116, 4.8 ], [ 48.0122817, -22.1463699, 4.9 ], [ 48.0130488, -22.147227, 5.0 ], [ 48.013773, -22.1481139, 5.5 ], [ 48.0146098, -22.1490157, 4.0 ], [ 48.0149102, -22.1490703, 2.8 ], [ 48.0151945, -22.1490927, 1.8 ], [ 48.0154467, -22.1490927, 1.0 ], [ 48.0189818, -22.1487722, 0.5 ], [ 48.0192098, -22.1487548, 0.9 ], [ 48.0193734, -22.1487399, 1.2 ], [ 48.0194592, -22.1487325, 1.4 ], [ 48.0206689, -22.1486281, 3.6 ], [ 48.0208701, -22.1486108, 4.0 ], [ 48.0209586, -22.1485983, 4.2 ], [ 48.0211517, -22.1485238, 5.0 ], [ 48.0214655, -22.1485139, 7.0 ], [ 48.0223292, -22.1484393, 8.5 ], [ 48.0222863, -22.1485337, 8.5 ], [ 48.0222767, -22.148551, 8.5 ] ] ] } }
]
}
